Record_ID,Date,Region,Team,Opening_Backlog,Requests_Received,Total_Workload,Requests_Completed,Closing_Backlog,Incident_Count,High_Critical_Incidents,Average_Completion_Days,SLA_Compliance,Quality_Pass_Rate,Customer_Satisfaction,Staff_Utilisation,Completion_Rate
OPS-100001,2026-01-01,Scotland,Workplace Services,9,55,64,34,30,0,0,4.3,0.789,0.951,3.5,0.705,0.531
OPS-100002,2026-01-01,Scotland,Facilities Response,8,51,59,57,2,0,0,2.1,0.995,0.992,4.4,0.71,0.966
OPS-100003,2026-01-01,Scotland,Estates Support,11,62,73,39,34,0,0,4.3,0.719,0.973,3.4,0.786,0.534
OPS-100004,2026-01-01,Scotland,Workplace Projects,12,35,47,46,1,0,0,1.2,0.972,0.996,4.4,0.777,0.979
OPS-100005,2026-01-01,North East,Workplace Services,12,49,61,44,17,0,0,2.9,0.848,0.967,3.9,0.692,0.721
OPS-100006,2026-01-01,North East,Facilities Response,12,26,38,38,0,0,0,1.4,0.95,1.0,4.8,0.706,1.0
OPS-100007,2026-01-01,North East,Estates Support,12,30,42,17,25,0,0,4.0,0.856,0.981,3.4,0.709,0.405
OPS-100008,2026-01-01,North East,Workplace Projects,11,27,38,28,10,0,0,2.2,0.928,0.979,4.5,0.774,0.737
OPS-100009,2026-01-01,North West,Workplace Services,9,42,51,36,15,0,0,2.6,0.86,1.0,4.1,0.779,0.706
OPS-100010,2026-01-01,North West,Facilities Response,6,46,52,27,25,0,0,3.8,0.814,1.0,3.6,0.783,0.519
OPS-100011,2026-01-01,North West,Estates Support,5,44,49,17,32,1,0,3.9,0.725,0.97,3.1,0.667,0.347
OPS-100012,2026-01-01,North West,Workplace Projects,14,36,50,47,3,0,0,2.1,0.957,0.964,4.3,0.723,0.94
OPS-100013,2026-01-01,Midlands,Workplace Services,7,27,34,34,0,0,0,1.9,0.979,0.956,4.8,0.814,1.0
OPS-100014,2026-01-01,Midlands,Facilities Response,9,24,33,32,1,0,0,1.8,0.982,1.0,4.6,0.788,0.97
OPS-100015,2026-01-01,Midlands,Estates Support,9,36,45,30,15,0,0,2.7,0.939,0.972,4.2,0.788,0.667
OPS-100016,2026-01-01, Scotland ,Workplace Projects,3,37,40,40,0,1,0,1.3,0.924,0.996,4.5,0.72,1.0
OPS-100017,2026-01-01,South West,Workplace Services,14,31,45,26,19,0,0,3.0,0.883,1.0,4.0,0.703,0.578
OPS-100018,2026-01-01,South West,Facilities Response,6,38,44,44,0,0,0,1.8,0.951,0.984,4.6,0.689,1.0
OPS-100019,2026-01-01,South West,Estates Support,4,42,46,44,2,0,0,1.9,0.997,0.967,4.5,0.649,0.957
OPS-100020,2026-01-01,South West,Workplace Projects,5,20,25,25,0,0,0,1.5,0.974,0.991,4.6,0.673,1.0
OPS-100021,2026-01-01,South East,Workplace Services,5,52,57,57,0,0,0,1.2,0.985,0.996,4.5,0.669,1.0
OPS-100022,2026-01-01,South East,Facilities Response,13,47,60,22,38,0,0,4.2,0.715,0.969,3.0,0.751,0.367
OPS-100023,2026-01-01,South East,Estates Support,8,25,33,33,0,0,0,1.6,0.979,0.998,5.0,0.695,1.0
OPS-100024,2026-01-01,South East,Workplace Projects,6,38,44,26,18,0,0,3.1,0.854,1.0,4.0,0.719,0.591
OPS-100025,2026-01-01,Wales,Workplace Services,14,42,56,26,30,0,0,4.4,0.756,0.955,4.1,0.771,0.464
OPS-100026,2026-01-01,Wales,Facilities Response,13,28,41,29,12,0,0,2.3,0.879,0.995,4.4,0.706,0.707
OPS-100027,2026-01-01,Wales,Estates Support,8,43,51,26,25,0,0,3.7,0.826,0.969,3.9,0.755,0.51
OPS-100028,2026-01-01,Wales,Workplace Projects,8,20,28,28,0,0,0,1.7,0.976,0.984,4.5,0.74,1.0
OPS-100029,2026-01-02,Scotland,Workplace Services,30,42,72,36,36,0,0,4.2,0.768,1.0,3.0,0.705,0.5
OPS-100030,2026-01-02,Scotland,Facilities Response,2,15,17,17,0,0,0,1.3,0.954,0.985,4.3,0.71,1.0
OPS-100031,2026-01-02,Scotland,Estates Support,34,43,77,40,37,0,0,4.4,0.784,1.0,3.5,0.786,0.519
OPS-100032,2026-01-02,Scotland,Workplace Projects,1,24,25,25,0,0,0,1.3,1.0,0.986,4.5,0.777,1.0
OPS-100033,2026-01-02,North East,Workplace Services,17,51,68,45,23,0,0,2.9,0.839,0.978,3.8,0.692,0.662
OPS-100034,2026-01-02,North East,Facilities Response,0,53,53,53,0,0,0,1.8,1.0,1.0,4.0,0.706,1.0
OPS-100035,2026-01-02,North East,Estates Support,25,30,55,18,37,0,0,4.3,0.779,0.982,3.2,0.709,0.327
OPS-100036,2026-01-02,North East,Workplace Projects,10,30,40,28,12,0,0,2.1,0.897,0.96,3.8,0.774,0.7
OPS-100037,2026-01-02,North West,Workplace Services,15,32,47,36,11,0,0,2.7,0.916,0.978,3.9,0.779,0.766
OPS-100038,2026-01-02,North West,Facilities Response,25,45,70,22,48,0,0,5.0,0.698,0.982,2.9,0.783,0.314
OPS-100039,2026-01-02,North West,Estates Support,32,36,68,19,49,0,0,5.2,0.662,1.0,2.8,0.667,0.279
OPS-100040,2026-01-02,North West,Workplace Projects,3,32,35,35,0,0,0,1.4,0.979,0.992,4.8,0.723,1.0
OPS-100041,2026-01-02,Midlands,Workplace Services,0,24,24,24,0,0,0,1.2,0.927,1.0,4.4,0.814,1.0
OPS-100042,2026-01-02,Midlands,Facilities Response,1,50,51,33,18,0,0,3.0,0.852,0.975,3.9,0.788,0.647
OPS-100043,2026-01-02,Midlands,Estates Support,15,31,46,38,8,0,0,2.3,0.941,1.0,4.0,0.788,0.826
OPS-100044,2026-01-02,Midlands,Workplace Projects,0,25,25,25,0,0,0,2.0,0.948,0.986,4.6,0.72,1.0
OPS-100045,2026-01-02,South West,Workplace Services,19,60,79,29,50,0,0,6.0,0.618,0.975,2.9,0.703,0.367
OPS-100046,2026-01-02,South West,Facilities Response,0,24,24,24,0,1,0,1.8,0.95,0.991,4.3,0.689,1.0
OPS-100047,2026-01-02,South West,Estates Support,2,36,38,38,0,0,0,1.1,0.946,0.981,4.6,0.649,1.0
OPS-100048,2026-01-02,South West,Workplace Projects,0,25,25,25,0,0,0,1.7,1.0,0.983,4.5,0.673,1.0
OPS-100049,2026-01-02,South East,Workplace Services,0,42,42,42,0,0,0,1.5,0.968,1.0,4.6,0.669,1.0
OPS-100050,2026-01-02,South East,Facilities Response,38,56,94,21,73,0,0,6.8,0.6,0.978,2.5,0.751,0.223
OPS-100051,2026-01-02,South East,Estates Support,0,63,63,50,13,1,0,2.8,0.851,0.971,3.9,0.695,0.794
OPS-100052,2026-01-02,South East,Workplace Projects,18,26,44,27,17,1,0,2.3,0.84,0.957,3.9,0.719,0.614
OPS-100053,2026-01-02,Wales,Workplace Services,30,45,75,29,46,0,0,4.7,0.699,0.997,2.6,0.771,0.387
OPS-100054,2026-01-02,Wales,Facilities Response,12,41,53,27,26,0,0,3.2,0.789,0.987,3.4,0.706,0.509
OPS-100055,2026-01-02,Wales,Estates Support,25,41,66,26,40,0,0,4.7,0.72,0.98,3.4,0.755,0.394
OPS-100056,2026-01-02,Wales,Workplace Projects,0,13,13,13,0,0,0,1.5,0.968,0.973,4.5,0.74,1.0
OPS-100057,2026-01-04,Scotland,Workplace Services,36,29,65,34,31,0,0,3.9,0.825,0.974,3.3,0.705,0.523
OPS-100058,2026-01-04,Scotland,Facilities Response,0,28,28,28,0,0,0,1.1,1.0,1.0,4.8,0.71,1.0
OPS-100059,2026-01-04,Scotland,Estates Support,37,43,80,35,45,0,0,5.5,0.72,1.0,3.1,0.786,0.438
OPS-100060,2026-01-04,Scotland,Workplace Projects,0,43,43,37,6,0,0,1.9,0.933,0.991,4.0,0.777,0.86
OPS-100061,2026-01-04,North East,Workplace Services,23,38,61,50,11,0,0,2.6,0.893,0.991,4.1,0.692,0.82
OPS-100062,2026-01-04,North East,Facilities Response,0,39,39,39,0,0,0,1.0,0.936,0.996,4.6,0.706,1.0
OPS-100063,2026-01-04,North East,Estates Support,37,47,84,18,66,0,0,6.0,0.6,0.974,2.5,0.709,0.214
OPS-100064,2026-01-04,North East,Workplace Projects,12,30,42,26,16,1,1,2.2,0.764,0.955,3.9,0.774,0.619
OPS-100065,2026-01-04,North West,Workplace Services,11,45,56,33,23,0,0,3.5,0.827,0.975,3.6,0.779,0.589
OPS-100066,2026-01-04,North West,Facilities Response,48,38,86,28,58,0,0,6.4,0.629,0.986,2.6,0.783,0.326
OPS-100067,2026-01-04,North West,Estates Support,49,36,85,16,69,0,0,6.9,0.6,0.989,2.5,0.667,0.188
OPS-100068,2026-01-04,North West,Workplace Projects,0,30,30,30,0,0,0,1.1,0.985,1.0,4.2,0.723,1.0
OPS-100069,2026-01-04,Midlands,Workplace Services,0,54,54,42,12,0,0,2.8,0.909,0.982,4.4,0.814,0.778
OPS-100070,2026-01-04,Midlands,Facilities Response,18,52,70,26,44,1,0,5.1,0.651,0.985,2.9,0.788,0.371
OPS-100071,2026-01-04,Midlands,Estates Support,8,26,34,34,0,0,0,1.5,0.964,0.994,4.7,0.788,1.0
OPS-100072,2026-01-04,Midlands,Workplace Projects,0,21,21,21,0,0,0,1.4,0.944,1.0,4.5,0.72,1.0
OPS-100073,2026-01-04,South West,Workplace Services,50,29,79,23,56,1,0,5.8,0.636,0.969,2.7,0.703,0.291
OPS-100074,2026-01-04,South West,Facilities Response,0,26,26,26,0,0,0,1.9,0.997,0.999,4.7,0.689,1.0
OPS-100075,2026-01-04,South West,Estates Support,0,50,50,50,0,0,0,1.6,0.966,1.0,4.1,0.649,1.0
OPS-100076,2026-01-04,South West,Workplace Projects,0,45,45,45,0,0,0,1.4,1.0,0.97,4.2,0.673,1.0
OPS-100077,2026-01-04,South East,Workplace Services,0,52,52,52,0,0,0,1.1,0.971,0.993,4.6,0.669,1.0
OPS-100078,2026-01-04,South East,Facilities Response,73,42,115,18,97,0,0,8.0,0.6,0.996,2.5,0.751,0.157
OPS-100079,2026-01-04,South East,Estates Support,13,55,68,51,17,0,0,2.8,0.868,0.995,3.8,0.695,0.75
OPS-100080,2026-01-04,South East,Workplace Projects,17,40,57,21,36,0,0,4.1,0.748,1.0,3.2,0.719,0.368
OPS-100081,2026-01-04,Wales,Workplace Services,46,43,89,23,66,0,0,6.2,0.6,1.0,2.8,0.771,0.258
OPS-100082,2026-01-04,Wales,Facilities Response,26,26,52,31,21,0,0,2.8,0.849,0.971,4.1,0.706,0.596
OPS-100083,2026-01-04,Wales,Estates Support,40,29,69,34,35,0,0,4.5,0.768,1.0,3.4,0.755,0.493
OPS-100084,2026-01-04,Wales,Workplace Projects,0,11,11,11,0,0,0,1.0,0.939,0.979,4.5,0.74,1.0
OPS-100085,2026-01-05,Scotland,Workplace Services,31,36,67,33,34,0,0,3.7,0.759,0.996,3.4,0.705,0.493
OPS-100086,2026-01-05,Scotland,Facilities Response,0,53,53,53,0,0,0,1.5,0.949,0.987,4.5,0.71,1.0
OPS-100087,2026-01-05,Scotland,Estates Support,45,47,92,41,51,0,0,5.3,0.627,0.988,2.9,0.786,0.446
OPS-100088,2026-01-05,Scotland,Workplace Projects,6,32,38,38,0,1,0,2.0,0.932,0.962,4.7,0.777,1.0
OPS-100089,2026-01-05,North East,Workplace Services,11,42,53,38,15,0,0,2.5,0.88,0.978,4.1,0.692,0.717
OPS-100090,2026-01-05,North East,Facilities Response,0,43,43,43,0,0,0,1.6,1.0,0.989,4.8,0.706,1.0
OPS-100091,2026-01-05,North East,Estates Support,66,68,134,20,114,0,0,8.0,0.6,0.978,2.5,0.709,0.149
OPS-100092,2026-01-05,North East,Workplace Projects,16,22,38,31,7,0,0,2.5,0.921,1.0,4.1,0.774,0.816
OPS-100093,2026-01-05,North West,Workplace Services,23,49,72,36,36,0,0,4.9,0.78,0.974,3.1,0.779,0.5
OPS-100094,2026-01-05,North West,Facilities Response,58,40,98,28,70,0,0,7.1,0.6,0.979,2.5,0.783,0.286
OPS-100095,2026-01-05,North West,Estates Support,69,54,123,19,104,0,0,8.0,0.6,0.981,2.5,0.667,0.154
OPS-100096,2026-01-05,North West,Workplace Projects,0,24,24,24,0,0,0,1.7,0.99,0.995,4.4,0.723,1.0
OPS-100097,2026-01-05,Midlands,Workplace Services,12,35,47,47,0,0,0,1.3,0.953,0.999,4.6,0.814,1.0
OPS-100098,2026-01-05,Midlands,Facilities Response,44,37,81,34,47,0,0,5.6,0.688,0.988,3.1,0.788,0.42
OPS-100099,2026-01-05,Midlands,Estates Support,0,40,40,35,5,0,0,1.8,0.941,0.976,4.4,0.788,0.875
OPS-100100,2026-01-05,Midlands,Workplace Projects,0,32,32,32,0,0,0,1.3,0.944,0.975,5.0,0.72,1.0
OPS-100101,2026-01-05,South West,Workplace Services,56,34,90,28,62,0,0,6.6,0.61,0.966,2.5,0.703,0.311
OPS-100102,2026-01-05,South West,Facilities Response,0,55,55,46,9,1,0,2.3,0.922,0.998,4.2,0.689,0.836
OPS-100103,2026-01-05,South West,Estates Support,0,48,48,48,0,0,0,1.2,0.951,0.996,4.6,0.649,1.0
OPS-100104,2026-01-05,South West,Workplace Projects,0,30,30,30,0,1,0,1.1,0.946,0.975,4.4,0.673,1.0
OPS-100105,2026-01-05,South East,Workplace Services,0,51,51,50,1,0,0,1.5,0.967,0.989,4.6,0.669,0.98
OPS-100106,2026-01-05,South East,Facilities Response,97,50,147,20,127,1,0,8.0,0.6,0.996,2.5,0.751,0.136
OPS-100107,2026-01-05,South East,Estates Support,17,49,66,44,22,0,0,3.3,0.795,1.0,3.7,0.695,0.667
OPS-100108,2026-01-05,South East,Workplace Projects,36,35,71,21,50,1,0,5.4,0.666,0.983,2.7,0.719,0.296
OPS-100109,2026-01-05,Wales,Workplace Services,66,31,97,24,73,0,0,7.1,0.6,1.0,2.5,0.771,0.247
OPS-100110,2026-01-05,Wales,Facilities Response,21,48,69,25,44,0,0,5.1,0.731,0.985,3.2,0.706,0.362
OPS-100111,2026-01-05,Wales,Estates Support,35,62,97,27,70,0,0,6.9,0.6,1.0,2.5,0.755,0.278
OPS-100112,2026-01-05,Wales,Workplace Projects,0,24,24,24,0,0,0,1.8,0.961,1.0,4.3,0.74,1.0
OPS-100113,2026-01-06,Scotland,Workplace Services,34,41,75,40,35,0,0,4.6,0.787,0.99,3.3,0.705,0.533
OPS-100114,2026-01-06,Scotland,Facilities Response,0,44,44,44,0,0,0,1.8,0.963,0.968,4.8,0.71,1.0
OPS-100115,2026-01-06,Scotland,Estates Support,51,31,82,31,51,0,0,5.7,0.693,0.944,2.7,0.786,0.378
OPS-100116,2026-01-06,Scotland,Workplace Projects,0,32,32,32,0,0,0,1.4,0.955,0.986,4.6,0.777,1.0
OPS-100117,2026-01-06,North East,Workplace Services,15,30,45,45,0,0,0,0.8,0.932,0.974,4.6,0.692,1.0
OPS-100118,2026-01-06,North East,Facilities Response,0,37,37,37,0,0,0,1.0,0.937,0.985,4.6,0.706,1.0
OPS-100119,2026-01-06,North East,Estates Support,114,42,156,21,135,0,0,8.0,0.6,0.959,2.5,0.709,0.135
OPS-100120,2026-01-06,North East,Workplace Projects,7,30,37,28,9,0,0,2.5,0.862,0.991,4.1,0.774,0.757
OPS-100121,2026-01-06,North West,Facilities  Response,36,37,73,32,41,0,0,5.0,0.725,0.997,3.1,0.779,0.438
OPS-100122,2026-01-06,North West,Facilities Response,70,43,113,23,90,0,0,8.0,0.6,1.0,2.5,0.783,0.204
OPS-100123,2026-01-06,North West,Estates Support,104,49,153,20,133,1,0,8.0,0.6,0.988,2.5,0.667,0.131
OPS-100124,2026-01-06,North West,Workplace Projects,0,28,28,28,0,0,0,1.4,0.967,0.999,4.5,0.723,1.0
OPS-100125,2026-01-06,Midlands,Workplace Services,0,45,45,43,2,0,0,1.8,0.945,0.962,4.5,0.814,0.956
OPS-100126,2026-01-06,Midlands,Facilities Response,47,42,89,32,57,0,0,6.0,0.626,0.995,2.6,0.788,0.36
OPS-100127,2026-01-06,Midlands,Estates Support,5,42,47,37,10,0,0,2.5,0.922,0.971,4.2,0.788,0.787
OPS-100128,2026-01-06,Midlands,Workplace Projects,0,21,21,21,0,1,1,2.0,0.866,0.987,4.4,0.72,1.0
OPS-100129,2026-01-06,South West,Workplace Services,62,50,112,30,82,0,0,8.0,0.6,0.99,2.5,0.703,0.268
OPS-100130,2026-01-06,South West,Facilities Response,9,14,23,23,0,0,0,1.2,0.953,0.967,4.5,0.689,1.0
OPS-100131,2026-01-06,South West,Estates Support,0,44,44,43,1,0,0,1.5,0.963,0.975,4.5,0.649,0.977
OPS-100132,2026-01-06,South West,Workplace Projects,0,28,28,28,0,0,0,1.5,0.96,0.956,4.5,0.673,1.0
OPS-100133,2026-01-06,South East,Workplace Services,1,74,75,50,25,0,0,3.6,0.823,0.984,3.5,0.669,0.667
OPS-100134,2026-01-06,South East,Facilities Response,127,40,167,20,147,0,0,8.0,0.6,0.973,2.5,0.751,0.12
OPS-100135,2026-01-06,South East,Estates Support,22,63,85,50,35,0,0,4.0,0.774,0.987,3.3,0.695,0.588
OPS-100136,2026-01-06,South East,Workplace Projects,50,22,72,27,45,0,0,5.1,0.724,0.973,3.0,0.719,0.375
OPS-100137,2026-01-06,Wales,Workplace Services,73,51,124,27,97,0,0,8.0,0.6,0.988,2.5,0.771,0.218
OPS-100138,2026-01-06,Wales,Facilities Response,44,55,99,25,74,0,0,7.4,0.6,0.998,2.5,0.706,0.253
OPS-100139,2026-01-06,Wales,Estates Support,70,42,112,27,85,0,0,8.0,0.6,0.99,2.5,0.755,0.241
OPS-100140,2026-01-06,Wales,Workplace Projects,0,28,28,28,0,0,0,1.1,0.94,1.0,4.4,0.74,1.0
OPS-100141,2026-01-07,Scotland,Workplace Services,35,51,86,41,45,0,0,5.0,0.701,0.991,2.9,0.705,0.477
OPS-100142,2026-01-07,Scotland,Facilities Response,0,59,59,59,0,0,0,1.1,0.911,0.975,4.7,0.71,1.0
OPS-100143,2026-01-07,Scotland,Estates Support,51,50,101,41,60,0,0,6.0,0.614,0.988,2.5,0.786,0.406
OPS-100144,2026-01-07,Scotland,Workplace Projects,0,34,34,34,0,0,0,1.7,0.975,1.0,4.6,0.777,1.0
OPS-100145,2026-01-07,North East,Workplace Services,0,12,12,12,0,0,0,1.4,1.0,0.983,4.5,0.692,1.0
OPS-100146,2026-01-07,North East,Facilities Response,0,37,37,37,0,0,0,0.8,0.968,0.993,4.4,0.706,1.0
OPS-100147,2026-01-07,North East,Estates Support,135,40,175,18,157,0,0,8.0,0.6,0.961,2.5,0.709,0.103
OPS-100148,2026-01-07,North East,Workplace Projects,9,35,44,28,16,0,0,2.5,0.881,0.98,4.1,0.774,0.636
OPS-100149,2026-01-07,North West,Workplace Services,41,42,83,36,47,0,0,4.9,0.637,0.984,3.0,0.779,0.434
OPS-100150,2026-01-07,North West,Facilities Response,90,36,126,25,101,0,0,8.0,0.6,0.986,2.5,0.783,0.198
OPS-100151,2026-01-07,North West,Estates Support,133,40,173,19,154,0,0,8.0,0.6,0.965,2.5,0.667,0.11
OPS-100152,2026-01-07,North West,Workplace Projects,0,28,28,28,0,0,0,1.2,0.97,1.0,4.4,0.723,1.0
OPS-100153,2026-01-07,Midlands,Workplace Services,2,31,33,33,0,0,0,1.4,0.94,0.974,4.6,0.814,1.0
OPS-100154,2026-01-07,Midlands,Facilities Response,57,40,97,35,62,0,0,6.5,0.6,0.969,2.5,0.788,0.361
OPS-100155,2026-01-07,Midlands,Estates Support,10,33,43,29,14,0,0,2.2,0.913,0.985,3.8,0.788,0.674
OPS-100156,2026-01-07,Midlands,Workplace Projects,0,20,20,20,0,0,0,2.4,0.949,1.0,4.2,0.72,1.0
OPS-100157,2026-01-07,South West,Workplace Services,82,36,118,24,94,0,0,8.0,0.6,1.0,2.5,0.703,0.203
OPS-100158,2026-01-07,South West,Facilities Response,0,56,56,48,8,1,0,1.9,0.943,0.949,4.0,0.689,0.857
OPS-100159,2026-01-07,South West,Estates Support,1,45,46,46,0,0,0,1.2,0.998,0.978,4.7,0.649,1.0
OPS-100160,2026-01-07,South West,Workplace Projects,0,36,36,36,0,1,0,1.3,0.975,0.982,4.3,0.673,1.0
OPS-100161,2026-01-07,South East,Workplace Services,25,68,93,50,43,0,0,5.3,0.712,0.963,3.2,0.669,0.538
OPS-100162,2026-01-07,South East,Facilities Response,147,37,184,17,167,0,0,8.0,0.6,1.0,2.5,0.751,0.092
OPS-100163,2026-01-07,South East,Estates Support,35,58,93,57,36,0,0,4.5,0.772,0.985,3.1,0.695,0.613
OPS-100164,2026-01-07,South East,Workplace Projects,45,16,61,25,36,0,0,4.3,0.767,1.0,3.5,0.719,0.41
OPS-100165,2026-01-07,Wales,Workplace Services,97,28,125,27,98,0,0,8.0,0.6,0.988,2.5,0.771,0.216
OPS-100166,2026-01-07,Wales,Facilities Response,74,29,103,26,77,0,0,8.0,0.6,0.978,2.5,0.706,0.252
OPS-100167,2026-01-07,Wales,Estates Support,85,32,117,28,89,0,0,8.0,0.6,0.974,2.5,0.755,0.239
OPS-100168,2026-01-07,Wales,Workplace Projects,0,26,26,26,0,0,0,1.3,0.976,1.0,4.1,0.74,1.0
OPS-100169,2026-01-08,Scotland,Workplace Services,45,28,73,30,43,1,1,5.2,0.623,0.975,2.9,0.705,0.411
OPS-100170,2026-01-08,Scotland,Facilities Response,0,40,40,40,0,1,0,2.0,0.933,0.991,4.5,0.71,1.0
OPS-100171,2026-01-08,Scotland,Estates Support,60,53,113,42,71,0,0,6.9,0.6,0.995,2.5,0.786,0.372
OPS-100172,2026-01-08,Scotland,Workplace Projects,0,17,17,17,0,0,0,1.3,0.965,1.0,4.5,0.777,1.0
OPS-100173,2026-01-08,North East,Workplace Services,0,22,22,22,0,0,0,1.9,0.958,0.967,4.6,0.692,1.0
OPS-100174,2026-01-08,North East,Facilities Response,0,40,40,40,0,0,0,1.7,0.967,0.975,4.4,0.706,1.0
OPS-100175,2026-01-08,North East,Estates Support,157,41,198,19,179,0,0,8.0,0.6,0.968,2.5,0.709,0.096
OPS-100176,2026-01-08,North East,Workplace Projects,16,33,49,29,20,0,0,3.0,0.878,0.964,3.9,0.774,0.592
OPS-100177,2026-01-08,North West,Workplace Services,47,54,101,38,63,0,0,6.5,0.6,0.99,2.5,0.779,0.376
OPS-100178,2026-01-08,North West,Facilities Response,101,29,130,27,103,0,0,8.0,0.6,0.99,2.5,0.783,0.208
OPS-100179,2026-01-08,North West,Estates Support,154,27,181,20,161,0,0,8.0,0.6,0.985,2.5,0.667,0.11
OPS-100180,2026-01-08,North West,Workplace Projects,0,30,30,30,0,0,0,1.2,0.933,0.986,4.8,0.723,1.0
OPS-100181,2026-01-08,Midlands,Workplace Services,0,48,48,48,0,0,0,1.5,0.962,0.958,4.4,0.814,1.0
OPS-100182,2026-01-08,Midlands,Facilities Response,62,48,110,30,80,1,1,8.0,0.6,0.976,2.5,0.788,0.273
OPS-100183,2026-01-08,Midlands,Estates Support,14,46,60,29,31,0,0,4.0,0.754,0.982,3.6,0.788,0.483
OPS-100184,2026-01-08,Midlands,Workplace Projects,0,24,24,24,0,0,0,1.8,0.997,0.951,4.5,0.72,1.0
OPS-100185,2026-01-08,South West,Workplace Services,94,34,128,28,100,1,0,8.0,0.6,1.0,2.5,0.703,0.219
OPS-100186,2026-01-08,South West,Facilities Response,8,58,66,57,9,0,0,2.8,0.909,0.971,4.5,0.689,0.864
OPS-100187,2026-01-08,South West,Estates Support,0,47,47,47,0,0,0,1.0,0.928,0.996,4.3,0.649,1.0
OPS-100188,2026-01-08,South West,Workplace Projects,0,32,32,32,0,0,0,1.4,0.993,0.997,4.7,0.673,1.0
OPS-100189,2026-01-08,South East,Workplace Services,43,44,87,55,32,0,0,4.0,0.8,1.0,3.7,0.669,0.632
OPS-100190,2026-01-08,South East,Facilities Response,167,62,229,17,212,0,0,8.0,0.6,0.995,2.5,0.751,0.074
OPS-100191,2026-01-08,South East,Estates Support,36,47,83,53,30,0,0,4.3,0.77,1.0,3.5,0.695,0.639
OPS-100192,2026-01-08,South East,Workplace Projects,36,42,78,27,51,1,0,5.0,0.622,0.97,2.7,0.719,0.346
OPS-100193,2026-01-08,Wales,Workplace Services,98,38,136,25,111,0,0,8.0,0.6,1.0,2.5,0.771,0.184
OPS-100194,2026-01-08,Wales,Facilities Response,77,36,113,25,88,0,0,8.0,0.6,0.955,2.5,0.706,0.221
OPS-100195,2026-01-08,Wales,Estates Support,89,30,119,32,87,0,0,8.0,0.6,0.965,2.5,0.755,0.269
OPS-100196,2026-01-08,Wales,Workplace Projects,0,17,17,17,0,0,0,1.6,0.968,0.973,4.5,0.74,1.0
OPS-100197,2026-01-09,Scotland,Workplace Services,43,40,83,37,46,0,0,5.3,0.71,0.986,3.0,0.705,0.446
OPS-100198,2026-01-09,Scotland,Facilities Response,0,38,38,38,0,0,0,0.7,0.979,0.98,4.6,0.71,1.0
OPS-100199,2026-01-09,Scotland,Estates Support,71,60,131,40,91,0,0,8.0,0.6,0.984,2.5,0.786,0.305
OPS-100200,2026-01-09,Scotland,Workplace Projects,0,25,25,25,0,0,0,1.6,0.989,0.982,4.5,0.777,1.0
OPS-100201,2026-01-09,North East,Workplace Services,0,33,33,33,0,0,0,1.7,0.984,0.979,4.5,0.692,1.0
OPS-100202,2026-01-09,North East,Facilities Response,0,20,20,20,0,0,0,1.4,0.975,0.962,4.4,0.706,1.0
OPS-100203,2026-01-09,North East,Estates Support,179,34,213,19,194,0,0,8.0,0.6,0.963,2.5,0.709,0.089
OPS-100204,2026-01-09,North East,Workplace Projects,20,34,54,29,25,0,0,3.7,0.854,0.995,3.7,0.774,0.537
OPS-100205,2026-01-09,North West,Workplace Services,63,55,118,35,83,1,0,8.0,0.6,0.963,2.5,0.779,0.297
OPS-100206,2026-01-09,North West,Facilities Response,103,36,139,22,117,0,0,8.0,0.6,1.0,2.5,0.783,0.158
OPS-100207,2026-01-09,North West,Estates Support,161,59,220,20,200,0,0,8.0,0.6,1.0,2.5,0.667,0.091
OPS-100208,2026-01-09,North West,Workplace Projects,0,23,23,23,0,0,0,2.2,0.938,0.966,4.6,0.723,1.0
OPS-100209,2026-01-09,Midlands,Workplace Services,0,56,56,54,2,0,0,1.8,0.93,1.0,4.6,0.814,0.964
OPS-100210,2026-01-09,Midlands,Facilities Response,80,25,105,33,72,1,0,6.8,0.6,0.98,2.5,0.788,0.314
OPS-100211,2026-01-09,Midlands,Estates Support,31,33,64,32,32,0,0,4.5,0.739,0.977,3.2,0.788,0.5
OPS-100212,2026-01-09,Midlands,Workplace Projects,0,26,26,26,0,0,0,1.2,0.99,0.997,4.3,0.72,1.0
OPS-100213,2026-01-09,South West,Workplace Services,100,53,153,30,123,0,0,8.0,0.6,0.988,2.5,0.703,0.196
OPS-100214,2026-01-09,South West,Facilities Response,9,39,48,48,0,0,0,1.6,0.958,0.984,4.5,0.689,1.0
OPS-100215,2026-01-09,South West,Estates Support,0,41,41,41,0,0,0,1.4,1.0,0.989,4.5,0.649,1.0
OPS-100216,2026-01-09,South West,Workplace Projects,0,35,35,35,0,0,0,1.1,0.975,0.972,4.7,0.673,1.0
OPS-100217,2026-01-09,South East,Workplace Services,32,53,85,57,28,0,0,4.1,0.842,0.998,3.2,0.669,0.671
OPS-100218,2026-01-09,South East,Facilities Response,212,47,259,21,238,1,0,8.0,0.6,0.979,2.5,0.751,0.081
OPS-100219,2026-01-09,South East,Estates Support,30,55,85,60,25,0,0,4.0,0.764,0.956,4.1,0.695,0.706
OPS-100220,2026-01-09,South East,Workplace Projects,51,35,86,22,64,0,0,6.7,0.6,0.99,2.5,0.719,0.256
OPS-100221,2026-01-09,Wales,Workplace Services,111,43,154,24,130,0,0,8.0,0.6,0.964,2.5,0.771,0.156
OPS-100222,2026-01-09,Wales,Facilities Response,88,31,119,29,90,1,0,8.0,0.6,0.987,2.5,0.706,0.244
OPS-100223,2026-01-09,Wales,Estates Support,87,41,128,28,100,0,0,8.0,0.6,0.964,2.5,0.755,0.219
OPS-100224,2026-01-09,Wales,Workplace Projects,0,17,17,17,0,0,0,1.1,0.998,1.0,4.5,0.74,1.0
OPS-100225,2026-01-11,Scotland,Workplace Services,46,58,104,43,61,0,0,6.5,0.6,0.97,2.5,0.705,0.413
OPS-100226,2026-01-11,Scotland,Facilities Response,0,41,41,41,0,0,0,1.5,0.992,0.992,4.4,0.71,1.0
OPS-100227,2026-01-11,Scotland,Estates Support,91,31,122,38,84,0,0,8.0,0.6,0.969,2.5,0.786,0.311
OPS-100228,2026-01-11,Scotland,Workplace Projects,0,29,29,29,0,0,0,1.9,0.977,1.0,4.3,0.777,1.0
OPS-100229,2026-01-11,North East,Workplace Services,0,48,48,48,0,0,0,1.0,0.986,0.981,4.6,0.692,1.0
OPS-100230,2026-01-11,North East,Facilities Response,0,36,36,36,0,1,0,1.3,0.957,0.986,4.2,0.706,1.0
OPS-100231,2026-01-11,North East,Estates Support,194,28,222,19,203,0,0,8.0,0.6,1.0,2.5,0.709,0.086
OPS-100232,2026-01-11,North East,Workplace Projects,25,35,60,24,36,0,0,4.4,0.723,0.982,3.7,0.774,0.4
OPS-100233,2026-01-11,North West,Workplace Services,83,46,129,30,99,0,0,8.0,0.6,0.989,2.5,0.779,0.233
OPS-100234,2026-01-11,North West,Facilities Response,117,74,191,26,165,0,0,8.0,0.6,1.0,2.5,0.783,0.136
OPS-100235,2026-01-11,North West,Estates Support,200,42,242,16,226,0,0,8.0,0.6,0.974,2.5,0.667,0.066
OPS-100236,2026-01-11,North West,Workplace Projects,0,29,29,29,0,1,1,2.2,0.878,0.921,4.6,0.723,1.0
OPS-100237,2026-01-11,Midlands,Workplace Services,2,30,32,32,0,0,0,1.2,0.966,0.946,4.4,0.814,1.0
OPS-100238,2026-01-11,Midlands,Facilities Response,72,44,116,31,85,0,0,8.0,0.6,0.978,2.5,0.788,0.267
OPS-100239,2026-01-11,Midlands,Estates Support,32,44,76,30,46,0,0,5.0,0.711,0.971,3.1,0.788,0.395
OPS-100240,2026-01-11,Midlands,Workplace Projects,0,31,31,31,0,0,0,1.5,0.955,0.975,4.5,0.72,1.0
OPS-100241,2026-01-11,South West,Workplace Services,123,39,162,26,136,0,0,8.0,0.6,0.948,2.5,0.703,0.16
OPS-100242,2026-01-11,South West,Facilities Response,0,31,31,31,0,1,0,1.3,0.958,1.0,4.3,0.689,1.0
OPS-100243,2026-01-11,South West,Estates Support,0,53,53,53,0,0,0,1.5,0.986,1.0,4.3,0.649,1.0
OPS-100244,2026-01-11,South West,Workplace Projects,0,32,32,32,0,0,0,1.2,0.958,0.989,4.7,0.673,1.0
OPS-100245,2026-01-11,South East,Workplace Services,28,46,74,47,27,0,0,3.9,0.797,0.993,3.5,0.669,0.635
OPS-100246,2026-01-11,South East,Facilities Response,238,65,303,17,286,0,0,8.0,0.6,0.957,2.5,0.751,0.056
OPS-100247,2026-01-11,South East,Estates Support,25,37,62,48,14,1,0,2.9,0.853,0.948,4.1,0.695,0.774
OPS-100248,2026-01-11,South East,Workplace Projects,64,46,110,25,85,0,0,8.0,0.6,0.998,2.5,0.719,0.227
OPS-100249,2026-01-11,Wales,Workplace Services,130,36,166,25,141,0,0,8.0,0.6,0.973,2.5,0.771,0.151
OPS-100250,2026-01-11,Wales,Facilities Response,90,35,125,26,99,0,0,8.0,0.6,0.984,2.5,0.706,0.208
OPS-100251,2026-01-11,Wales,Estates Support,100,25,125,34,91,0,0,8.0,0.6,1.0,2.5,0.755,0.272
OPS-100252,2026-01-11,Wales,Workplace Projects,0,14,14,14,0,1,0,1.4,0.893,0.997,4.2,0.74,1.0
OPS-100253,2026-01-12,Scotland,Workplace Services,61,37,98,38,60,0,0,6.2,0.627,0.982,2.5,0.705,0.388
OPS-100254,2026-01-12,Scotland,Facilities Response,0,42,42,42,0,0,0,1.9,0.988,0.997,4.1,0.71,1.0
OPS-100255,2026-01-12,Scotland,Estates Support,84,43,127,34,93,0,0,8.0,0.6,0.987,2.5,0.786,0.268
OPS-100256,2026-01-12,Scotland,Workplace Projects,0,30,30,30,0,0,0,1.0,0.953,0.976,4.5,0.777,1.0
OPS-100257,2026-01-12,North East,Workplace Services,0,29,29,29,0,0,0,1.7,0.959,0.994,4.4,0.692,1.0
OPS-100258,2026-01-12,North East,Facilities Response,0,32,32,32,0,0,0,1.9,0.968,0.994,4.1,0.706,1.0
OPS-100259,2026-01-12,North East,Estates Support,203,38,241,18,223,0,0,8.0,0.6,0.993,2.5,0.709,0.075
OPS-100260,2026-01-12,North East,Workplace Projects,36,24,60,25,35,0,0,4.5,0.731,0.939,3.1,0.774,0.417
OPS-100261,2026-01-12,North West,Workplace Services,99,46,145,31,114,0,0,8.0,0.6,1.0,2.5,0.779,0.214
OPS-100262,2026-01-12,North West,Facilities Response,165,49,214,23,191,0,0,8.0,0.6,1.0,2.5,0.783,0.107
OPS-100263,2026-01-12,North West,Estates Support,226,44,270,19,251,0,0,8.0,0.6,1.0,2.5,0.667,0.07
OPS-100264,2026-01-12,North West,Workplace Projects,0,30,30,30,0,0,0,1.3,0.943,0.994,4.8,0.723,1.0
OPS-100265,2026-01-12,Midlands,Workplace Services,0,47,47,44,3,0,0,1.7,0.992,0.985,4.7,0.814,0.936
OPS-100266,2026-01-12,Midlands,Facilities Response,85,34,119,32,87,1,1,8.0,0.6,0.912,2.5,0.788,0.269
OPS-100267,2026-01-12,Midlands,Estates Support,46,48,94,37,57,0,0,5.9,0.636,0.975,2.5,0.788,0.394
OPS-100268,2026-01-12,Midlands,Workplace Projects,0,23,23,23,0,1,0,1.6,0.973,0.988,4.4,0.72,1.0
OPS-100269,2026-01-12,South West,Workplace Services,136,42,178,31,147,0,0,8.0,0.6,0.976,2.5,0.703,0.174
OPS-100270,2026-01-12,South West,Facilities Response,0,42,42,42,0,0,0,1.7,0.981,0.945,4.8,0.689,1.0
OPS-100271,2026-01-12,South West,Estates Support,0,39,39,39,0,0,0,1.5,1.0,0.975,5.0,0.649,1.0
OPS-100272,2026-01-12,South West,Workplace Projects,0,23,23,23,0,0,0,1.5,0.978,0.969,4.6,0.673,1.0
OPS-100273,2026-01-12,South East,Workplace Services,27,67,94,51,43,0,0,4.4,0.681,0.989,3.1,0.669,0.543
OPS-100274,2026-01-12,South East,Facilities Response,286,54,340,16,324,0,0,8.0,0.6,0.975,2.5,0.751,0.047
OPS-100275,2026-01-12,South East,Estates Support,14,42,56,50,6,0,0,1.6,0.931,0.986,4.3,0.695,0.893
OPS-100276,2026-01-12,South East,Workplace Projects,85,38,123,23,100,0,0,8.0,0.6,0.962,2.5,0.719,0.187
OPS-100277,2026-01-12,Wales,Workplace Services,141,59,200,28,172,0,0,8.0,0.6,0.974,2.5,0.771,0.14
OPS-100278,2026-01-12,Wales,Facilities Response,99,36,135,27,108,0,0,8.0,0.6,0.96,2.5,0.706,0.2
OPS-100279,2026-01-12,Wales,Estates Support,91,28,119,32,87,0,0,8.0,0.6,0.989,2.5,0.755,0.269
OPS-100280,2026-01-12,Wales,Workplace Projects,0,36,36,36,0,0,0,0.8,0.964,0.996,4.5,0.74,1.0
OPS-100281,2026-01-13,Scotland,Workplace Services,60,31,91,42,49,1,0,5.6,0.637,1.0,2.5,0.705,0.462
OPS-100282,2026-01-13,Scotland,Facilities Response,0,34,34,34,0,1,0,1.4,0.93,1.0,4.6,0.71,1.0
OPS-100283,2026-01-13,Scotland,Estates Support,93,46,139,35,104,0,0,8.0,0.6,0.989,2.5,0.786,0.252
OPS-100284,2026-01-13,Scotland,Workplace Projects,0,25,25,25,0,0,0,1.4,0.973,0.929,4.5,0.777,1.0
OPS-100285,2026-01-13,North East,Workplace Services,0,39,39,39,0,0,0,1.3,0.995,0.971,4.7,0.692,1.0
OPS-100286,2026-01-13,North East,Facilities Response,0,33,33,33,0,0,0,1.5,1.0,1.0,4.6,0.706,1.0
OPS-100287,2026-01-13,North East,Estates Support,223,45,268,20,248,0,0,8.0,0.6,0.973,2.5,0.709,0.075
OPS-100288,2026-01-13,North East,Workplace Projects,35,28,63,30,33,2,0,5.0,0.707,0.982,3.2,0.774,0.476
OPS-100289,2026-01-13,North West,Workplace Services,114,38,152,28,124,1,0,8.0,0.6,0.953,2.5,0.779,0.184
OPS-100290,2026-01-13,North West,Facilities Response,191,36,227,21,206,0,0,8.0,0.6,1.0,2.5,0.783,0.093
OPS-100291,2026-01-13,North West,Estates Support,251,24,275,20,255,0,0,8.0,0.6,0.951,2.5,0.667,0.073
OPS-100292,2026-01-13,North West,Workplace Projects,0,26,26,26,0,1,1,1.8,0.856,0.96,4.3,0.723,1.0
OPS-100293,2026-01-13,Midlands,Workplace Services,3,31,34,34,0,0,0,1.4,0.938,0.938,4.6,0.814,1.0
OPS-100294,2026-01-13,Midlands,Facilities Response,87,47,134,28,106,0,0,8.0,0.6,0.998,2.5,0.788,0.209
OPS-100295,2026-01-13,Midlands,Estates Support,57,42,99,38,61,0,0,6.9,0.6,0.977,2.5,0.788,0.384
OPS-100296,2026-01-13,Midlands,Workplace Projects,0,29,29,29,0,0,0,0.9,0.981,0.967,4.6,0.72,1.0
OPS-100297,2026-01-13,South West,Workplace Services,147,26,173,25,148,0,0,8.0,0.6,0.991,2.5,0.703,0.145
OPS-100298,2026-01-13,South West,Facilities Response,0,46,46,46,0,0,0,1.9,0.931,0.967,4.5,0.689,1.0
OPS-100299,2026-01-13,South West,Estates Support,0,63,63,43,20,0,0,3.3,0.855,0.985,3.8,0.649,0.683
OPS-100300,2026-01-13,South West,Workplace Projects,0,35,35,35,0,0,0,1.2,0.957,1.0,4.4,0.673,1.0
OPS-100301,2026-01-13,South East,Workplace Services,43,54,97,60,37,0,0,4.1,0.732,0.984,2.9,0.669,0.619
OPS-100302,2026-01-13,South East,Facilities Response,324,39,363,17,346,0,0,8.0,0.6,1.0,2.5,0.751,0.047
OPS-100303,2026-01-13,South East,Estates Support,6,47,53,50,3,0,0,1.5,0.88,0.98,4.3,0.695,0.943
OPS-100304,2026-01-13,South East,Workplace Projects,100,46,146,23,123,0,0,8.0,0.6,0.998,2.5,0.719,0.158
OPS-100305,2026-01-13,Wales,Workplace Services,172,46,218,27,191,0,0,8.0,0.6,0.964,2.5,0.771,0.124
OPS-100306,2026-01-13,Wales,Facilities Response,108,31,139,30,109,0,0,8.0,0.6,0.986,2.5,0.706,0.216
OPS-100307,2026-01-13,Wales,Estates Support,87,51,138,35,103,0,0,8.0,0.6,1.0,2.5,0.755,0.254
OPS-100308,2026-01-13,Wales,Workplace Projects,0,23,23,23,0,0,0,2.0,0.967,0.97,4.8,0.74,1.0
OPS-100309,2026-01-14,Scotland,Workplace Services,49,46,95,42,53,1,0,6.5,0.63,0.984,2.5,0.705,0.442
OPS-100310,2026-01-14,Scotland,Facilities Response,0,40,40,40,0,0,0,2.3,0.975,0.999,4.8,0.71,1.0
OPS-100311,2026-01-14,Scotland,Estates Support,104,58,162,39,123,0,0,8.0,0.6,0.984,2.5,0.786,0.241
OPS-100312,2026-01-14,Scotland,Workplace Projects,0,30,30,30,0,0,0,1.5,0.967,1.0,4.4,0.777,1.0
OPS-100313,2026-01-14,North East,Workplace Services,0,45,45,44,1,1,0,1.3,0.946,0.966,4.3,0.692,0.978
OPS-100314,2026-01-14,North East,Facilities Response,0,51,51,48,3,2,0,2.2,0.91,0.972,4.6,0.706,0.941
OPS-100315,2026-01-14,North East,Estates Support,248,42,290,22,268,0,0,8.0,0.6,1.0,2.5,0.709,0.076
OPS-100316,2026-01-14,North East,Workplace Projects,33,27,60,29,31,0,0,3.9,0.76,0.981,3.5,0.774,0.483
OPS-100317,2026-01-14,North West,Workplace Services,124,47,171,37,134,0,0,8.0,0.6,0.983,2.5,0.779,0.216
OPS-100318,2026-01-14,North West,Facilities Response,206,38,244,25,219,0,0,8.0,0.6,0.998,2.5,0.783,0.102
OPS-100319,2026-01-14,North West,Estates Support,255,47,302,20,282,0,0,8.0,0.6,0.986,2.5,0.667,0.066
OPS-100320,2026-01-14,North West,Workplace Projects,0,35,35,35,0,0,0,1.1,0.999,0.987,4.6,0.723,1.0
OPS-100321,2026-01-14,Midlands,Workplace Services,0,46,46,46,0,0,0,1.6,0.945,0.982,4.9,0.814,1.0
OPS-100322,2026-01-14,Midlands,Facilities Response,106,75,181,31,150,0,0,8.0,0.6,0.959,2.5,0.788,0.171
OPS-100323,2026-01-14,Midlands,Estates Support,61,46,107,32,75,0,0,7.4,0.6,0.994,2.5,0.788,0.299
OPS-100324,2026-01-14,Midlands,Workplace Projects,0,21,21,21,0,0,0,1.1,0.937,0.972,4.8,0.72,1.0
OPS-100325,2026-01-14,South West,Workplace Services,148,56,204,30,174,0,0,8.0,0.6,0.991,2.5,0.703,0.147
OPS-100326,2026-01-14,South West,Facilities Response,0,25,25,25,0,0,0,1.6,0.994,0.987,4.4,0.689,1.0
OPS-100327,2026-01-14,South West,Estates Support,20,45,65,49,16,0,0,2.5,0.903,0.983,4.0,0.649,0.754
OPS-100328,2026-01-14,South West,Workplace Projects,0,25,25,25,0,0,0,1.1,0.963,1.0,4.6,0.673,1.0
OPS-100329,2026-01-14,South East,Workplace Services,37,35,72,61,11,0,0,2.4,0.908,1.0,4.7,0.669,0.847
OPS-100330,2026-01-14,South East,Facilities Response,346,62,408,20,388,0,0,8.0,0.6,0.982,2.5,0.751,0.049
OPS-100331,2026-01-14,South East,Estates Support,3,58,61,49,12,0,0,2.9,0.919,0.99,4.1,0.695,0.803
OPS-100332,2026-01-14,South East,Workplace Projects,123,43,166,23,143,0,0,8.0,0.6,0.984,2.5,0.719,0.139
OPS-100333,2026-01-14,Wales,Workplace Services,191,30,221,23,198,0,0,8.0,0.6,1.0,2.5,0.771,0.104
OPS-100334,2026-01-14,Wales,Facilities Response,109,53,162,28,134,0,0,8.0,0.6,0.962,2.5,0.706,0.173
OPS-100335,2026-01-14,Wales,Estates Support,103,30,133,33,100,0,0,8.0,0.6,0.995,2.5,0.755,0.248
OPS-100336,2026-01-14,Wales,Workplace Projects,0,18,18,18,0,0,0,1.3,0.955,0.953,4.3,0.74,1.0
OPS-100337,2026-01-15,Scotland,Workplace Services,53,28,81,35,46,0,0,5.0,0.742,0.969,2.7,0.705,0.432
OPS-100338,2026-01-15,Scotland,Facilities Response,0,26,26,26,0,0,0,0.8,1.0,1.0,4.5,0.71,1.0
OPS-100339,2026-01-15,Scotland,Estates Support,123,44,167,33,134,0,0,8.0,0.6,0.999,2.5,0.786,0.198
OPS-100340,2026-01-15,Scotland,Workplace Projects,0,24,24,24,0,0,0,1.9,0.96,1.0,4.5,0.777,1.0
OPS-100341,2026-01-15,North East,Workplace Services,1,41,42,42,0,0,0,1.2,0.998,0.984,4.2,0.692,1.0
OPS-100342,2026-01-15,North East,Facilities Response,3,49,52,45,7,0,0,1.9,0.955,0.944,4.6,0.706,0.865
OPS-100343,2026-01-15,North East,Estates Support,268,27,295,18,277,0,0,8.0,0.6,0.981,2.5,0.709,0.061
OPS-100344,2026-01-15,North East,Workplace Projects,31,36,67,27,40,0,0,4.7,0.713,0.963,3.2,0.774,0.403
OPS-100345,2026-01-15,North West,Workplace Services,134,39,173,37,136,0,0,8.0,0.6,0.951,2.5,0.779,0.214
OPS-100346,2026-01-15,North West,Facilities Response,219,36,255,27,228,0,0,8.0,0.6,0.987,2.5,0.783,0.106
OPS-100347,2026-01-15,North West,Estates Support,282,50,332,16,316,1,1,8.0,0.6,0.928,2.5,0.667,0.048
OPS-100348,2026-01-15,North West,Workplace Projects,0,41,41,41,0,0,0,1.7,0.971,0.986,4.5,0.723,1.0
OPS-100349,2026-01-15,Midlands,Workplace Services,0,53,53,52,1,0,0,1.4,0.954,0.992,4.6,0.814,0.981
OPS-100350,2026-01-15,Midlands,Facilities Response,150,47,197,30,167,0,0,8.0,0.6,0.983,2.5,0.788,0.152
OPS-100351,2026-01-15,Midlands,Estates Support,75,34,109,36,73,0,0,7.2,0.6,0.979,,0.788,0.33
OPS-100352,2026-01-15,Midlands,Workplace Projects,0,34,34,34,0,0,0,1.8,0.989,1.0,4.7,0.72,1.0
OPS-100353,2026-01-15,South West,Workplace Services,174,54,228,25,203,0,0,8.0,0.6,0.993,2.5,0.703,0.11
OPS-100354,2026-01-15,South West,Facilities Response,0,39,39,39,0,0,0,1.1,1.0,0.977,4.8,0.689,1.0
OPS-100355,2026-01-15,South West,Estates Support,16,32,48,48,0,0,0,1.7,0.976,0.959,4.6,0.649,1.0
OPS-100356,2026-01-15,South West,Workplace Projects,0,34,34,34,0,0,0,1.9,0.918,0.983,4.6,0.673,1.0
OPS-100357,2026-01-15,South East,Workplace Services,11,49,60,57,3,1,0,1.8,0.942,0.972,4.4,0.669,0.95
OPS-100358,2026-01-15,South East,Facilities Response,388,47,435,21,414,0,0,8.0,0.6,0.982,2.5,0.751,0.048
OPS-100359,2026-01-15,South East,Estates Support,12,36,48,48,0,1,0,1.8,0.887,0.987,4.7,0.695,1.0
OPS-100360,2026-01-15,South East,Workplace Projects,143,30,173,23,150,0,0,8.0,0.6,1.0,2.5,0.719,0.133
OPS-100361,2026-01-15,Wales,Workplace Services,198,47,245,24,221,0,0,8.0,0.6,0.972,2.5,0.771,0.098
OPS-100362,2026-01-15,Wales,Facilities Response,134,37,171,30,141,0,0,8.0,0.6,1.0,2.5,0.706,0.175
OPS-100363,2026-01-15,Wales,Estates Support,100,57,157,27,130,0,0,8.0,0.6,0.98,2.5,0.755,0.172
OPS-100364,2026-01-15,Wales,Workplace Projects,0,32,32,32,0,0,0,2.5,0.996,1.0,4.7,0.74,1.0
OPS-100365,2026-01-16,Scotland,Workplace Services,46,34,80,34,46,0,0,5.4,0.703,0.982,2.7,0.705,0.425
OPS-100366,2026-01-16,Scotland,Facilities Response,0,34,34,34,0,0,0,1.4,1.0,1.0,4.5,0.71,1.0
OPS-100367,2026-01-16,Scotland,Estates Support,134,45,179,36,143,1,0,8.0,0.6,0.982,2.5,0.786,0.201
OPS-100368,2026-01-16,Scotland,Workplace Projects,0,25,25,25,0,0,0,1.8,0.968,0.948,4.3,0.777,1.0
OPS-100369,2026-01-16,North East,Workplace Services,0,45,45,45,0,0,0,1.7,1.0,0.991,4.8,0.692,1.0
OPS-100370,2026-01-16,North East,Facilities Response,7,48,55,55,0,0,0,1.2,0.927,0.967,4.4,0.706,1.0
OPS-100371,2026-01-16,North East,Estates Support,277,49,326,22,304,0,0,8.0,0.6,0.987,2.5,0.709,0.067
OPS-100372,2026-01-16,North East,Workplace Projects,40,29,69,26,43,0,0,5.1,0.679,0.986,3.1,0.774,0.377
OPS-100373,2026-01-16,North West,Workplace Services,136,46,182,34,148,0,0,8.0,0.6,0.992,2.5,0.779,0.187
OPS-100374,2026-01-16,North West,Facilities Response,228,55,283,27,256,0,0,8.0,0.6,0.996,2.5,0.783,0.095
OPS-100375,2026-01-16,North West,Estates Support,316,47,363,21,342,0,0,8.0,0.6,0.976,2.5,0.667,0.058
OPS-100376,2026-01-16,North West,Workplace Projects,0,42,42,42,0,0,0,1.0,1.0,0.981,4.6,0.723,1.0
OPS-100377,2026-01-16,Midlands,Workplace Services,1,50,51,44,7,0,0,2.5,0.911,0.98,4.2,0.814,0.863
OPS-100378,2026-01-16,Midlands,Facilities Response,167,42,209,36,173,0,0,8.0,0.6,1.0,2.5,0.788,0.172
OPS-100379,2026-01-16,Midlands,Estates Support,73,40,113,31,82,0,0,7.8,0.6,0.998,2.5,0.788,0.274
OPS-100380,2026-01-16,Midlands,Workplace Projects,0,37,37,33,4,2,0,2.6,0.908,0.959,4.3,0.72,0.892
OPS-100381,2026-01-16,South West,Workplace Services,203,30,233,29,204,0,0,8.0,0.6,0.991,2.5,0.703,0.124
OPS-100382,2026-01-16,South West,Facilities Response,0,19,19,19,0,1,0,1.8,0.935,0.983,4.6,0.689,1.0
OPS-100383,2026-01-16,South West,Estates Support,0,48,48,47,1,0,0,1.6,1.0,0.979,4.5,0.649,0.979
OPS-100384,2026-01-16,South West,Workplace Projects,0,25,25,25,0,0,0,1.1,0.96,0.967,4.8,0.673,1.0
OPS-100385,2026-01-16,South East,Workplace Services,3,45,48,48,0,0,0,2.1,0.977,0.983,4.8,0.669,1.0
OPS-100386,2026-01-16,South East,Facilities Response,414,48,462,16,446,0,0,8.0,0.6,0.992,2.5,0.751,0.035
OPS-100387,2026-01-16,South East,Estates Support,0,39,39,39,0,0,0,1.2,0.947,0.986,4.5,0.695,1.0
OPS-100388,2026-01-16,South East,Workplace Projects,150,34,184,24,160,0,0,8.0,0.6,0.999,2.5,0.719,0.13
OPS-100389,2026-01-16,Wales,Workplace Services,221,28,249,22,227,0,0,8.0,0.6,0.978,2.5,0.771,0.088
OPS-100390,2026-01-16,Wales,Facilities Response,141,52,193,27,166,0,0,8.0,0.6,0.993,2.5,0.706,0.14
OPS-100391,2026-01-16,Wales,Estates Support,130,58,188,35,153,0,0,8.0,0.6,0.973,2.5,0.755,0.186
OPS-100392,2026-01-16,Wales,Workplace Projects,0,25,25,25,0,0,0,1.3,0.982,1.0,4.2,0.74,1.0
OPS-100393,2026-01-19,Scotland,Workplace Services,46,57,103,43,60,0,0,6.4,0.628,0.989,2.6,0.705,0.417
OPS-100394,2026-01-19,Scotland,Facilities Response,0,20,20,20,0,0,0,1.5,0.942,0.973,4.8,0.71,1.0
OPS-100395,2026-01-19,Scotland,Estates Support,143,54,197,42,155,0,0,8.0,0.6,1.0,2.5,0.786,0.213
OPS-100396,2026-01-19,Scotland,Workplace Projects,0,29,29,29,0,0,0,1.7,0.972,0.986,4.8,0.777,1.0
OPS-100397,2026-01-19,North East,Workplace Services,0,34,34,34,0,1,0,1.3,0.952,0.973,4.5,0.692,1.0
OPS-100398,2026-01-19,North East,Facilities Response,0,29,29,29,0,0,0,1.3,0.972,0.95,4.5,0.706,1.0
OPS-100399,2026-01-19,North East,Estates Support,304,45,349,17,332,0,0,8.0,0.6,1.0,2.5,0.709,0.049
OPS-100400,2026-01-19,North East,Workplace Projects,43,13,56,31,25,0,0,3.5,0.863,1.0,3.7,0.774,0.554
OPS-100401,2026-01-19,North West,Workplace Services,148,30,178,34,144,0,0,8.0,0.6,1.0,2.5,0.779,0.191
OPS-100402,2026-01-19,North West,Facilities Response,256,59,315,26,289,0,0,8.0,0.6,0.984,2.5,0.783,0.083
OPS-100403,2026-01-19,North West,Estates Support,342,26,368,20,348,0,0,8.0,0.6,0.972,2.5,0.667,0.054
OPS-100404,2026-01-19,North West,Workplace Projects,0,25,25,25,0,0,0,1.4,0.949,0.998,4.7,0.723,1.0
OPS-100405,2026-01-19,Midlands,Workplace Services,7,40,47,42,5,0,0,1.8,0.948,1.0,4.4,0.814,0.894
OPS-100406,2026-01-19,Midlands,Facilities Response,173,37,210,32,178,0,0,8.0,0.6,0.974,2.5,0.788,0.152
OPS-100407,2026-01-19,Midlands,Estates Support,82,30,112,38,74,0,0,7.1,0.6,0.971,2.5,0.788,0.339
OPS-100408,2026-01-19,Midlands,Workplace Projects,4,39,43,39,4,0,0,2.1,0.962,0.969,3.9,0.72,0.907
OPS-100409,2026-01-19,South West,Workplace Services,204,34,238,30,208,0,0,8.0,0.6,0.981,2.5,0.703,0.126
OPS-100410,2026-01-19,South West,Facilities Response,0,53,53,48,5,0,0,1.3,0.959,0.983,4.4,0.689,0.906
OPS-100411,2026-01-19,South West,Estates Support,1,29,30,30,0,1,0,1.7,0.973,0.995,4.6,0.649,1.0
OPS-100412,2026-01-19,South West,Workplace Projects,0,28,28,28,0,1,0,2.0,0.917,0.998,4.4,0.673,1.0
OPS-100413,2026-01-19,South East,Workplace Services,0,28,28,28,0,0,0,1.5,0.934,0.986,4.4,0.669,1.0
OPS-100414,2026-01-19,South East,Facilities Response,446,42,488,19,469,0,0,8.0,0.6,0.972,2.5,0.751,0.039
OPS-100415,2026-01-19,South East,Estates Support,0,33,33,33,0,0,0,0.9,0.984,1.0,4.7,0.695,1.0
OPS-100416,2026-01-19,South East,Workplace Projects,160,41,201,26,175,0,0,8.0,0.6,0.994,2.5,0.719,0.129
OPS-100417,2026-01-19,Wales,Workplace Services,227,35,262,22,240,0,0,8.0,0.6,0.982,2.5,0.771,0.084
OPS-100418,2026-01-19,Wales,Facilities Response,166,37,203,24,179,0,0,8.0,0.6,0.986,2.5,0.706,0.118
OPS-100419,2026-01-19,Wales,Estates Support,153,39,192,28,164,0,0,8.0,0.6,0.974,2.5,0.755,0.146
OPS-100420,2026-01-19,Wales,Workplace Projects,0,30,30,30,0,0,0,1.9,1.0,1.0,4.4,0.74,1.0
OPS-100421,2026-01-20,Scotland,Workplace Services,60,41,101,38,63,0,0,6.6,0.6,0.987,2.5,0.705,0.376
OPS-100422,2026-01-20,Scotland,Facilities Response,0,62,62,44,18,0,0,3.2,0.867,0.98,4.2,0.71,0.71
OPS-100423,2026-01-20,Scotland,Estates Support,155,39,194,31,163,0,0,8.0,0.6,0.985,2.5,0.786,0.16
OPS-100424,2026-01-20,Scotland,Workplace Projects,0,29,29,29,0,0,0,1.8,1.0,0.989,4.7,0.777,1.0
OPS-100425,2026-01-20,North East,Workplace Services,0,64,64,42,22,0,0,2.6,0.782,0.982,3.8,0.692,0.656
OPS-100426,2026-01-20,North East,Facilities Response,0,36,36,36,0,0,0,1.7,0.981,0.967,4.3,0.706,1.0
OPS-100427,2026-01-20,North East,Estates Support,332,29,361,20,341,1,0,8.0,0.6,0.994,2.5,0.709,0.055
OPS-100428,2026-01-20,North East,Workplace Projects,25,33,58,28,30,0,0,3.2,0.791,0.982,3.6,0.774,0.483
OPS-100429,2026-01-20,North West,Workplace Services,144,35,179,31,148,0,0,8.0,0.6,0.964,2.5,0.779,0.173
OPS-100430,2026-01-20,North West,Facilities Response,289,20,309,29,280,0,0,8.0,0.6,0.987,2.5,0.783,0.094
OPS-100431,2026-01-20,North West,Estates Support,348,24,372,18,354,0,0,8.0,0.6,0.999,2.5,0.667,0.048
OPS-100432,2026-01-20,North West,Workplace Projects,0,35,35,35,0,0,0,1.4,0.947,0.999,4.9,0.723,1.0
OPS-100433,2026-01-20,Midlands,Workplace Services,5,37,42,42,0,0,0,1.5,1.0,0.97,4.6,0.814,1.0
OPS-100434,2026-01-20,Midlands,Facilities Response,178,37,215,27,188,0,0,8.0,0.6,1.0,2.5,0.788,0.126
OPS-100435,2026-01-20,Midlands,Estates Support,74,29,103,34,69,0,0,6.8,0.6,0.955,2.5,0.788,0.33
OPS-100436,2026-01-20,Midlands,Workplace Projects,4,28,32,32,0,0,0,1.7,0.952,0.964,4.7,0.72,1.0
OPS-100437,2026-01-20,South West,Workplace Services,208,54,262,26,236,0,0,8.0,0.6,1.0,2.5,0.703,0.099
OPS-100438,2026-01-20,South West,Facilities Response,5,40,45,45,0,0,0,0.5,0.996,0.988,4.4,0.689,1.0
OPS-100439,2026-01-20,South West,Estates Support,0,34,34,34,0,0,0,1.2,0.968,0.991,4.5,0.649,1.0
OPS-100440,2026-01-20,South West,Workplace Projects,0,35,35,35,0,0,0,1.3,0.989,0.992,4.6,0.673,1.0
OPS-100441,2026-01-20,South East,Workplace Services,0,44,44,44,0,0,0,2.0,0.985,0.971,4.6,0.669,1.0
OPS-100442,2026-01-20,South East,Facilities Response,469,34,503,17,486,0,0,8.0,0.6,1.0,2.5,0.751,0.034
OPS-100443,2026-01-20,South East,Estates Support,0,50,50,49,1,0,0,1.4,0.972,0.995,4.4,0.695,0.98
OPS-100444,2026-01-20,South East,Workplace Projects,175,40,215,22,193,0,0,8.0,0.6,0.986,2.5,0.719,0.102
OPS-100445,2026-01-20,Wales,Workplace Services,240,45,285,24,261,1,0,8.0,0.6,0.998,2.5,0.771,0.084
OPS-100446,2026-01-20,Wales,Facilities Response,179,32,211,26,185,0,0,8.0,0.6,1.0,2.5,0.706,0.123
OPS-100447,2026-01-20,Wales,Estates Support,164,32,196,32,164,0,0,8.0,0.6,0.969,2.5,0.755,0.163
OPS-100448,2026-01-20,Wales,Workplace Projects,0,29,29,29,0,0,0,1.4,0.952,1.0,4.8,0.74,1.0
OPS-100449,2026-01-21,Scotland,Workplace Services,63,38,101,40,61,0,0,6.8,0.635,0.966,2.6,0.705,0.396
OPS-100450,2026-01-21,Scotland,Facilities Response,18,31,49,49,0,0,0,1.3,0.955,0.981,4.6,0.71,1.0
OPS-100451,2026-01-21,Scotland,Estates Support,163,42,205,32,173,0,0,8.0,0.6,0.971,2.5,0.786,0.156
OPS-100452,2026-01-21,Scotland,Workplace Projects,0,29,29,29,0,0,0,1.7,0.957,0.971,4.6,0.777,1.0
OPS-100453,2026-01-21,North East,Workplace Services,22,56,78,49,29,0,0,4.1,0.786,1.0,3.3,0.692,0.628
OPS-100454,2026-01-21,North East,Facilities Response,0,32,32,32,0,0,0,1.5,0.949,0.987,4.4,0.706,1.0
OPS-100455,2026-01-21,North East,Estates Support,341,43,384,22,362,0,0,8.0,0.6,0.985,2.5,0.709,0.057
OPS-100456,2026-01-21,North East,Workplace Projects,30,21,51,32,19,0,0,3.3,0.862,0.972,4.0,0.774,0.627
OPS-100457,2026-01-21,North West,Workplace Services,148,54,202,30,172,0,0,8.0,0.6,1.0,2.5,0.779,0.149
OPS-100458,2026-01-21,North West,Facilities Response,280,43,323,26,297,0,0,8.0,0.6,0.965,2.5,0.783,0.08
OPS-100459,2026-01-21,North West,Estates Support,354,49,403,16,387,0,0,8.0,0.6,0.995,2.5,0.667,0.04
OPS-100460,2026-01-21,North West,Workplace Projects,0,30,30,30,0,0,0,1.4,0.948,0.992,4.2,0.723,1.0
OPS-100461,2026-01-21,Midlands,Workplace Services,0,42,42,42,0,0,0,1.3,0.956,0.994,4.6,0.814,1.0
OPS-100462,2026-01-21,Midlands,Facilities Response,188,41,229,34,195,0,0,8.0,0.6,1.0,2.5,0.788,0.148
OPS-100463,2026-01-21,Midlands,Estates Support,69,27,96,35,61,2,0,6.7,0.6,0.991,2.5,0.788,0.365
OPS-100464,2026-01-21,Midlands,Workplace Projects,0,32,32,32,0,0,0,1.7,0.93,1.0,4.7,0.72,1.0
OPS-100465,2026-01-21,South West,Workplace Services,236,48,284,29,255,0,0,8.0,0.6,0.998,2.5,0.703,0.102
OPS-100466,2026-01-21,South West,Facilities Response,0,49,49,46,3,0,0,1.4,0.915,1.0,4.5,0.689,0.939
OPS-100467,2026-01-21,South West,Estates Support,0,49,49,42,7,0,0,2.7,0.903,1.0,4.5,0.649,0.857
OPS-100468,2026-01-21,South West,Workplace Projects,0,23,23,23,0,0,0,1.1,0.978,0.979,4.5,0.673,1.0
OPS-100469,2026-01-21,South East,Workplace Services,0,34,34,34,0,0,0,1.4,1.0,0.969,4.5,0.669,1.0
OPS-100470,2026-01-21,South East,Facilities Response,486,51,537,21,516,0,0,8.0,0.6,1.0,2.5,0.751,0.039
OPS-100471,2026-01-21,South East,Estates Support,1,57,58,57,1,0,0,1.2,0.92,0.992,4.4,0.695,0.983
OPS-100472,2026-01-21,South East,Workplace Projects,193,38,231,24,207,0,0,8.0,0.6,0.929,2.5,0.719,0.104
OPS-100473,2026-01-21,Wales,Workplace Services,261,46,307,25,282,1,0,8.0,0.6,0.981,2.5,0.771,0.081
OPS-100474,2026-01-21,Wales,Facilities Response,185,48,233,29,204,0,0,8.0,0.6,0.969,2.5,0.706,0.124
OPS-100475,2026-01-21,Wales,Estates Support,164,27,191,26,165,0,0,8.0,0.6,0.957,2.5,0.755,0.136
OPS-100476,2026-01-21,Wales,Workplace Projects,0,34,34,34,0,0,0,1.9,0.949,0.973,4.7,0.74,1.0
OPS-100477,2026-01-22,Scotland,Workplace Services,61,53,114,42,72,0,0,7.8,0.6,0.993,2.5,0.705,0.368
OPS-100478,2026-01-22,Scotland,Facilities Response,0,49,49,48,1,1,0,2.1,0.986,0.989,4.7,0.71,0.98
OPS-100479,2026-01-22,Scotland,Estates Support,173,42,215,40,175,0,0,8.0,0.6,1.0,2.5,0.786,0.186
OPS-100480,2026-01-22,Scotland,Workplace Projects,0,23,23,23,0,0,0,1.4,1.0,0.982,4.6,0.777,1.0
OPS-100481,2026-01-22,North East,Workplace Services,29,26,55,43,12,0,0,2.6,0.89,0.975,4.4,0.692,0.782
OPS-100482,2026-01-22,North East,Facilities Response,0,55,55,46,9,0,0,2.3,0.874,0.969,4.1,0.706,0.836
OPS-100483,2026-01-22,North East,Estates Support,362,44,406,18,388,1,0,8.0,0.6,0.965,2.5,0.709,0.044
OPS-100484,2026-01-22,North East,Workplace Projects,19,32,51,27,24,0,0,3.0,0.869,0.965,3.3,0.774,0.529
OPS-100485,2026-01-22,North West,Workplace Services,172,50,222,35,187,0,0,8.0,0.6,1.0,2.5,0.779,0.158
OPS-100486,2026-01-22,North West,Facilities Response,297,31,328,28,300,0,0,8.0,0.6,0.978,2.5,0.783,0.085
OPS-100487,2026-01-22,North West,Estates Support,387,36,423,17,406,0,0,8.0,0.6,0.993,2.5,0.667,0.04
OPS-100488,2026-01-22,North West,Workplace Projects,0,26,26,26,0,1,0,1.5,0.956,0.968,4.3,0.723,1.0
OPS-100489,2026-01-22,Midlands,Workplace Services,0,43,43,43,0,0,0,1.8,0.959,0.978,4.6,0.814,1.0
OPS-100490,2026-01-22,Midlands,Facilities Response,195,34,229,31,198,0,0,8.0,0.6,1.0,2.5,0.788,0.135
OPS-100491,2026-01-22,Midlands,Estates Support,61,44,105,31,74,0,0,7.5,0.6,0.98,2.5,0.788,0.295
OPS-100492,2026-01-22,Midlands,Workplace Projects,0,40,40,40,0,0,0,1.8,0.909,0.976,4.5,0.72,1.0
OPS-100493,2026-01-22,South West,Workplace Services,255,72,327,25,302,0,0,8.0,0.6,0.972,2.5,0.703,0.076
OPS-100494,2026-01-22,South West,Facilities Response,3,28,31,31,0,0,0,1.1,0.969,0.991,4.3,0.689,1.0
OPS-100495,2026-01-22,South West,Estates Support,7,31,38,38,0,0,0,1.2,0.991,1.0,4.4,0.649,1.0
OPS-100496,2026-01-22,South West,Workplace Projects,0,35,35,35,0,0,0,1.2,0.991,0.991,4.8,0.673,1.0
OPS-100497,2026-01-22,South East,Workplace Services,0,50,50,50,0,0,0,1.7,0.988,0.993,4.4,0.669,1.0
OPS-100498,2026-01-22,South East,Facilities Response,516,38,554,18,536,0,0,8.0,0.6,0.984,2.5,0.751,0.032
OPS-100499,2026-01-22,South East,Estates Support,1,46,47,47,0,0,0,1.6,0.941,0.978,4.3,0.695,1.0
OPS-100500,2026-01-22,South East,Workplace Projects,207,31,238,24,214,0,0,8.0,0.6,0.984,2.5,0.719,0.101
OPS-100501,2026-01-22,Wales,Workplace Services,282,39,321,28,293,0,0,8.0,0.6,0.984,2.5,0.771,0.087
OPS-100502,2026-01-22,Wales,Facilities Response,204,40,244,26,218,0,0,8.0,0.6,0.977,2.5,0.706,0.107
OPS-100503,2026-01-22,Wales,Estates Support,165,36,201,29,172,0,0,8.0,0.6,0.969,2.5,0.755,0.144
OPS-100504,2026-01-22,Wales,Workplace Projects,0,32,32,32,0,1,0,1.5,0.936,0.982,4.6,0.74,1.0
OPS-100505,2026-01-23,Scotland,Workplace Services,72,55,127,35,92,0,0,8.0,0.6,0.984,2.5,0.705,0.276
OPS-100506,2026-01-23,Scotland,Facilities Response,1,26,27,27,0,0,0,0.7,0.984,0.974,4.3,0.71,1.0
OPS-100507,2026-01-23,Scotland,Estates Support,175,32,207,37,170,0,0,8.0,0.6,0.995,2.5,0.786,0.179
OPS-100508,2026-01-23,Scotland,Workplace Projects,0,25,25,25,0,0,0,1.7,0.949,0.962,4.6,0.777,1.0
OPS-100509,2026-01-23,North East,Workplace Services,12,35,47,47,0,1,0,1.7,0.96,0.964,4.3,0.692,1.0
OPS-100510,2026-01-23,North East,Facilities Response,9,55,64,43,21,0,0,3.5,0.87,0.967,3.8,0.706,0.672
OPS-100511,2026-01-23,North East,Estates Support,388,41,429,21,408,0,0,8.0,0.6,0.962,2.5,0.709,0.049
OPS-100512,2026-01-23,North East,Workplace Projects,24,22,46,29,17,0,0,3.2,0.888,1.0,4.0,0.774,0.63
OPS-100513,2026-01-23,North West,Workplace Services,187,43,230,30,200,0,0,8.0,0.6,0.994,2.5,0.779,0.13
OPS-100514,2026-01-23,North West,Facilities Response,300,38,338,27,311,0,0,8.0,0.6,0.963,2.5,0.783,0.08
OPS-100515,2026-01-23,North West,Estates Support,406,44,450,19,431,1,1,8.0,0.6,0.919,2.5,0.667,0.042
OPS-100516,2026-01-23,North West,Workplace Projects,0,26,26,26,0,1,0,1.3,0.971,0.959,4.3,0.723,1.0
OPS-100517,2026-01-23,Midlands,Workplace Services,0,36,36,36,0,0,0,1.0,1.0,1.0,4.9,0.814,1.0
OPS-100518,2026-01-23,Midlands,Facilities Response,198,33,231,29,202,0,0,8.0,0.6,0.995,2.5,0.788,0.126
OPS-100519,2026-01-23,Midlands,Estates Support,74,45,119,36,83,0,0,7.8,0.6,0.986,2.5,0.788,0.303
OPS-100520,2026-01-23,Midlands,Workplace Projects,0,34,34,34,0,0,0,1.8,1.0,1.0,4.8,0.72,1.0
OPS-100521,2026-01-23,South West,Workplace Services,302,32,334,25,309,0,0,8.0,0.6,0.977,2.5,0.703,0.075
OPS-100522,2026-01-23,South West,Facilities Response,0,41,41,41,0,0,0,2.3,0.969,0.966,4.4,0.689,1.0
OPS-100523,2026-01-23,South West,Estates Support,0,45,45,44,1,0,0,2.0,0.966,0.999,4.4,0.649,0.978
OPS-100524,2026-01-23,South West,Workplace Projects,0,32,32,32,0,0,0,1.3,1.0,0.981,4.4,0.673,1.0
OPS-100525,2026-01-23,South East,Workplace Services,0,45,45,45,0,0,0,1.5,0.947,0.995,4.4,0.669,1.0
OPS-100526,2026-01-23,South East,Facilities Response,536,39,575,18,557,1,0,8.0,0.6,0.974,2.5,0.751,0.031
OPS-100527,2026-01-23,South East,Estates Support,0,47,47,47,0,0,0,0.7,0.937,1.0,4.4,0.695,1.0
OPS-100528,2026-01-23,South East,Workplace Projects,214,28,242,26,216,0,0,8.0,0.6,1.0,2.5,0.719,0.107
OPS-100529,2026-01-23,Wales,Workplace Services,293,28,321,28,293,0,0,8.0,0.6,0.995,2.5,0.771,0.087
OPS-100530,2026-01-23,Wales,Facilities Response,218,29,247,28,219,0,0,8.0,0.6,0.979,2.5,0.706,0.113
OPS-100531,2026-01-23,Wales,Estates Support,172,44,216,29,187,0,0,8.0,0.6,1.0,2.5,0.755,0.134
OPS-100532,2026-01-23,Wales,Workplace Projects,0,34,34,34,0,0,0,1.4,0.982,1.0,4.8,0.74,1.0
OPS-100533,2026-01-26,Scotland,Workplace Services,92,22,114,34,80,0,0,7.6,0.6,0.987,2.5,0.705,0.298
OPS-100534,2026-01-26,Scotland,Facilities Response,0,52,52,52,0,0,0,1.6,0.985,1.0,4.4,0.71,1.0
OPS-100535,2026-01-26,Scotland,Estates Support,170,50,220,36,184,0,0,8.0,0.6,0.993,2.5,0.786,0.164
OPS-100536,2026-01-26,Scotland,Workplace Projects,0,29,29,29,0,0,0,1.1,0.944,1.0,4.4,0.777,1.0
OPS-100537,2026-01-26,North East,Workplace Services,0,53,53,41,12,0,0,2.2,0.873,0.98,4.1,0.692,0.774
OPS-100538,2026-01-26,North East,Facilities Response,21,41,62,52,10,0,0,2.5,0.916,0.97,4.1,0.706,0.839
OPS-100539,2026-01-26,North East,Estates Support,408,35,443,19,424,0,0,8.0,0.6,0.985,2.5,0.709,0.043
OPS-100540,2026-01-26,North East,Workplace Projects,17,23,40,31,9,0,0,2.6,0.839,0.986,4.3,0.774,0.775
OPS-100541,2026-01-26,North West,Workplace Services,200,45,245,38,207,0,0,8.0,0.6,0.98,2.5,0.779,0.155
OPS-100542,2026-01-26,North West,Facilities Response,311,34,345,24,321,0,0,8.0,0.6,0.989,2.5,0.783,0.07
OPS-100543,2026-01-26,North West,Estates Support,431,31,462,19,443,0,0,8.0,0.6,0.983,2.5,0.667,0.041
OPS-100544,2026-01-26,North West,Workplace Projects,0,34,34,34,0,0,0,1.5,0.956,1.0,4.5,0.723,1.0
OPS-100545,2026-01-26,Midlands,Workplace Services,0,25,25,25,0,1,1,1.6,0.913,0.951,4.4,0.814,1.0
OPS-100546,2026-01-26,Midlands,Facilities Response,202,52,254,28,226,0,0,8.0,0.6,0.985,2.5,0.788,0.11
OPS-100547,2026-01-26,Midlands,Estates Support,83,23,106,30,76,0,0,7.3,0.6,0.974,2.5,0.788,0.283
OPS-100548,2026-01-26,Midlands,Workplace Projects,0,17,17,17,0,0,0,1.6,0.986,0.992,4.6,0.72,1.0
OPS-100549,2026-01-26,South West,Workplace Services,309,45,354,31,323,0,0,8.0,0.6,0.975,2.5,0.703,0.088
OPS-100550,2026-01-26,South West,Facilities Response,0,37,37,37,0,0,0,1.8,0.982,0.955,4.5,0.689,1.0
OPS-100551,2026-01-26,South West,Estates Support,1,33,34,34,0,0,0,1.8,0.975,0.975,4.5,0.649,1.0
OPS-100552,2026-01-26,South West,Workplace Projects,0,24,24,24,0,0,0,1.4,0.974,0.981,4.4,0.673,1.0
OPS-100553,2026-01-26,South East,Workplace Services,0,46,46,46,0,0,0,1.6,0.988,0.964,4.5,0.669,1.0
OPS-100554,2026-01-26,South East,Facilities Response,557,34,591,19,572,0,0,8.0,0.6,0.996,2.5,0.751,0.032
OPS-100555,2026-01-26,South East,Estates Support,0,40,40,40,0,1,0,1.7,0.954,0.977,4.5,0.695,1.0
OPS-100556,2026-01-26,South East,Workplace Projects,216,23,239,27,212,1,0,8.0,0.6,0.964,2.5,0.719,0.113
OPS-100557,2026-01-26,Wales,Workplace Services,293,46,339,27,312,0,0,8.0,0.6,0.96,2.5,0.771,0.08
OPS-100558,2026-01-26,Wales,Facilities Response,219,47,266,23,243,0,0,8.0,0.6,0.979,2.5,0.706,0.086
OPS-100559,2026-01-26,Wales,Estates Support,187,21,208,32,176,0,0,8.0,0.6,0.965,2.5,0.755,0.154
OPS-100560,2026-01-26,Wales,Workplace Projects,0,23,23,23,0,0,0,0.9,1.0,0.972,4.8,0.74,1.0
OPS-100561,2026-01-27,Scotland,Workplace Services,80,42,122,42,80,0,0,8.0,0.6,1.0,2.5,0.705,0.344
OPS-100562,2026-01-27,Scotland,Facilities Response,0,29,29,29,0,0,0,1.5,0.947,0.972,4.6,0.71,1.0
OPS-100563,2026-01-27,Scotland,Estates Support,184,39,223,33,190,0,0,8.0,0.6,1.0,2.5,0.786,0.148
OPS-100564,2026-01-27,Scotland,Workplace Projects,0,36,36,35,1,1,0,1.2,0.947,0.975,4.1,0.777,0.972
OPS-100565,2026-01-27,North East,Workplace Services,12,28,40,40,0,0,0,1.6,0.935,0.992,4.6,0.692,1.0
OPS-100566,2026-01-27,North East,Facilities Response,10,57,67,47,20,0,0,3.4,0.842,0.994,3.9,0.706,0.701
OPS-100567,2026-01-27,North East,Estates Support,424,41,465,21,444,0,0,8.0,0.6,0.973,2.5,0.709,0.045
OPS-100568,2026-01-27,North East,Workplace Projects,9,36,45,24,21,0,0,3.2,0.85,0.982,3.6,0.774,0.533
OPS-100569,2026-01-27,North West,Workplace Services,207,50,257,35,222,0,0,8.0,0.6,0.964,2.5,0.779,0.136
OPS-100570,2026-01-27,North West,Facilities Response,321,64,385,22,363,0,0,8.0,0.6,0.98,2.5,0.783,0.057
OPS-100571,2026-01-27,North West,Estates Support,443,33,476,22,454,0,0,8.0,0.6,0.991,2.5,0.667,0.046
OPS-100572,2026-01-27,North West,Workplace Projects,0,30,30,30,0,0,0,1.4,0.991,0.939,4.4,0.723,1.0
OPS-100573,2026-01-27,Midlands,Workplace Services,0,24,24,24,0,0,0,1.7,0.941,1.0,4.7,0.814,1.0
OPS-100574,2026-01-27,Midlands,Facilities Response,226,48,274,32,242,0,0,8.0,0.6,0.934,2.5,0.788,0.117
OPS-100575,2026-01-27,Midlands,Estates Support,76,39,115,29,86,0,0,8.0,0.6,0.997,2.5,0.788,0.252
OPS-100576,2026-01-27,Midlands,Workplace Projects,0,20,20,20,0,0,0,1.6,0.995,0.998,4.9,0.72,1.0
OPS-100577,2026-01-27,South West,Workplace Services,323,41,364,25,339,1,0,8.0,0.6,0.987,2.5,0.703,0.069
OPS-100578,2026-01-27,South West,Facilities Response,0,45,45,45,0,0,0,1.3,0.926,0.97,4.4,0.689,1.0
OPS-100579,2026-01-27,South West,Estates Support,0,43,43,42,1,0,0,1.5,0.944,0.967,4.5,0.649,0.977
OPS-100580,2026-01-27,South West,Workplace Projects,0,46,46,39,7,0,0,2.0,0.939,0.997,4.4,0.673,0.848
OPS-100581,2026-01-27,South East,Workplace Services,0,48,48,48,0,0,0,0.9,0.959,0.985,4.7,0.669,1.0
OPS-100582,2026-01-27,South East,Facilities Response,572,46,618,22,596,0,0,8.0,0.6,0.992,2.5,0.751,0.036
OPS-100583,2026-01-27,South East,Estates Support,0,36,36,36,0,0,0,2.3,0.969,0.988,4.5,0.695,1.0
OPS-100584,2026-01-27,South East,Workplace Projects,212,47,259,24,235,0,0,8.0,0.6,1.0,2.5,0.719,0.093
OPS-100585,2026-01-27,Wales,Workplace Services,312,37,349,27,322,0,0,8.0,0.6,0.99,2.5,0.771,0.077
OPS-100586,2026-01-27,Wales,Facilities Response,243,52,295,30,265,1,0,8.0,0.6,0.993,2.5,0.706,0.102
OPS-100587,2026-01-27,Wales,Estates Support,176,31,207,25,182,1,0,8.0,0.6,0.994,2.5,0.755,0.121
OPS-100588,2026-01-27,Wales,Workplace Projects,0,42,42,42,0,1,0,1.4,0.927,0.988,4.4,0.74,1.0
OPS-100589,2026-01-28,Scotland,Workplace Services,80,52,132,37,95,0,0,8.0,0.6,1.0,2.5,0.705,0.28
OPS-100590,2026-01-28,Scotland,Facilities Response,0,27,27,27,0,0,0,1.9,0.995,0.998,4.4,0.71,1.0
OPS-100591,2026-01-28,Scotland,Estates Support,190,51,241,37,204,0,0,8.0,0.6,0.973,2.5,0.786,0.154
OPS-100592,2026-01-28,Scotland,Workplace Projects,1,31,32,32,0,0,0,1.6,0.955,0.963,4.5,0.777,1.0
OPS-100593,2026-01-28,North East,Workplace Services,0,31,31,31,0,1,0,2.3,0.971,0.98,4.9,0.692,1.0
OPS-100594,2026-01-28,North East,Facilities Response,20,41,61,50,11,0,0,2.2,0.903,0.971,4.2,0.706,0.82
OPS-100595,2026-01-28,North East,Estates Support,444,40,484,21,463,0,0,8.0,0.6,0.982,2.5,0.709,0.043
OPS-100596,2026-01-28,North East,Workplace Projects,21,27,48,24,24,0,0,3.3,0.792,0.998,3.6,0.774,0.5
OPS-100597,2026-01-28,North West,Workplace Services,222,44,266,37,229,0,0,8.0,0.6,1.0,2.5,0.779,0.139
OPS-100598,2026-01-28,North West,Facilities Response,363,40,403,28,375,0,0,8.0,0.6,0.987,2.5,0.783,0.069
OPS-100599,2026-01-28,North West,Estates Support,454,63,517,20,497,0,0,8.0,0.6,0.996,2.5,0.667,0.039
OPS-100600,2026-01-28,North West,Workplace Projects,0,19,19,19,0,0,0,1.5,0.976,0.949,4.6,0.723,1.0
OPS-100601,2026-01-28,Midlands,Workplace Services,0,46,46,44,2,0,0,1.9,0.99,0.983,4.3,0.814,0.957
OPS-100602,2026-01-28,Midlands,Facilities Response,242,35,277,33,244,0,0,8.0,0.6,0.97,2.5,0.788,0.119
OPS-100603,2026-01-28,Midlands,Estates Support,86,35,121,37,84,1,0,8.0,0.6,0.955,2.5,0.788,0.306
OPS-100604,2026-01-28,Midlands,Workplace Projects,0,16,16,16,0,0,0,1.7,0.979,0.979,4.7,0.72,1.0
OPS-100605,2026-01-28,South West,Workplace Services,339,45,384,25,359,0,0,8.0,0.6,0.982,2.5,0.703,0.065
OPS-100606,2026-01-28,South West,Facilities Response,0,59,59,46,13,1,0,2.3,0.913,0.977,3.7,0.689,0.78
OPS-100607,2026-01-28,South West,Estates Support,1,36,37,37,0,0,0,1.2,0.953,0.988,4.6,0.649,1.0
OPS-100608,2026-01-28,South West,Workplace Projects,7,26,33,33,0,0,0,1.2,0.997,0.952,4.6,0.673,1.0
OPS-100609,2026-01-28,South East,Workplace Services,0,21,21,21,0,0,0,1.3,0.999,1.0,4.5,0.669,1.0
OPS-100610,2026-01-28,South East,Facilities Response,596,47,643,20,623,0,0,8.0,0.6,0.985,2.5,0.751,0.031
OPS-100611,2026-01-28,South East,Estates Support,0,39,39,39,0,1,0,1.3,0.943,0.998,4.5,0.695,1.0
OPS-100612,2026-01-28,South East,Workplace Projects,235,52,287,25,262,0,0,8.0,0.6,0.971,2.5,0.719,0.087
OPS-100613,2026-01-28,Wales,Workplace Services,322,38,360,21,339,0,0,8.0,0.6,0.952,2.5,0.771,0.058
OPS-100614,2026-01-28,Wales,Facilities Response,265,38,303,31,272,0,0,8.0,0.6,0.961,2.5,0.706,0.102
OPS-100615,2026-01-28,Wales,Estates Support,182,43,225,32,193,0,0,8.0,0.6,1.0,2.5,0.755,0.142
OPS-100616,2026-01-28,Wales,Workplace Projects,0,38,38,38,0,0,0,1.9,0.974,0.927,4.4,0.74,1.0
OPS-100617,2026-01-29,Scotland,Workplace Services,95,39,134,33,101,2,1,8.0,0.6,0.953,2.5,0.705,0.246
OPS-100618,2026-01-29,Scotland,Facilities Response,0,38,38,38,0,0,0,1.0,0.997,1.0,4.4,0.71,1.0
OPS-100619,2026-01-29,Scotland,Estates Support,204,54,258,41,217,0,0,8.0,0.6,0.98,2.5,0.786,0.159
OPS-100620,2026-01-29,Scotland,Workplace Projects,0,31,31,31,0,0,0,1.7,0.954,1.0,4.7,0.777,1.0
OPS-100621,2026-01-29,North East,Workplace Services,0,37,37,37,0,0,0,1.6,,1.0,4.5,0.692,1.0
OPS-100622,2026-01-29,North East,Facilities Response,11,47,58,53,5,0,0,2.7,0.938,1.0,4.6,0.706,0.914
OPS-100623,2026-01-29,North East,Estates Support,463,41,504,20,484,0,0,8.0,0.6,0.992,2.5,0.709,0.04
OPS-100624,2026-01-29,North East,Workplace Projects,24,27,51,30,21,0,0,2.9,0.825,0.98,3.8,0.774,0.588
OPS-100625,2026-01-29,North West,Workplace Services,229,20,249,35,214,0,0,8.0,0.6,0.98,2.5,0.779,0.141
OPS-100626,2026-01-29,North West,Facilities Response,375,44,419,27,392,1,0,8.0,0.6,0.985,2.5,0.783,0.064
OPS-100627,2026-01-29,North West,Estates Support,497,51,548,18,530,1,0,8.0,0.6,0.983,2.5,0.667,0.033
OPS-100628,2026-01-29,North West,Workplace Projects,0,39,39,39,0,0,0,1.2,0.932,0.99,4.9,0.723,1.0
OPS-100629,2026-01-29,Midlands,Workplace Services,2,45,47,45,2,0,0,1.5,0.975,0.993,4.3,0.814,0.957
OPS-100630,2026-01-29,Midlands,Facilities Response,244,44,288,35,253,0,0,8.0,0.6,0.964,2.5,0.788,0.122
OPS-100631,2026-01-29,Midlands,Estates Support,84,66,150,36,114,0,0,8.0,0.6,1.0,2.5,0.788,0.24
OPS-100632,2026-01-29,Midlands,Workplace Projects,0,34,34,34,0,0,0,1.8,0.997,0.999,4.7,0.72,1.0
OPS-100633,2026-01-29,South West,Workplace Services,359,41,400,25,375,0,0,8.0,0.6,1.0,2.5,0.703,0.062
OPS-100634,2026-01-29,South West,Facilities Response,13,28,41,41,0,0,0,1.2,0.942,0.991,4.8,0.689,1.0
OPS-100635,2026-01-29,South West,Estates Support,0,38,38,38,0,0,0,1.8,0.981,0.977,4.7,0.649,1.0
OPS-100636,2026-01-29,South West,Workplace Projects,0,34,34,34,0,0,0,2.1,0.962,0.979,4.9,0.673,1.0
OPS-100637,2026-01-29,South East,Workplace Services,0,53,53,52,1,1,0,1.7,0.922,0.97,4.5,0.669,0.981
OPS-100638,2026-01-29,South East,Facilities Response,623,47,670,17,653,0,0,8.0,0.6,0.997,2.5,0.751,0.025
OPS-100639,2026-01-29,South East,Estates Support,0,65,65,45,20,0,0,3.2,0.863,1.0,4.1,0.695,0.692
OPS-100640,2026-01-29,South East,Workplace Projects,262,27,289,23,266,0,0,8.0,0.6,0.959,2.5,0.719,0.08
OPS-100641,2026-01-29,Wales,Workplace Services,339,35,374,27,347,0,0,8.0,0.6,0.991,2.5,0.771,0.072
OPS-100642,2026-01-29,Wales,Facilities Response,272,46,318,27,291,0,0,8.0,0.6,0.966,2.5,0.706,0.085
OPS-100643,2026-01-29,Wales,Estates Support,193,34,227,30,197,0,0,8.0,0.6,0.978,2.5,0.755,0.132
OPS-100644,2026-01-29,Wales,Workplace Projects,0,30,30,30,0,0,0,2.0,0.907,0.994,4.5,0.74,1.0
OPS-100645,2026-01-30,Scotland,Workplace Services,101,45,146,39,107,0,0,8.0,0.6,0.964,2.5,0.705,0.267
OPS-100646,2026-01-30,Scotland,Facilities Response,0,42,42,42,0,0,0,1.5,0.992,0.995,4.4,0.71,1.0
OPS-100647,2026-01-30,Scotland,Estates Support,217,36,253,38,215,0,0,8.0,0.6,0.975,2.5,0.786,0.15
OPS-100648,2026-01-30,Scotland,Workplace Projects,0,33,33,33,0,0,0,1.6,1.0,0.988,4.5,0.777,1.0
OPS-100649,2026-01-30,North East,Workplace Services,0,37,37,37,0,0,0,1.5,0.975,0.983,5.0,0.692,1.0
OPS-100650,2026-01-30,North East,Facilities Response,5,36,41,41,0,0,0,1.7,0.949,0.982,4.6,0.706,1.0
OPS-100651,2026-01-30,North East,Estates Support,484,51,535,19,516,0,0,8.0,0.6,0.982,2.5,0.709,0.036
OPS-100652,2026-01-30,North East,Workplace Projects,21,32,53,29,24,0,0,3.5,0.859,0.968,3.5,0.774,0.547
OPS-100653,2026-01-30,North West,Workplace Services,214,51,265,36,229,0,0,8.0,0.6,1.0,2.5,0.779,0.136
OPS-100654,2026-01-30,North West,Facilities Response,392,36,428,28,400,0,0,8.0,0.6,0.977,2.5,0.783,0.065
OPS-100655,2026-01-30,North West,Estates Support,530,48,578,16,562,0,0,8.0,0.6,0.992,2.5,0.667,0.028
OPS-100656,2026-01-30,North West,Workplace Projects,0,25,25,25,0,0,0,1.7,0.984,0.988,4.5,0.723,1.0
OPS-100657,2026-01-30,Midlands,Workplace Services,2,40,42,42,0,0,0,1.8,1.0,0.965,4.4,0.814,1.0
OPS-100658,2026-01-30,Midlands,Facilities Response,253,52,305,26,279,1,0,8.0,0.6,0.997,2.5,0.788,0.085
OPS-100659,2026-01-30,Midlands,Estates Support,114,43,157,32,125,0,0,8.0,0.6,0.988,2.5,0.788,0.204
OPS-100660,2026-01-30,Midlands,Workplace Projects,0,40,40,37,3,0,0,1.9,0.943,0.958,4.4,0.72,0.925
OPS-100661,2026-01-30,South West,Workplace Services,375,32,407,30,377,0,0,8.0,0.6,1.0,2.5,0.703,0.074
OPS-100662,2026-01-30,South West,Facilities Response,0,32,32,32,0,0,0,0.9,0.967,1.0,4.8,0.689,1.0
OPS-100663,2026-01-30,South West,Estates Support,0,34,34,34,0,0,0,1.6,0.989,0.963,4.5,0.649,1.0
OPS-100664,2026-01-30,South West,Workplace Projects,0,34,34,34,0,0,0,1.2,0.992,1.0,4.6,0.673,1.0
OPS-100665,2026-01-30,South East,Workplace Services,1,71,72,58,14,0,0,2.5,0.92,0.991,4.2,0.669,0.806
OPS-100666,2026-01-30,South East,Facilities Response,653,35,688,22,666,0,0,8.0,0.6,0.966,2.5,0.751,0.032
OPS-100667,2026-01-30,South East,Estates Support,20,38,58,58,0,0,0,1.7,1.0,0.978,4.8,0.695,1.0
OPS-100668,2026-01-30,South East,Workplace Projects,266,24,290,23,267,0,0,8.0,0.6,0.991,2.5,0.719,0.079
OPS-100669,2026-01-30,Wales,Workplace Services,347,54,401,26,375,0,0,8.0,0.6,0.982,2.5,0.771,0.065
OPS-100670,2026-01-30,Wales,Facilities Response,291,35,326,28,298,0,0,8.0,0.6,0.976,2.5,0.706,0.086
OPS-100671,2026-01-30,Wales,Estates Support,197,34,231,29,202,1,1,8.0,0.6,0.95,2.5,0.755,0.126
OPS-100672,2026-01-30,Wales,Workplace Projects,0,30,30,30,0,0,0,1.5,0.941,0.993,4.5,0.74,1.0
OPS-100673,2026-02-02,Scotland,Workplace Services,107,52,159,39,120,0,0,8.0,0.6,0.964,2.5,0.813,0.245
OPS-100674,2026-02-02,Scotland,Facilities Response,0,53,53,53,0,0,0,1.5,0.987,0.959,4.3,0.665,1.0
OPS-100675,2026-02-02,Scotland,Estates Support,215,22,237,38,199,0,0,8.0,0.6,0.975,2.5,0.7,0.16
OPS-100676,2026-02-02,Scotland,Workplace Projects,0,13,13,13,0,0,0,0.7,0.959,0.982,4.4,0.695,1.0
OPS-100677,2026-02-02,North East,Workplace Services,0,37,37,37,0,0,0,1.8,0.926,1.0,4.3,0.794,1.0
OPS-100678,2026-02-02,North East,Facilities Response,0,40,40,40,0,0,0,1.8,0.984,0.962,4.3,0.626,1.0
OPS-100679,2026-02-02,North East,Estates Support,516,36,552,28,524,0,0,8.0,0.6,0.966,2.5,0.755,0.051
OPS-100680,2026-02-02,North East,Workplace Projects,24,32,56,27,29,0,0,2.9,0.815,0.993,3.6,0.811,0.482
OPS-100681,2026-02-02,North West,Workplace Services,229,50,279,31,248,0,0,8.0,0.6,0.944,2.5,0.762,0.111
OPS-100682,2026-02-02,North West,Facilities Response,400,63,463,20,443,0,0,8.0,0.6,0.954,2.5,0.655,0.043
OPS-100683,2026-02-02,North West,Estates Support,562,47,609,25,584,0,0,8.0,0.6,0.996,2.5,0.672,0.041
OPS-100684,2026-02-02,North West,Workplace Projects,0,34,34,34,0,0,0,1.8,0.977,0.979,4.3,0.682,1.0
OPS-100685,2026-02-02,Midlands,Workplace Services,0,41,41,41,0,0,0,1.9,0.981,0.97,4.2,0.784,1.0
OPS-100686,2026-02-02,Midlands,Facilities Response,279,76,355,29,326,0,0,8.0,0.6,1.0,2.5,0.704,0.082
OPS-100687,2026-02-02,Midlands,Estates Support,125,26,151,37,114,0,0,8.0,0.6,0.972,2.5,0.729,0.245
OPS-100688,2026-02-02,Midlands,Workplace Projects,3,36,39,39,0,0,0,2.1,0.991,1.0,4.6,0.747,1.0
OPS-100689,2026-02-02,South West,Workplace Services,377,57,434,28,406,0,0,8.0,0.6,0.969,2.5,0.784,0.065
OPS-100690,2026-02-02,South West,Facilities Response,0,51,51,51,0,0,0,1.5,0.949,1.0,4.6,0.708,1.0
OPS-100691,2026-02-02,South West,Estates Support,0,48,48,48,0,0,0,1.7,0.965,1.0,4.6,0.801,1.0
OPS-100692,2026-02-02,South West,Workplace Projects,0,34,34,34,0,0,0,1.7,0.965,0.975,4.5,0.75,1.0
OPS-100693,2026-02-02,South East,Workplace Services,14,42,56,55,1,0,0,1.4,0.986,0.986,4.5,0.82,0.982
OPS-100694,2026-02-02,South East,Facilities Response,666,56,722,25,697,0,0,8.0,0.6,0.982,2.5,0.825,0.035
OPS-100695,2026-02-02,South East,Estates Support,0,72,72,52,20,2,1,3.9,0.695,0.965,3.6,0.759,0.722
OPS-100696,2026-02-02,South East,Workplace Projects,267,33,300,30,270,0,0,8.0,0.6,0.98,2.5,0.751,0.1
OPS-100697,2026-02-02,Wales,Workplace Services,375,27,402,23,379,1,0,8.0,0.6,0.994,2.5,0.657,0.057
OPS-100698,2026-02-02,Wales,Facilities Response,298,45,343,25,318,0,0,8.0,0.6,0.989,2.5,0.755,0.073
OPS-100699,2026-02-02,Wales,Estates Support,202,46,248,28,220,0,0,8.0,0.6,0.972,2.5,0.74,0.113
OPS-100700,2026-02-02,Wales,Workplace Projects,0,11,11,11,0,0,0,1.4,0.964,0.972,4.7,0.649,1.0
OPS-100701,2026-02-03,Scotland,Workplace Services,120,36,156,42,114,0,0,8.0,0.6,0.971,2.5,0.813,0.269
OPS-100702,2026-02-03,Scotland,Facilities Response,0,52,52,50,2,1,0,2.4,0.963,1.0,4.7,0.665,0.962
OPS-100703,2026-02-03,Scotland,Estates Support,199,42,241,40,201,0,0,8.0,0.6,0.971,2.5,0.7,0.166
OPS-100704,2026-02-03,Scotland,Workplace Projects,0,45,45,39,6,0,0,1.9,0.932,0.98,4.5,0.695,0.867
OPS-100705,2026-02-03,North East,Workplace Services,0,35,35,35,0,0,0,0.7,0.995,1.0,4.7,0.794,1.0
OPS-100706,2026-02-03,North East,Facilities Response,0,57,57,44,13,0,0,2.1,0.856,0.992,4.1,0.626,0.772
OPS-100707,2026-02-03,North East,Estates Support,524,41,565,26,539,0,0,8.0,0.6,0.993,2.5,0.755,0.046
OPS-100708,2026-02-03,North East,Workplace Projects,29,27,56,26,30,0,0,3.5,0.779,0.969,3.5,0.811,0.464
OPS-100709,2026-02-03,North West,Workplace Services,248,35,283,29,254,0,0,8.0,0.6,1.0,2.5,0.762,0.102
OPS-100710,2026-02-03,North West,Facilities Response,443,43,486,22,464,0,0,8.0,0.6,0.999,2.5,0.655,0.045
OPS-100711,2026-02-03,North West,Estates Support,584,47,631,21,610,0,0,8.0,0.6,0.999,2.5,0.672,0.033
OPS-100712,2026-02-03,North West,Workplace Projects,0,31,31,31,0,0,0,1.4,0.982,1.0,4.6,0.682,1.0
OPS-100713,2026-02-03,Midlands,Workplace Services,0,61,61,44,17,1,0,3.1,0.784,0.973,4.0,0.784,0.721
OPS-100714,2026-02-03,Midlands,Facilities Response,326,53,379,37,342,0,0,8.0,0.6,0.986,2.5,0.704,0.098
OPS-100715,2026-02-03,Midlands,Estates Support,114,45,159,28,131,0,0,8.0,0.6,0.996,2.5,0.729,0.176
OPS-100716,2026-02-03,Midlands,Workplace Projects,0,28,28,28,0,0,0,1.1,0.947,0.97,4.5,0.747,1.0
OPS-100717,2026-02-03,South West,Workplace Services,406,41,447,29,418,0,0,8.0,0.6,1.0,2.5,0.784,0.065
OPS-100718,2026-02-03,South West,Facilities Response,0,30,30,30,0,0,0,1.5,0.98,1.0,4.7,0.708,1.0
OPS-100719,2026-02-03,South West,Estates Support,0,46,46,46,0,0,0,1.3,0.945,0.992,4.9,0.801,1.0
OPS-100720,2026-02-03,South West,Workplace Projects,0,33,33,33,0,0,0,1.6,0.948,0.966,4.5,0.75,1.0
OPS-100721,2026-02-03,South East,Workplace Services,1,35,36,36,0,0,0,1.2,0.928,0.993,4.6,0.82,1.0
OPS-100722,2026-02-03,South East,Facilities Response,697,61,758,24,734,0,0,8.0,0.6,0.993,2.5,0.825,0.032
OPS-100723,2026-02-03,South East,Estates Support,20,57,77,58,19,0,0,2.7,0.869,0.983,3.6,0.759,0.753
OPS-100724,2026-02-03,South East,Workplace Projects,270,35,305,28,277,0,0,8.0,0.6,0.978,2.5,0.751,0.092
OPS-100725,2026-02-03,Wales,Workplace Services,379,29,408,29,379,0,0,8.0,0.6,0.969,2.5,0.657,0.071
OPS-100726,2026-02-03,Wales,Facilities Response,318,43,361,21,340,0,0,8.0,0.6,0.974,2.5,0.755,0.058
OPS-100727,2026-02-03,Wales,Estates Support,220,48,268,24,244,0,0,8.0,0.6,0.973,2.5,0.74,0.09
OPS-100728,2026-02-03,Wales,Workplace Projects,0,34,34,34,0,0,0,1.2,0.957,1.0,4.7,0.649,1.0
OPS-100729,2026-02-04,Scotland,Workplace Services,114,62,176,44,132,0,0,8.0,0.6,0.984,2.5,0.813,0.25
OPS-100730,2026-02-04,Scotland,Facilities Response,2,62,64,48,16,0,0,2.9,0.88,0.973,3.7,0.665,0.75
OPS-100731,2026-02-04,Scotland,Estates Support,201,38,239,30,209,0,0,8.0,0.6,0.998,2.5,0.7,0.126
OPS-100732,2026-02-04,Scotland,Workplace Projects,6,36,42,42,0,0,0,1.8,0.986,0.97,4.5,0.695,1.0
OPS-100733,2026-02-04,North East,Workplace Services,0,46,46,46,0,0,0,1.4,1.0,1.0,4.5,0.794,1.0
OPS-100734,2026-02-04,North East,Facilities Response,13,38,51,48,3,0,0,1.7,0.949,0.964,4.7,0.626,0.941
OPS-100735,2026-02-04,North East,Estates Support,539,36,575,23,552,0,0,8.0,0.6,0.987,2.5,0.755,0.04
OPS-100736,2026-02-04,North East,Workplace Projects,30,32,62,31,31,0,0,3.5,0.775,0.981,3.9,0.811,0.5
OPS-100737,2026-02-04,North West,Workplace Services,254,44,298,37,261,0,0,8.0,0.6,0.98,2.5,0.762,0.124
OPS-100738,2026-02-04,North West,Facilities Response,464,62,526,22,504,0,0,8.0,0.6,0.984,2.5,0.655,0.042
OPS-100739,2026-02-04,North West,Estates Support,610,44,654,23,631,0,0,8.0,0.6,1.0,2.5,0.672,0.035
OPS-100740,2026-02-04,North West,Workplace Projects,0,30,30,30,0,0,0,1.4,0.946,0.973,4.5,0.682,1.0
OPS-100741,2026-02-04,Midlands,Workplace Services,17,44,61,49,12,1,0,2.3,0.828,0.969,4.3,0.784,0.803
OPS-100742,2026-02-04,Midlands,Facilities Response,342,34,376,34,342,0,0,8.0,0.6,1.0,2.5,0.704,0.09
OPS-100743,2026-02-04,Midlands,Estates Support,131,32,163,31,132,0,0,8.0,0.6,0.998,2.5,0.729,0.19
OPS-100744,2026-02-04,Midlands,Workplace Projects,0,34,34,34,0,0,0,1.9,0.979,0.979,4.5,0.747,1.0
OPS-100745,2026-02-04,South West,Workplace Services,418,35,453,30,423,0,0,8.0,0.6,0.994,2.5,0.784,0.066
OPS-100746,2026-02-04,South West,Facilities Response,0,56,56,47,9,0,0,1.6,0.942,0.959,4.1,0.708,0.839
OPS-100747,2026-02-04,South West,Estates Support,0,39,39,39,0,0,0,1.6,0.919,0.949,4.5,0.801,1.0
OPS-100748,2026-02-04,South West,Workplace Projects,0,30,30,30,0,0,0,1.6,0.951,0.975,4.2,0.75,1.0
OPS-100749,2026-02-04,South East,Workplace Services,0,29,29,29,0,0,0,1.1,0.979,0.967,4.7,0.82,1.0
OPS-100750,2026-02-04,South East,Facilities Response,734,66,800,28,772,0,0,8.0,0.6,0.984,2.5,0.825,0.035
OPS-100751,2026-02-04,South East,Estates Support,19,36,55,52,3,0,0,2.2,0.94,0.984,4.5,0.759,0.945
OPS-100752,2026-02-04,South East,Workplace Projects,277,34,311,31,280,0,0,8.0,0.6,0.97,2.5,0.751,0.1
OPS-100753,2026-02-04,Wales,Workplace Services,379,26,405,23,382,0,0,8.0,0.6,0.975,2.5,0.657,0.057
OPS-100754,2026-02-04,Wales,Facilities Response,340,53,393,23,370,0,0,8.0,0.6,1.0,2.5,0.755,0.059
OPS-100755,2026-02-04,Wales,Estates Support,244,46,290,30,260,0,0,8.0,0.6,0.985,2.5,0.74,0.103
OPS-100756,2026-02-04,Wales,Workplace Projects,0,38,38,38,0,0,0,0.9,0.954,0.958,3.8,0.649,1.0
OPS-100757,2026-02-05,Scotland,Workplace Services,132,46,178,42,136,0,0,8.0,0.6,0.987,2.5,0.813,0.236
OPS-100758,2026-02-05,Scotland,Facilities Response,16,57,73,51,22,0,0,3.5,0.848,0.984,4.0,0.665,0.699
OPS-100759,2026-02-05,Scotland,Estates Support,209,36,245,31,214,0,0,8.0,0.6,0.988,2.5,0.7,0.127
OPS-100760,2026-02-05,Scotland,Workplace Projects,0,30,30,30,0,0,0,1.5,0.98,0.989,4.6,0.695,1.0
OPS-100761,2026-02-05,North East,Workplace Services,0,33,33,33,0,0,0,1.9,0.991,1.0,4.4,0.794,1.0
OPS-100762,2026-02-05,North East,Facilities Response,3,47,50,42,8,0,0,1.4,0.927,0.972,4.2,0.626,0.84
OPS-100763,2026-02-05,North East,Estates Support,552,49,601,27,574,0,0,8.0,0.6,0.987,2.5,0.755,0.045
OPS-100764,2026-02-05,North East,Workplace Projects,31,25,56,27,29,0,0,4.5,0.789,1.0,3.4,0.811,0.482
OPS-100765,2026-02-05,North West,Workplace Services,261,31,292,37,255,0,0,8.0,0.6,0.983,2.5,0.762,0.127
OPS-100766,2026-02-05,North West,Facilities Response,504,42,546,24,522,0,0,8.0,0.6,1.0,2.5,0.655,0.044
OPS-100767,2026-02-05,North West,Estates Support,631,50,681,20,661,0,0,8.0,0.6,0.996,2.5,0.672,0.029
OPS-100768,2026-02-05,North West,Workplace Projects,0,30,30,30,0,0,0,1.2,0.94,1.0,4.7,0.682,1.0
OPS-100769,2026-02-05,Midlands,Workplace Services,12,34,46,46,0,0,0,1.1,0.97,1.0,4.5,0.784,1.0
OPS-100770,2026-02-05,Midlands,Facilities Response,342,33,375,34,341,0,0,8.0,0.6,0.942,2.5,0.704,0.091
OPS-100771,2026-02-05,Midlands,Estates Support,132,33,165,35,130,0,0,8.0,0.6,1.0,2.5,0.729,0.212
OPS-100772,2026-02-05,Midlands,Workplace Projects,0,32,32,32,0,0,0,1.6,0.938,0.996,4.5,0.747,1.0
OPS-100773,2026-02-05,South West,Workplace Services,423,35,458,27,431,1,0,8.0,0.6,0.951,2.5,0.784,0.059
OPS-100774,2026-02-05,South West,Facilities Response,9,54,63,54,9,0,0,2.3,0.901,0.986,4.1,0.708,0.857
OPS-100775,2026-02-05,South West,Estates Support,0,37,37,37,0,0,0,1.0,0.921,0.983,4.6,0.801,1.0
OPS-100776,2026-02-05,South West,Workplace Projects,0,24,24,24,0,0,0,1.9,0.945,0.959,4.6,0.75,1.0
OPS-100777,2026-02-05,South East,Workplace Services,0,45,45,45,0,0,0,1.3,0.967,1.0,4.6,0.82,1.0
OPS-100778,2026-02-05,South East,Facilities Response,772,63,835,27,808,0,0,8.0,0.6,0.969,2.5,0.825,0.032
OPS-100779,2026-02-05,South East,Estates Support,3,61,64,60,4,0,0,1.7,0.978,0.946,4.3,0.759,0.938
OPS-100780,2026-02-05,South East,Workplace Projects,280,39,319,32,287,0,0,8.0,0.6,0.983,2.5,0.751,0.1
OPS-100781,2026-02-05,Wales,Workplace Services,382,53,435,23,412,0,0,8.0,0.6,1.0,2.5,0.657,0.053
OPS-100782,2026-02-05,Wales,Facilities Response,370,50,420,22,398,1,0,8.0,0.6,0.966,2.5,0.755,0.052
OPS-100783,2026-02-05,Wales,Estates Support,260,34,294,30,264,0,0,8.0,0.6,0.988,2.5,0.74,0.102
OPS-100784,2026-02-05,Wales,Workplace Projects,0,36,36,36,0,0,0,1.4,0.955,0.974,4.6,0.649,1.0
OPS-100785,2026-02-06,Scotland,Workplace Services,136,33,169,38,131,0,0,8.0,0.6,0.972,2.5,0.813,0.225
OPS-100786,2026-02-06,Scotland,Facilities Response,22,48,70,58,12,0,0,2.8,0.873,1.0,3.7,0.665,0.829
OPS-100787,2026-02-06,Scotland,Estates Support,214,58,272,39,233,0,0,8.0,0.6,1.0,2.5,0.7,0.143
OPS-100788,2026-02-06,Scotland,Workplace Projects,0,32,32,32,0,0,0,2.2,0.99,1.0,4.8,0.695,1.0
OPS-100789,2026-02-06,North East,Workplace Services,0,39,39,39,0,0,0,1.1,0.988,0.978,4.4,0.794,1.0
OPS-100790,2026-02-06,North East,Facilities Response,8,65,73,56,17,0,0,2.5,0.849,0.988,3.8,0.626,0.767
OPS-100791,2026-02-06,North East,Estates Support,574,49,623,22,601,0,0,8.0,0.6,0.978,2.5,0.755,0.035
OPS-100792,2026-02-06,North East,Workplace Projects,29,32,61,32,29,0,0,4.1,0.806,1.0,3.5,0.811,0.525
OPS-100793,2026-02-06,North West,Workplace Services,255,51,306,33,273,0,0,8.0,0.6,0.996,2.5,0.762,0.108
OPS-100794,2026-02-06,North West,Facilities Response,522,43,565,19,546,0,0,8.0,0.6,0.994,2.5,0.655,0.034
OPS-100795,2026-02-06,North West,Estates Support,661,33,694,23,671,0,0,8.0,0.6,0.987,2.5,0.672,0.033
OPS-100796,2026-02-06,North West,Workplace Projects,0,27,27,27,0,0,0,1.9,0.973,0.99,4.5,0.682,1.0
OPS-100797,2026-02-06,Midlands,Workplace Services,0,54,54,46,8,0,0,1.7,0.928,0.964,4.2,0.784,0.852
OPS-100798,2026-02-06,Midlands,Facilities Response,341,40,381,30,351,1,0,8.0,0.6,0.952,2.5,0.704,0.079
OPS-100799,2026-02-06,Midlands,Estates Support,130,31,161,28,133,0,0,8.0,0.6,0.976,2.5,0.729,0.174
OPS-100800,2026-02-06,Midlands,Workplace Projects,0,34,34,34,0,0,0,1.6,0.974,0.965,4.3,0.747,1.0
OPS-100801,2026-02-06,South West,Workplace Services,431,45,476,25,451,0,0,8.0,0.6,0.983,2.5,0.784,0.053
OPS-100802,2026-02-06,South West,Facilities Response,9,44,53,47,6,0,0,2.1,0.94,0.989,4.4,0.708,0.887
OPS-100803,2026-02-06,South West,Estates Support,0,48,48,48,0,0,0,1.7,0.933,1.0,4.7,0.801,1.0
OPS-100804,2026-02-06,South West,Workplace Projects,0,23,23,23,0,0,0,1.9,0.98,0.954,4.5,0.75,1.0
OPS-100805,2026-02-06,South East,Workplace Services,0,53,53,46,7,0,0,2.0,0.951,1.0,4.5,0.82,0.868
OPS-100806,2026-02-06,South East,Facilities Response,808,54,862,22,840,1,1,8.0,0.6,0.956,2.5,0.825,0.026
OPS-100807,2026-02-06,South East,Estates Support,4,52,56,56,0,2,0,2.2,0.966,0.984,4.4,0.759,1.0
OPS-100808,2026-02-06,South East,Workplace Projects,287,17,304,32,272,0,0,8.0,0.6,0.981,2.5,0.751,0.105
OPS-100809,2026-02-06,Wales,Workplace Services,412,41,453,27,426,0,0,8.0,0.6,0.995,2.5,0.657,0.06
OPS-100810,2026-02-06,Wales,Facilities Response,398,35,433,23,410,0,0,8.0,0.6,0.979,2.5,0.755,0.053
OPS-100811,2026-02-06,Wales,Estates Support,264,34,298,24,274,0,0,8.0,0.6,0.991,2.5,0.74,0.081
OPS-100812,2026-02-06,Wales,Workplace Projects,0,27,27,27,0,0,0,1.0,0.978,0.979,4.4,0.649,1.0
OPS-100813,2026-02-08,Scotland,Workplace Services,131,38,169,39,130,0,0,8.0,0.6,0.995,2.5,0.813,0.231
OPS-100814,2026-02-08,Scotland,Facilities Response,12,37,49,49,0,0,0,2.3,0.988,1.0,4.4,0.665,1.0
OPS-100815,2026-02-08,Scotland,Estates Support,233,40,273,36,237,0,0,8.0,0.6,0.99,2.5,0.7,0.132
OPS-100816,2026-02-08,Scotland,Workplace Projects,0,17,17,17,0,0,0,1.4,0.984,0.994,4.1,0.695,1.0
OPS-100817,2026-02-08,North East,Workplace Services,0,36,36,36,0,0,0,1.1,0.963,0.964,4.7,0.794,1.0
OPS-100818,2026-02-08,North East,Facilities Response,17,44,61,50,11,0,0,1.8,0.914,0.964,3.9,0.626,0.82
OPS-100819,2026-02-08,North East,Estates Support,601,45,646,26,620,0,0,8.0,0.6,0.986,2.5,0.755,0.04
OPS-100820,2026-02-08,North East,Workplace Projects,29,29,58,28,30,0,0,4.3,0.778,0.996,3.4,0.811,0.483
OPS-100821,2026-02-08,North West,Workplace Services,273,26,299,37,262,0,0,8.0,0.6,1.0,2.5,0.762,0.124
OPS-100822,2026-02-08,North West,Facilities Response,546,47,593,22,571,0,0,8.0,0.6,1.0,2.5,0.655,0.037
OPS-100823,2026-02-08,North West,Estates Support,671,34,705,23,682,0,0,8.0,0.6,0.997,2.5,0.672,0.033
OPS-100824,2026-02-08,North West,Workplace Projects,0,20,20,20,0,0,0,0.9,0.976,0.992,4.7,0.682,1.0
OPS-100825,2026-02-08,Midlands,Workplace Services,8,32,40,40,0,0,0,1.2,0.93,0.959,4.8,0.784,1.0
OPS-100826,2026-02-08,Midlands,Facilities Response,351,38,389,28,361,0,0,8.0,0.6,0.982,2.5,0.704,0.072
OPS-100827,2026-02-08,Midlands,Estates Support,133,27,160,33,127,0,0,8.0,0.6,0.994,2.5,0.729,0.206
OPS-100828,2026-02-08,Midlands,Workplace Projects,0,24,24,24,0,0,0,1.7,0.941,1.0,4.6,0.747,1.0
OPS-100829,2026-02-08,South West,Workplace Services,451,41,492,27,465,0,0,8.0,0.6,0.958,2.5,0.784,0.055
OPS-100830,2026-02-08,South West,Facilities Response,6,51,57,56,1,0,0,1.7,0.998,0.997,4.7,0.708,0.982
OPS-100831,2026-02-08,South West,Estates Support,0,41,41,41,0,0,0,1.8,0.971,0.951,4.7,0.801,1.0
OPS-100832,2026-02-08,South West,Workplace Projects,0,33,33,33,0,0,0,1.9,1.0,0.989,4.6,0.75,1.0
OPS-100833,2026-02-08,South East,Workplace Services,7,40,47,44,3,0,0,1.1,0.949,0.983,4.4,0.82,0.936
OPS-100834,2026-02-08,South East,Facilities Response,840,55,895,23,872,0,0,8.0,0.6,0.98,2.5,0.825,0.026
OPS-100835,2026-02-08,South East,Estates Support,0,47,47,47,0,0,0,1.7,0.959,1.0,4.5,0.759,1.0
OPS-100836,2026-02-08,South East,Workplace Projects,272,40,312,27,285,0,0,8.0,0.6,0.986,2.5,0.751,0.087
OPS-100837,2026-02-08,Wales,Workplace Services,426,52,478,29,449,0,0,8.0,0.6,0.994,2.5,0.657,0.061
OPS-100838,2026-02-08,Wales,Facilities Response,410,46,456,28,428,0,0,8.0,0.6,0.959,2.5,0.755,0.061
OPS-100839,2026-02-08,Wales,Estates Support,274,36,310,26,284,0,0,8.0,0.6,1.0,2.5,0.74,0.084
OPS-100840,2026-02-08,Wales,Workplace Projects,0,26,26,26,0,0,0,1.5,0.984,1.0,4.4,0.649,1.0
OPS-100841,2026-02-09,Scotland,Workplace Services,130,49,179,37,142,0,0,8.0,0.6,0.935,2.5,0.813,0.207
OPS-100842,2026-02-09,Scotland,Facilities Response,0,30,30,30,0,0,0,1.6,0.951,0.975,4.6,0.665,1.0
OPS-100843,2026-02-09,Scotland,Estates Support,237,54,291,34,257,0,0,8.0,0.6,0.979,2.5,0.7,0.117
OPS-100844,2026-02-09,Scotland,Workplace Projects,0,31,31,31,0,0,0,1.4,0.961,0.959,4.6,0.695,1.0
OPS-100845,2026-02-09,North East,Workplace Services,0,47,47,39,8,0,0,2.2,0.963,0.949,4.4,0.794,0.83
OPS-100846,2026-02-09,North East,Facilities Response,11,70,81,43,38,0,0,4.5,0.759,1.0,3.0,0.626,0.531
OPS-100847,2026-02-09,North East,Estates Support,620,40,660,26,634,0,0,8.0,0.6,0.981,2.5,0.755,0.039
OPS-100848,2026-02-09,North East,Workplace Projects,30,29,59,28,31,0,0,3.9,0.748,0.96,3.5,0.811,0.475
OPS-100849,2026-02-09,North West,Workplace Services,262,37,299,29,270,1,1,8.0,0.6,0.966,2.5,0.762,0.097
OPS-100850,2026-02-09,North West,Facilities Response,571,52,623,20,603,1,0,8.0,0.6,1.0,2.5,0.655,0.032
OPS-100851,2026-02-09,North West,Estates Support,682,45,727,21,706,0,0,8.0,0.6,0.997,2.5,0.672,0.029
OPS-100852,2026-02-09,North West,Workplace Projects,0,35,35,35,0,0,0,1.2,0.953,0.997,4.5,0.682,1.0
OPS-100853,2026-02-09,Midlands,Workplace Services,0,26,26,26,0,0,0,1.8,0.964,0.999,4.5,0.784,1.0
OPS-100854,2026-02-09,Midlands,Facilities Response,361,47,408,35,373,0,0,8.0,0.6,1.0,2.5,0.704,0.086
OPS-100855,2026-02-09,Midlands,Estates Support,127,37,164,29,135,0,0,8.0,0.6,1.0,2.5,0.729,0.177
OPS-100856,2026-02-09,Midlands,Workplace Projects,0,26,26,26,0,0,0,1.8,0.963,0.993,4.2,0.747,1.0
OPS-100857,2026-02-09,South West,Workplace Services,465,41,506,24,482,0,0,8.0,0.6,0.994,2.5,0.784,0.047
OPS-100858,2026-02-09,South West,Facilities Response,1,44,45,45,0,0,0,1.2,0.948,0.974,4.5,0.708,1.0
OPS-100859,2026-02-09,South West,Estates Support,0,39,39,39,0,0,0,1.4,0.947,0.978,4.3,0.801,1.0
OPS-100860,2026-02-09,South West,Workplace Projects,0,26,26,26,0,0,0,1.8,1.0,0.96,4.6,0.75,1.0
OPS-100861,2026-02-09,South East,Workplace Services,3,56,59,54,5,0,0,2.1,0.946,0.97,4.5,0.82,0.915
OPS-100862,2026-02-09,South East,Facilities Response,872,62,934,20,914,1,1,8.0,0.6,0.992,2.5,0.825,0.021
OPS-100863,2026-02-09,South East,Estates Support,0,39,39,39,0,1,0,1.5,0.918,0.984,4.8,0.759,1.0
OPS-100864,2026-02-09,South East,Workplace Projects,285,47,332,30,302,0,0,8.0,0.6,1.0,2.5,0.751,0.09
OPS-100865,2026-02-09,Wales,Workplace Services,449,25,474,29,445,0,0,8.0,0.6,0.965,2.5,0.657,0.061
OPS-100866,2026-02-09,Wales,Facilities Response,428,31,459,27,432,0,0,8.0,0.6,0.991,2.5,0.755,0.059
OPS-100867,2026-02-09,Wales,Estates Support,284,47,331,32,299,0,0,8.0,0.6,0.983,2.5,0.74,0.097
OPS-100868,2026-02-09,Wales,Workplace Projects,0,33,33,33,0,0,0,1.1,0.99,0.973,4.5,0.649,1.0
OPS-100869,2026-02-10,Scotland,Workplace Services,142,37,179,40,139,0,0,8.0,0.6,0.99,2.5,0.813,0.223
OPS-100870,2026-02-10,Scotland,Facilities Response,0,42,42,42,0,0,0,1.3,0.933,0.965,4.7,0.665,1.0
OPS-100871,2026-02-10,Scotland,Estates Support,257,42,299,33,266,0,0,8.0,0.6,0.965,2.5,0.7,0.11
OPS-100872,2026-02-10,Scotland,Workplace Projects,0,26,26,26,0,0,0,1.3,0.949,0.955,4.7,0.695,1.0
OPS-100873,2026-02-10,North East,Workplace Services,8,26,34,34,0,0,0,1.3,0.987,0.99,4.4,0.794,1.0
OPS-100874,2026-02-10,North East,Facilities Response,38,46,84,45,39,0,0,4.9,0.715,0.97,3.0,0.626,0.536
OPS-100875,2026-02-10,North East,Estates Support,634,37,671,28,643,0,0,8.0,0.6,0.973,2.5,0.755,0.042
OPS-100876,2026-02-10,North East,Workplace Projects,31,25,56,28,28,0,0,3.9,0.781,1.0,3.6,0.811,0.5
OPS-100877,2026-02-10,North West,Workplace Services,270,30,300,29,271,0,0,8.0,0.6,0.996,2.5,0.762,0.097
OPS-100878,2026-02-10,North West,Facilities Response,603,56,659,20,639,0,0,8.0,0.6,0.974,2.5,0.655,0.03
OPS-100879,2026-02-10,North West,Estates Support,706,37,743,24,719,0,0,8.0,0.6,0.978,2.5,0.672,0.032
OPS-100880,2026-02-10,North West,Workplace Projects,0,33,33,33,0,0,0,1.1,0.987,0.965,4.3,0.682,1.0
OPS-100881,2026-02-10,Midlands,Workplace Services,0,64,64,41,23,1,0,3.6,0.769,0.971,3.8,0.784,0.641
OPS-100882,2026-02-10,Midlands,Facilities Response,373,20,393,31,362,0,0,8.0,0.6,0.974,2.5,0.704,0.079
OPS-100883,2026-02-10,Midlands,Estates Support,135,42,177,30,147,0,0,8.0,0.6,0.993,2.5,0.729,0.169
OPS-100884,2026-02-10,Midlands,Workplace Projects,0,41,41,38,3,1,0,1.6,0.939,0.972,4.6,0.747,0.927
OPS-100885,2026-02-10,South West,Workplace Services,482,37,519,27,492,0,0,8.0,0.6,0.956,2.5,0.784,0.052
OPS-100886,2026-02-10,South West,Facilities Response,0,38,38,38,0,0,0,2.0,0.993,0.996,4.9,0.708,1.0
OPS-100887,2026-02-10,South West,Estates Support,0,26,26,26,0,0,0,1.2,0.973,0.975,4.9,0.801,1.0
OPS-100888,2026-02-10,South West,Workplace Projects,0,26,26,26,0,0,0,2.1,0.975,0.996,4.6,0.75,1.0
OPS-100889,2026-02-10,South East,Workplace Services,5,39,44,44,0,0,0,1.1,0.953,1.0,4.5,0.82,1.0
OPS-100890,2026-02-10,South East,Facilities Response,914,52,966,23,943,0,0,8.0,0.6,0.992,2.5,0.825,0.024
OPS-100891,2026-02-10,South East,Estates Support,0,44,44,44,0,0,0,1.2,0.992,0.993,4.6,0.759,1.0
OPS-100892,2026-02-10,South East,Workplace Projects,302,41,343,25,318,0,0,8.0,0.6,0.967,2.5,0.751,0.073
OPS-100893,2026-02-10,Wales,Workplace Services,445,42,487,27,460,0,0,8.0,0.6,0.99,2.5,0.657,0.055
OPS-100894,2026-02-10,Wales,Facilities Response,432,47,479,22,457,0,0,8.0,0.6,0.967,2.5,0.755,0.046
OPS-100895,2026-02-10,Wales,Estates Support,299,30,329,26,303,0,0,8.0,0.6,1.0,2.5,0.74,0.079
OPS-100896,2026-02-10,Wales,Workplace Projects,0,26,26,26,0,0,0,1.7,0.961,0.997,4.5,0.649,1.0
OPS-100897,2026-02-11,Scotland,Workplace Services,139,73,212,41,171,0,0,8.0,0.6,1.0,2.5,0.813,0.193
OPS-100898,2026-02-11,Scotland,Facilities Response,0,47,47,47,0,0,0,1.4,0.975,0.996,4.6,0.665,1.0
OPS-100899,2026-02-11,Scotland,Estates Support,266,39,305,41,264,0,0,8.0,0.6,0.99,2.5,0.7,0.134
OPS-100900,2026-02-11,Scotland,Workplace Projects,0,25,25,25,0,0,0,2.0,0.923,0.975,4.7,0.695,1.0
OPS-100901,2026-02-11,North East,Workplace services,0,45,45,40,5,1,0,1.4,0.934,0.963,4.3,0.794,0.889
OPS-100902,2026-02-11,North East,Facilities Response,39,44,83,48,35,0,0,4.2,0.75,0.973,3.3,0.626,0.578
OPS-100903,2026-02-11,North East,Estates Support,643,24,667,22,645,0,0,8.0,0.6,1.0,2.5,0.755,0.033
OPS-100904,2026-02-11,North East,Workplace Projects,28,30,58,30,28,0,0,3.9,0.759,1.0,3.4,0.811,0.517
OPS-100905,2026-02-11,North West,Workplace Services,271,34,305,30,275,0,0,8.0,0.6,0.988,2.5,0.762,0.098
OPS-100906,2026-02-11,North West,Facilities Response,639,43,682,19,663,0,0,8.0,0.6,1.0,2.5,0.655,0.028
OPS-100907,2026-02-11,North West,Estates Support,719,40,759,22,737,0,0,8.0,0.6,1.0,2.5,0.672,0.029
OPS-100908,2026-02-11,North West,Workplace Projects,0,27,27,27,0,0,0,1.5,0.988,0.971,4.5,0.682,1.0
OPS-100909,2026-02-11,Midlands,Workplace Services,23,42,65,48,17,0,0,2.8,0.853,0.988,4.1,0.784,0.738
OPS-100910,2026-02-11,Midlands,Facilities Response,362,39,401,37,364,1,0,8.0,0.6,0.953,2.5,0.704,0.092
OPS-100911,2026-02-11,Midlands,Estates Support,147,47,194,33,161,0,0,8.0,0.6,0.986,2.5,0.729,0.17
OPS-100912,2026-02-11,Midlands,Workplace Projects,3,32,35,35,0,0,0,1.4,1.0,0.976,4.5,0.747,1.0
OPS-100913,2026-02-11,South West,Workplace Services,492,32,524,27,497,0,0,8.0,0.6,0.949,2.5,0.784,0.052
OPS-100914,2026-02-11,South West,Facilities Response,0,34,34,34,0,0,0,1.5,0.965,0.978,4.5,0.708,1.0
OPS-100915,2026-02-11,South West,Estates Support,0,47,47,47,0,0,0,1.6,0.968,0.994,4.4,0.801,1.0
OPS-100916,2026-02-11,South West,Workplace Projects,0,33,33,33,0,0,0,1.5,0.965,0.956,4.8,0.75,1.0
OPS-100917,2026-02-11,South East,Workplace Services,0,45,45,45,0,1,0,0.8,0.952,0.987,4.3,0.82,1.0
OPS-100918,2026-02-11,South East,Facilities Response,943,51,994,23,971,0,0,8.0,0.6,0.981,2.5,0.825,0.023
OPS-100919,2026-02-11,South East,Estates Support,0,29,29,29,0,0,0,1.7,0.963,0.979,4.6,0.759,1.0
OPS-100920,2026-02-11,South East,Workplace Projects,318,34,352,24,328,0,0,8.0,0.6,0.975,2.5,0.751,0.068
OPS-100921,2026-02-11,Wales,Workplace Services,460,48,508,30,478,0,0,8.0,0.6,1.0,2.5,0.657,0.059
OPS-100922,2026-02-11,Wales,Facilities Response,457,34,491,24,467,0,0,8.0,0.6,0.974,2.5,0.755,0.049
OPS-100923,2026-02-11,Wales,Estates Support,303,47,350,26,324,0,0,8.0,0.6,0.988,2.5,0.74,0.074
OPS-100924,2026-02-11,Wales,Workplace Projects,0,30,30,30,0,0,0,1.0,0.926,0.999,4.5,0.649,1.0
OPS-100925,2026-02-12,Scotland,Workplace Services,171,44,215,42,173,0,0,8.0,0.6,0.969,2.5,0.813,0.195
OPS-100926,2026-02-12,Scotland,Facilities Response,0,35,35,35,0,0,0,1.8,1.0,1.0,4.7,0.665,1.0
OPS-100927,2026-02-12,Scotland,Estates Support,264,31,295,31,264,0,0,8.0,0.6,0.992,2.5,0.7,0.105
OPS-100928,2026-02-12,Scotland,Workplace Projects,0,33,33,33,0,0,0,1.3,0.956,0.969,4.7,0.695,1.0
OPS-100929,2026-02-12,North East,Workplace Services,5,42,47,40,7,0,0,2.1,0.902,0.981,4.3,0.794,0.851
OPS-100930,2026-02-12,North East,Facilities Response,35,43,78,55,23,0,0,3.2,0.806,0.983,3.6,0.626,0.705
OPS-100931,2026-02-12,North East,Estates Support,645,45,690,22,668,0,0,8.0,0.6,0.962,2.5,0.755,0.032
OPS-100932,2026-02-12,North East,Workplace Projects,28,31,59,26,33,0,0,3.6,0.766,0.972,3.4,0.811,0.441
OPS-100933,2026-02-12,North West,Workplace Services,275,30,305,38,267,0,0,8.0,0.6,0.994,2.5,0.762,0.125
OPS-100934,2026-02-12,North West,Facilities Response,663,33,696,23,673,0,0,8.0,0.6,1.0,2.5,0.655,0.033
OPS-100935,2026-02-12,North West,Estates Support,737,34,771,18,753,0,0,8.0,0.6,0.99,2.5,0.672,0.023
OPS-100936,2026-02-12,North West,Workplace Projects,0,35,35,35,0,0,0,1.4,0.985,1.0,4.6,0.682,1.0
OPS-100937,2026-02-12,Midlands,Workplace Services,17,27,44,44,0,0,0,1.2,0.977,0.998,4.4,0.784,1.0
OPS-100938,2026-02-12,Midlands,Facilities Response,364,47,411,31,380,0,0,8.0,0.6,0.982,2.5,0.704,0.075
OPS-100939,2026-02-12,Midlands,Estates Support,161,39,200,32,168,0,0,8.0,0.6,0.98,2.5,0.729,0.16
OPS-100940,2026-02-12,Midlands,Workplace Projects,0,18,18,18,0,0,0,0.9,0.988,0.982,4.3,0.747,1.0
OPS-100941,2026-02-12,South West,Workplace Services,497,40,537,29,508,0,0,8.0,0.6,0.971,2.5,0.784,0.054
OPS-100942,2026-02-12,South West,Facilities Response,0,50,50,48,2,0,0,2.1,0.955,0.957,4.7,0.708,0.96
OPS-100943,2026-02-12,South West,Estates Support,0,34,34,34,0,0,0,1.0,0.942,0.97,4.5,0.801,1.0
OPS-100944,2026-02-12,South West,Workplace Projects,0,24,24,24,0,0,0,1.9,0.971,0.952,4.7,0.75,1.0
OPS-100945,2026-02-12,South East,Workplace Services,0,49,49,49,0,0,0,1.6,1.0,0.977,4.7,0.82,1.0
OPS-100946,2026-02-12,South East,Facilities Response,971,46,1017,24,993,0,0,8.0,0.6,0.957,2.5,0.825,0.024
OPS-100947,2026-02-12,South East,Estates Support,0,35,35,35,0,0,0,1.2,0.965,0.962,4.4,0.759,1.0
OPS-100948,2026-02-12,South East,Workplace Projects,328,29,357,31,326,0,0,8.0,0.6,1.0,2.5,0.751,0.087
OPS-100949,2026-02-12,Wales,Workplace Services,478,43,521,30,491,0,0,8.0,0.6,0.97,2.5,0.657,0.058
OPS-100950,2026-02-12,Wales,Facilities Response,467,54,521,26,495,0,0,8.0,0.6,0.962,2.5,0.755,0.05
OPS-100951,2026-02-12,Wales,Estates Support,324,45,369,27,342,0,0,8.0,0.6,1.0,2.5,0.74,0.073
OPS-100952,2026-02-12,Wales,Workplace Projects,0,24,24,24,0,0,0,1.9,1.0,0.983,4.6,0.649,1.0
OPS-100953,2026-02-13,Scotland,Workplace Services,173,27,200,34,166,0,0,8.0,0.6,1.0,2.5,0.813,0.17
OPS-100954,2026-02-13,Scotland,Facilities Response,0,34,34,34,0,1,0,1.3,0.947,0.967,4.4,0.665,1.0
OPS-100955,2026-02-13,Scotland,Estates Support,264,37,301,32,269,0,0,8.0,0.6,1.0,2.5,0.7,0.106
OPS-100956,2026-02-13,Scotland,Workplace Projects,0,32,32,32,0,0,0,1.5,0.963,0.976,4.6,0.695,1.0
OPS-100957,2026-02-13,North East,Workplace Services,7,50,57,41,16,0,0,2.5,0.845,0.977,4.2,0.794,0.719
OPS-100958,2026-02-13,North East,Facilities Response,23,43,66,50,16,0,0,3.2,0.881,0.962,3.9,0.626,0.758
OPS-100959,2026-02-13,North East,Estates Support,668,55,723,23,700,0,0,8.0,0.6,0.989,2.5,0.755,0.032
OPS-100960,2026-02-13,North East,Workplace Projects,33,32,65,28,37,0,0,4.5,0.753,1.0,3.3,0.811,0.431
OPS-100961,2026-02-13,North West,Workplace Services,267,38,305,30,275,0,0,8.0,0.6,0.999,2.5,0.762,0.098
OPS-100962,2026-02-13,North West,Facilities Response,673,43,716,20,696,1,1,8.0,0.6,0.975,2.5,0.655,0.028
OPS-100963,2026-02-13,North West,Estates Support,753,51,804,22,782,0,0,8.0,0.6,0.985,2.5,0.672,0.027
OPS-100964,2026-02-13,North West,Workplace Projects,0,36,36,36,0,0,0,1.5,0.964,0.996,4.3,0.682,1.0
OPS-100965,2026-02-13,Midlands,Workplace Services,0,46,46,46,0,0,0,1.9,0.974,0.992,4.5,0.784,1.0
OPS-100966,2026-02-13,Midlands,Facilities Response,380,41,421,31,390,0,0,8.0,0.6,0.963,2.5,0.704,0.074
OPS-100967,2026-02-13,Midlands,Estates Support,168,49,217,35,182,0,0,8.0,0.6,0.972,2.5,0.729,0.161
OPS-100968,2026-02-13,Midlands,Workplace Projects,0,23,23,23,0,0,0,1.1,0.98,0.99,4.6,0.747,1.0
OPS-100969,2026-02-13,South West,Workplace Services,508,59,567,24,543,1,1,8.0,0.6,0.958,2.5,0.784,0.042
OPS-100970,2026-02-13,South West,Facilities Response,2,40,42,42,0,0,0,2.0,0.965,0.988,4.2,0.708,1.0
OPS-100971,2026-02-13,South West,Estates Support,0,63,63,55,8,0,0,1.7,0.951,1.0,4.3,0.801,0.873
OPS-100972,2026-02-13,South West,Workplace Projects,0,23,23,23,0,0,0,1.5,1.0,0.992,4.5,0.75,1.0
OPS-100973,2026-02-13,South East,Workplace Services,0,35,35,35,0,0,0,1.8,0.978,0.972,4.5,0.82,1.0
OPS-100974,2026-02-13,South East,Facilities Response,993,39,1032,29,1003,0,0,8.0,0.6,0.98,2.5,0.825,0.028
OPS-100975,2026-02-13,South East,Estates Support,0,24,24,24,0,0,0,1.1,0.974,0.987,4.6,0.759,1.0
OPS-100976,2026-02-13,South East,Workplace Projects,326,27,353,28,325,1,0,8.0,0.6,0.965,2.5,0.751,0.079
OPS-100977,2026-02-13,Wales,Workplace Services,491,51,542,28,514,0,0,8.0,0.6,0.961,2.5,0.657,0.052
OPS-100978,2026-02-13,Wales,Facilities Response,495,39,534,28,506,0,0,8.0,0.6,0.946,2.5,0.755,0.052
OPS-100979,2026-02-13,Wales,Estates Support,342,26,368,30,338,0,0,8.0,0.6,1.0,2.5,0.74,0.082
OPS-100980,2026-02-13,Wales,Workplace Projects,0,43,43,42,1,0,0,1.6,0.969,0.976,4.7,0.649,0.977
OPS-100981,2026-02-16,Scotland,Workplace Services,166,44,210,34,176,0,0,8.0,0.6,0.979,2.5,0.813,0.162
OPS-100982,2026-02-16,Scotland,Facilities Response,0,32,32,32,0,0,0,1.5,0.934,0.977,4.4,0.665,1.0
OPS-100983,2026-02-16,Scotland,Estates Support,269,51,320,31,289,1,1,8.0,0.6,0.955,2.5,0.7,0.097
OPS-100984,2026-02-16,Scotland,Workplace Projects,0,36,36,36,0,0,0,0.9,0.961,1.0,4.5,0.695,1.0
OPS-100985,2026-02-16,North East,Workplace Services,16,29,45,40,5,0,0,1.5,0.937,0.987,4.2,0.794,0.889
OPS-100986,2026-02-16,North East,Facilities Response,16,44,60,54,6,1,0,1.9,0.896,0.989,4.1,0.626,0.9
OPS-100987,2026-02-16,North East,Estates Support,700,31,731,24,707,0,0,8.0,0.6,1.0,2.5,0.755,0.033
OPS-100988,2026-02-16,North East,Workplace Projects,37,21,58,30,28,0,0,3.5,0.795,0.964,3.7,0.811,0.517
OPS-100989,2026-02-16,North West,Workplace Services,275,37,312,31,281,0,0,8.0,0.6,1.0,2.5,0.762,0.099
OPS-100990,2026-02-16,North West,Facilities Response,696,36,732,18,714,0,0,8.0,0.6,1.0,2.5,0.655,0.025
OPS-100991,2026-02-16,North West,Estates Support,782,53,835,20,815,0,0,8.0,0.6,1.0,2.5,0.672,0.024
OPS-100992,2026-02-16,North West,Workplace Projects,0,30,30,30,0,0,0,1.0,0.992,1.0,4.4,0.682,1.0
OPS-100993,2026-02-16,Midlands,Workplace Services,0,28,28,28,0,0,0,1.7,0.968,0.979,4.6,0.784,1.0
OPS-100994,2026-02-16,Midlands,Facilities Response,390,33,423,32,391,0,0,8.0,0.6,0.981,2.5,0.704,0.076
OPS-100995,2026-02-16,Midlands,Estates Support,182,22,204,31,173,0,0,8.0,0.6,0.982,2.5,0.729,0.152
OPS-100996,2026-02-16,Midlands,Workplace Projects,0,42,42,40,2,0,0,1.2,0.944,0.999,4.5,0.747,0.952
OPS-100997,2026-02-16,South West,Workplace Services,543,43,586,29,557,0,0,8.0,0.6,0.988,2.5,0.784,0.049
OPS-100998,2026-02-16,South West,Facilities Response,0,41,41,41,0,0,0,0.9,0.968,0.99,4.3,0.708,1.0
OPS-100999,2026-02-16,South West,Estates Support,8,38,46,46,0,0,0,2.1,0.964,1.0,4.7,0.801,1.0
OPS-101000,2026-02-16,South West,Workplace Projects,0,25,25,25,0,0,0,2.0,0.969,0.98,4.6,0.75,1.0
OPS-101001,2026-02-16,South East,Workplace Services,0,53,53,53,0,0,0,1.7,0.953,1.0,4.8,0.82,1.0
OPS-101002,2026-02-16,South East,Facilities Response,1003,47,1050,26,1024,0,0,8.0,0.6,0.989,2.5,0.825,0.025
OPS-101003,2026-02-16,South East,Estates Support,0,46,46,46,0,1,0,1.8,0.952,0.986,4.5,0.759,1.0
OPS-101004,2026-02-16,South East,Workplace Projects,325,32,357,23,334,0,0,8.0,0.6,0.964,2.5,0.751,0.064
OPS-101005,2026-02-16,Wales,Workplace Services,514,60,574,24,550,0,0,8.0,0.6,0.996,2.5,0.657,0.042
OPS-101006,2026-02-16,Wales,Facilities Response,506,44,550,25,525,0,0,8.0,0.6,0.984,2.5,0.755,0.045
OPS-101007,2026-02-16,Wales,Estates Support,338,49,387,27,360,0,0,8.0,0.6,0.974,2.5,0.74,0.07
OPS-101008,2026-02-16,Wales,Workplace Projects,1,27,28,28,0,0,0,1.6,0.998,1.0,4.8,0.649,1.0
OPS-101009,2026-02-17,Scotland,Workplace Services,176,33,209,43,166,0,0,8.0,0.6,0.989,2.5,0.813,0.206
OPS-101010,2026-02-17,Scotland,Facilities Response,0,33,33,33,0,0,0,1.5,0.962,0.978,4.5,0.665,1.0
OPS-101011,2026-02-17,Scotland,Estates Support,289,43,332,38,294,0,0,8.0,0.6,1.0,2.5,0.7,0.114
OPS-101012,2026-02-17,Scotland,Workplace Projects,0,34,34,34,0,1,0,1.9,0.922,0.975,4.8,0.695,1.0
OPS-101013,2026-02-17,North East,Workplace Services,5,42,47,46,1,0,0,1.8,0.993,0.955,4.4,0.794,0.979
OPS-101014,2026-02-17,North East,Facilities Response,6,41,47,42,5,0,0,2.0,0.909,0.965,4.6,0.626,0.894
OPS-101015,2026-02-17,North East,Estates Support,707,31,738,22,716,0,0,8.0,0.6,0.978,2.5,0.755,0.03
OPS-101016,2026-02-17,North East,Workplace Projects,28,31,59,28,31,0,0,4.5,0.799,0.988,3.9,0.811,0.475
OPS-101017,2026-02-17,North West,Workplace Services,281,45,326,32,294,0,0,8.0,0.6,1.0,2.5,0.762,0.098
OPS-101018,2026-02-17,North West,Facilities Response,714,38,752,23,729,0,0,8.0,0.6,0.977,2.5,0.655,0.031
OPS-101019,2026-02-17,North West,Estates Support,815,59,874,20,854,0,0,8.0,0.6,0.978,2.5,0.672,0.023
OPS-101020,2026-02-17,North West,Workplace Projects,0,16,16,16,0,0,0,2.1,1.0,0.977,4.6,0.682,1.0
OPS-101021,2026-02-17,Midlands,Workplace Services,0,33,33,33,0,0,0,1.4,0.931,1.0,4.3,0.784,1.0
OPS-101022,2026-02-17,Midlands,Facilities Response,391,46,437,32,405,0,0,8.0,0.6,0.988,2.5,0.704,0.073
OPS-101023,2026-02-17,Midlands,Estates Support,173,16,189,37,152,0,0,8.0,0.6,0.982,2.5,0.729,0.196
OPS-101024,2026-02-17,Midlands,Workplace Projects,2,31,33,33,0,0,0,1.3,0.944,1.0,4.3,0.747,1.0
OPS-101025,2026-02-17,South West,Workplace Services,557,32,589,32,557,0,0,8.0,0.6,0.995,2.5,0.784,0.054
OPS-101026,2026-02-17,South West,Facilities Response,0,34,34,34,0,0,0,0.8,0.957,0.986,4.4,0.708,1.0
OPS-101027,2026-02-17,South West,Estates Support,0,48,48,48,0,0,0,1.5,0.943,0.969,4.4,0.801,1.0
OPS-101028,2026-02-17,South West,Workplace Projects,0,24,24,24,0,0,0,1.8,1.0,0.995,4.4,0.75,1.0
OPS-101029,2026-02-17,South East,Workplace Services,0,35,35,35,0,0,0,1.6,0.998,1.0,4.6,0.82,1.0
OPS-101030,2026-02-17,South East,Facilities Response,1024,47,1071,24,1047,0,0,8.0,0.6,0.997,2.5,0.825,0.022
OPS-101031,2026-02-17,South East,Estates Support,0,63,63,52,11,0,0,2.4,0.884,0.999,4.1,0.759,0.825
OPS-101032,2026-02-17,South East,Workplace Projects,334,29,363,26,337,1,1,8.0,0.6,0.991,2.5,0.751,0.072
OPS-101033,2026-02-17,Wales,Workplace Services,550,56,606,31,575,0,0,8.0,0.6,0.986,2.5,0.657,0.051
OPS-101034,2026-02-17,Wales,Facilities Response,525,42,567,28,539,0,0,8.0,0.6,0.98,2.5,0.755,0.049
OPS-101035,2026-02-17,Wales,Estates Support,360,44,404,23,381,0,0,8.0,0.6,0.992,2.5,0.74,0.057
OPS-101036,2026-02-17,Wales,Workplace Projects,0,31,31,31,0,0,0,1.3,0.979,0.962,4.6,0.649,1.0
OPS-101037,2026-02-18,Scotland,Workplace Services,166,36,202,44,158,0,0,8.0,0.6,1.0,2.5,0.813,0.218
OPS-101038,2026-02-18,Scotland,Facilities Response,0,23,23,23,0,3,1,1.1,0.833,0.951,4.3,0.665,1.0
OPS-101039,2026-02-18,Scotland,Estates Support,294,49,343,36,307,0,0,8.0,0.6,0.986,2.5,0.7,0.105
OPS-101040,2026-02-18,Scotland,Workplace Projects,0,32,32,32,0,0,0,1.3,1.0,1.0,4.6,0.695,1.0
OPS-101041,2026-02-18,North East,Workplace Services,1,37,38,38,0,0,0,1.3,0.971,0.98,5.0,0.794,1.0
OPS-101042,2026-02-18,North East,Facilities Response,5,63,68,51,17,0,0,3.3,0.842,0.971,3.6,0.626,0.75
OPS-101043,2026-02-18,North East,Estates Support,716,34,750,26,724,0,0,8.0,0.6,0.989,2.5,0.755,0.035
OPS-101044,2026-02-18,North East,Workplace Projects,31,41,72,31,41,1,0,5.4,0.709,0.986,3.3,0.811,0.431
OPS-101045,2026-02-18,North West,Workplace Services,294,49,343,34,309,0,0,8.0,0.6,0.983,2.5,0.762,0.099
OPS-101046,2026-02-18,North West,Facilities Response,729,32,761,19,742,0,0,8.0,0.6,0.962,2.5,0.655,0.025
OPS-101047,2026-02-18,North West,Estates Support,854,41,895,19,876,0,0,8.0,0.6,0.994,2.5,0.672,0.021
OPS-101048,2026-02-18,North West,Workplace Projects,0,29,29,29,0,0,0,1.6,0.95,0.965,4.8,0.682,1.0
OPS-101049,2026-02-18,Midlands,Workplace Services,0,42,42,42,0,0,0,2.1,0.949,0.976,4.3,0.784,1.0
OPS-101050,2026-02-18,Midlands,Facilities Response,405,34,439,33,406,0,0,8.0,0.6,0.987,2.5,0.704,0.075
OPS-101051,2026-02-18,Midlands,Estates Support,152,54,206,30,176,0,0,8.0,0.6,0.998,2.5,0.729,0.146
OPS-101052,2026-02-18,Midlands,Workplace Projects,0,20,20,20,0,0,0,1.3,0.96,0.984,4.5,0.747,1.0
OPS-101053,2026-02-18,South West,Workplace Services,557,37,594,31,563,0,0,8.0,0.6,1.0,2.5,0.784,0.052
OPS-101054,2026-02-18,South West,Facilities Response,0,41,41,41,0,0,0,1.6,0.969,0.998,4.2,0.708,1.0
OPS-101055,2026-02-18,South West,Estates Support,0,52,52,52,0,0,0,1.9,0.941,0.99,4.7,0.801,1.0
OPS-101056,2026-02-18,South West,Workplace Projects,0,30,30,30,0,1,0,1.4,0.925,1.0,4.9,0.75,1.0
OPS-101057,2026-02-18,South East,Workplace Services,0,58,58,45,13,0,0,2.9,0.885,0.985,4.2,0.82,0.776
OPS-101058,2026-02-18,South East,Facilities Response,1047,54,1101,26,1075,0,0,8.0,0.6,0.983,2.5,0.825,0.024
OPS-101059,2026-02-18,South East,Estates Support,11,42,53,53,0,0,0,1.1,0.976,0.977,4.7,0.759,1.0
OPS-101060,2026-02-18,South East,Workplace Projects,337,43,380,24,356,0,0,8.0,0.6,0.971,2.5,0.751,0.063
OPS-101061,2026-02-18,Wales,Workplace Services,575,35,610,28,582,1,0,8.0,0.6,0.977,2.5,0.657,0.046
OPS-101062,2026-02-18,Wales,Facilities Response,539,39,578,24,554,0,0,8.0,0.6,1.0,2.5,0.755,0.042
OPS-101063,2026-02-18,Wales,Estates Support,381,56,437,32,405,0,0,8.0,0.6,0.977,2.5,0.74,0.073
OPS-101064,2026-02-18,Wales,Workplace Projects,0,26,26,26,0,0,0,1.2,0.968,0.989,4.7,0.649,1.0
OPS-101065,2026-02-19,Scotland,Workplace Services,158,56,214,38,176,0,0,8.0,0.6,0.989,2.5,0.813,0.178
OPS-101066,2026-02-19,Scotland,Facilities Response,0,58,58,58,0,0,0,1.5,0.999,1.0,4.6,0.665,1.0
OPS-101067,2026-02-19,Scotland,Estates Support,307,27,334,38,296,0,0,8.0,0.6,0.971,2.5,0.7,0.114
OPS-101068,2026-02-19,Scotland,Workplace Projects,0,23,23,23,0,0,0,1.7,1.0,1.0,4.4,0.695,1.0
OPS-101069,2026-02-19,North East,Workplace Services,0,38,38,37,1,0,0,1.6,0.976,0.987,4.4,0.794,0.974
OPS-101070,2026-02-19,North East,Facilities Response,17,42,59,46,13,0,0,2.3,0.912,1.0,4.3,0.626,0.78
OPS-101071,2026-02-19,North East,Estates Support,724,37,761,24,737,0,0,8.0,0.6,0.981,2.5,0.755,0.032
OPS-101072,2026-02-19,North East,Workplace Projects,41,27,68,32,36,0,0,4.3,0.745,0.988,3.2,0.811,0.471
OPS-101073,2026-02-19,North West,Workplace Services,309,41,350,38,312,0,0,8.0,0.6,0.991,2.5,0.762,0.109
OPS-101074,2026-02-19,North West,Facilities Response,742,28,770,22,748,0,0,8.0,0.6,0.993,2.5,0.655,0.029
OPS-101075,2026-02-19,North West,Estates Support,876,45,921,19,902,0,0,8.0,0.6,0.974,2.5,0.672,0.021
OPS-101076,2026-02-19,North West,Workplace Projects,0,37,37,37,0,0,0,1.9,0.972,0.979,4.2,0.682,1.0
OPS-101077,2026-02-19,Midlands,Workplace Services,0,56,56,45,11,0,0,3.1,0.895,0.994,4.1,0.784,0.804
OPS-101078,2026-02-19,Midlands,Facilities Response,406,47,453,33,420,0,0,8.0,0.6,0.964,2.5,0.704,0.073
OPS-101079,2026-02-19,Midlands,Estates Support,176,36,212,38,174,0,0,8.0,0.6,0.978,2.5,0.729,0.179
OPS-101080,2026-02-19,Midlands,Workplace Projects,0,31,31,31,0,0,0,1.2,1.0,0.989,4.5,0.747,1.0
OPS-101081,2026-02-19,South West,Workplace Services,563,38,601,24,577,0,0,8.0,0.6,1.0,2.5,0.784,0.04
OPS-101082,2026-02-19,South West,Facilities Response,0,58,58,46,12,0,0,2.6,0.87,0.964,4.4,0.708,0.793
OPS-101083,2026-02-19,South West,Estates Support,0,33,33,33,0,0,0,1.3,0.956,0.977,4.7,0.801,1.0
OPS-101084,2026-02-19,South West,Workplace Projects,0,39,39,39,0,0,0,1.5,0.977,0.993,4.7,0.75,1.0
OPS-101085,2026-02-19,South East,Workplace Services,13,42,55,55,0,0,0,1.7,0.945,0.985,4.3,0.82,1.0
OPS-101086,2026-02-19,South East,Facilities Response,1075,31,1106,24,1082,0,0,8.0,0.6,1.0,2.5,0.825,0.022
OPS-101087,2026-02-19,South East,Estates Support,0,29,29,29,0,1,0,1.9,0.955,0.963,4.6,0.759,1.0
OPS-101088,2026-02-19,South East,Workplace Projects,356,30,386,30,356,0,0,8.0,0.6,0.971,2.5,0.751,0.078
OPS-101089,2026-02-19,Wales,Workplace Services,582,30,612,31,581,0,0,8.0,0.6,1.0,2.5,0.657,0.051
OPS-101090,2026-02-19,Wales,Facilities Response,554,49,603,23,580,0,0,8.0,0.6,1.0,2.5,0.755,0.038
OPS-101091,2026-02-19,Wales,Estates Support,405,42,447,31,416,0,0,8.0,0.6,0.989,2.5,0.74,0.069
OPS-101092,2026-02-19,Wales,Workplace Projects,0,24,24,24,0,0,0,2.0,0.963,0.989,4.4,0.649,1.0
OPS-101093,2026-02-20,Scotland,Workplace Services,176,39,215,38,177,0,0,8.0,0.6,0.993,2.5,0.813,0.177
OPS-101094,2026-02-20,Scotland,Facilities Response,0,40,40,40,0,0,0,1.2,0.995,0.98,4.3,0.665,1.0
OPS-101095,2026-02-20,Scotland,Estates Support,296,49,345,36,309,0,0,8.0,0.6,0.989,2.5,0.7,0.104
OPS-101096,2026-02-20,Scotland,Workplace Projects,0,26,26,26,0,0,0,1.5,0.964,0.993,4.8,0.695,1.0
OPS-101097,2026-02-20,North East,Workplace Services,1,50,51,45,6,0,0,1.4,0.874,0.958,4.1,0.794,0.882
OPS-101098,2026-02-20,North East,Facilities Response,13,37,50,41,9,1,0,2.6,0.898,0.954,4.3,0.626,0.82
OPS-101099,2026-02-20,North East,Estates Support,737,53,790,28,762,0,0,8.0,0.6,0.955,2.5,0.755,0.035
OPS-101100,2026-02-20,North East,Workplace Projects,36,29,65,31,34,0,0,5.1,0.757,0.967,3.4,0.811,0.477
OPS-101101,2026-02-20,North  West,Workplace Services,312,27,339,33,306,0,0,8.0,0.6,0.977,2.5,0.762,0.097
OPS-101102,2026-02-20,North West,Facilities Response,748,45,793,21,772,0,0,8.0,0.6,1.0,2.5,0.655,0.026
OPS-101103,2026-02-20,North West,Estates Support,902,58,960,25,935,0,0,8.0,0.6,0.967,2.5,0.672,0.026
OPS-101104,2026-02-20,North West,Workplace Projects,0,31,31,31,0,0,0,0.8,0.961,0.953,4.5,0.682,1.0
OPS-101105,2026-02-20,Midlands,Workplace Services,11,35,46,45,1,0,0,1.8,0.973,1.0,4.2,0.784,0.978
OPS-101106,2026-02-20,Midlands,Facilities Response,420,41,461,31,430,0,0,8.0,0.6,0.99,2.5,0.704,0.067
OPS-101107,2026-02-20,Midlands,Estates Support,174,40,214,28,186,0,0,8.0,0.6,1.0,2.5,0.729,0.131
OPS-101108,2026-02-20,Midlands,Workplace Projects,0,28,28,28,0,0,0,1.6,0.975,0.95,4.4,0.747,1.0
OPS-101109,2026-02-20,South West,Workplace Services,577,56,633,27,606,0,0,8.0,0.6,0.975,2.5,0.784,0.043
OPS-101110,2026-02-20,South West,Facilities Response,12,37,49,48,1,0,0,2.1,0.987,0.991,4.6,0.708,0.98
OPS-101111,2026-02-20,South West,Estates Support,0,29,29,29,0,0,0,2.0,0.989,0.974,4.8,0.801,1.0
OPS-101112,2026-02-20,South West,Workplace Projects,0,27,27,27,0,0,0,1.4,0.959,1.0,4.4,0.75,1.0
OPS-101113,2026-02-20,South East,Workplace Services,0,50,50,50,0,0,0,1.8,0.995,0.989,4.3,0.82,1.0
OPS-101114,2026-02-20,South East,Facilities Response,1082,40,1122,22,1100,0,0,8.0,0.6,0.991,2.5,0.825,0.02
OPS-101115,2026-02-20,South East,Estates Support,0,42,42,42,0,0,0,1.7,0.947,0.988,4.4,0.759,1.0
OPS-101116,2026-02-20,South East,Workplace Projects,356,30,386,26,360,0,0,8.0,0.6,0.968,2.5,0.751,0.067
OPS-101117,2026-02-20,Wales,Workplace Services,581,26,607,25,582,1,0,8.0,0.6,0.98,2.5,0.657,0.041
OPS-101118,2026-02-20,Wales,Facilities Response,580,47,627,21,606,0,0,8.0,0.6,0.955,2.5,0.755,0.033
OPS-101119,2026-02-20,Wales,Estates Support,416,36,452,26,426,0,0,8.0,0.6,0.954,2.5,0.74,0.058
OPS-101120,2026-02-20,Wales,Workplace Projects,0,27,27,27,0,0,0,1.4,0.969,1.0,4.4,0.649,1.0
OPS-101121,2026-02-23,Scotland,Workplace Services,177,45,222,42,180,0,0,8.0,0.6,0.96,2.5,0.813,0.189
OPS-101122,2026-02-23,Scotland,Facilities Response,0,40,40,40,0,0,0,2.3,0.965,1.0,4.2,0.665,1.0
OPS-101123,2026-02-23,Scotland,Estates Support,309,57,366,40,326,0,0,8.0,0.6,0.992,2.5,0.7,0.109
OPS-101124,2026-02-23,Scotland,Workplace Projects,0,36,36,36,0,0,0,2.0,0.984,1.0,4.4,0.695,1.0
OPS-101125,2026-02-23,North East,Workplace Services,6,42,48,46,2,0,0,1.9,0.979,0.962,4.5,0.794,0.958
OPS-101126,2026-02-23,North East,Facilities Response,9,45,54,51,3,0,0,1.4,0.93,0.961,4.3,0.626,0.944
OPS-101127,2026-02-23,North East,Estates Support,762,41,803,25,778,0,0,8.0,0.6,0.939,2.5,0.755,0.031
OPS-101128,2026-02-23,North East,Workplace Projects,34,34,68,30,38,0,0,4.1,0.721,0.955,3.2,0.811,0.441
OPS-101129,2026-02-23,North West,Workplace Services,306,36,342,33,309,0,0,8.0,0.6,0.987,2.5,0.762,0.096
OPS-101130,2026-02-23,North West,Facilities Response,772,54,826,23,803,1,0,8.0,0.6,0.976,2.5,0.655,0.028
OPS-101131,2026-02-23,North West,Estates Support,935,51,986,21,965,0,0,8.0,0.6,0.982,2.5,0.672,0.021
OPS-101132,2026-02-23,North West,Workplace Projects,0,28,28,28,0,0,0,1.9,0.997,0.993,4.6,0.682,1.0
OPS-101133,2026-02-23,Midlands,Workplace Services,1,23,24,24,0,0,0,1.2,0.972,0.984,4.5,0.784,1.0
OPS-101134,2026-02-23,Midlands,Facilities Response,430,43,473,32,441,0,0,8.0,0.6,0.975,2.5,0.704,0.068
OPS-101135,2026-02-23,Midlands,Estates Support,186,37,223,34,189,1,1,8.0,0.6,0.98,2.5,0.729,0.152
OPS-101136,2026-02-23,Midlands,Workplace Projects,0,34,34,34,0,1,0,1.7,0.92,0.979,4.7,0.747,1.0
OPS-101137,2026-02-23,South West,Workplace Services,606,39,645,27,618,0,0,8.0,0.6,0.962,2.5,0.784,0.042
OPS-101138,2026-02-23,South West,Facilities Response,1,38,39,39,0,0,0,0.8,0.972,0.951,4.7,0.708,1.0
OPS-101139,2026-02-23,South West,Estates Support,0,32,32,32,0,0,0,1.5,0.973,0.998,4.4,0.801,1.0
OPS-101140,2026-02-23,South West,Workplace Projects,0,27,27,27,0,0,0,0.9,0.976,0.988,4.7,0.75,1.0
OPS-101141,2026-02-23,South East,Workplace Services,0,52,52,52,0,0,0,2.2,1.0,0.977,4.7,0.82,1.0
OPS-101142,2026-02-23,South East,Facilities Response,1100,30,1130,26,1104,1,0,8.0,0.6,0.952,2.5,0.825,0.023
OPS-101143,2026-02-23,South East,Estates Support,0,58,58,58,0,0,0,1.3,0.986,0.955,4.7,0.759,1.0
OPS-101144,2026-02-23,South East,Workplace Projects,360,38,398,24,374,0,0,8.0,0.6,0.96,2.5,0.751,0.06
OPS-101145,2026-02-23,Wales,Workplace Services,582,32,614,25,589,0,0,8.0,0.6,1.0,2.5,0.657,0.041
OPS-101146,2026-02-23,Wales,Facilities Response,606,48,654,25,629,0,0,8.0,0.6,0.99,2.5,0.755,0.038
OPS-101147,2026-02-23,Wales,Estates Support,426,39,465,29,436,0,0,8.0,0.6,1.0,2.5,0.74,0.062
OPS-101148,2026-02-23,Wales,Workplace Projects,0,27,27,27,0,0,0,0.9,0.966,0.977,4.4,0.649,1.0
OPS-101149,2026-02-24,Scotland,Workplace Services,180,39,219,37,182,0,0,8.0,0.6,1.0,2.5,0.813,0.169
OPS-101150,2026-02-24,Scotland,Facilities Response,0,39,39,39,0,0,0,1.0,0.982,0.978,4.4,0.665,1.0
OPS-101151,2026-02-24,Scotland,Estates Support,326,32,358,40,318,0,0,8.0,0.6,0.983,2.5,0.7,0.112
OPS-101152,2026-02-24,Scotland,Workplace Projects,0,24,24,24,0,0,0,1.8,0.983,1.0,4.9,0.695,1.0
OPS-101153,2026-02-24,North East,Workplace Services,2,57,59,38,21,0,0,3.0,0.826,0.981,3.6,0.794,0.644
OPS-101154,2026-02-24,North East,Facilities Response,3,46,49,49,0,2,1,2.0,0.827,0.96,4.6,0.626,1.0
OPS-101155,2026-02-24,North East,Estates Support,778,39,817,23,794,0,0,8.0,0.6,0.994,2.5,0.755,0.028
OPS-101156,2026-02-24,North East,Workplace Projects,38,29,67,30,37,0,0,4.7,0.753,1.0,3.3,0.811,0.448
OPS-101157,2026-02-24,North West,Workplace Services,309,43,352,35,317,0,0,8.0,0.6,0.995,2.5,0.762,0.099
OPS-101158,2026-02-24,North West,Facilities Response,803,46,849,21,828,0,0,8.0,0.6,1.0,2.5,0.655,0.025
OPS-101159,2026-02-24,North West,Estates Support,965,50,1015,24,991,0,0,8.0,0.6,0.97,2.5,0.672,0.024
OPS-101160,2026-02-24,North West,Workplace Projects,0,30,30,30,0,0,0,1.5,0.968,1.0,4.8,0.682,1.0
OPS-101161,2026-02-24,Midlands,Workplace Services,0,34,34,34,0,0,0,1.9,0.956,1.0,4.3,0.784,1.0
OPS-101162,2026-02-24,Midlands,Facilities Response,441,45,486,29,457,0,0,8.0,0.6,1.0,2.5,0.704,0.06
OPS-101163,2026-02-24,Midlands,Estates Support,189,29,218,30,188,0,0,8.0,0.6,0.999,2.5,0.729,0.138
OPS-101164,2026-02-24,Midlands,Workplace Projects,0,31,31,31,0,0,0,1.5,0.979,1.0,4.4,0.747,1.0
OPS-101165,2026-02-24,South West,Workplace Services,618,35,653,28,625,0,0,8.0,0.6,0.998,2.5,0.784,0.043
OPS-101166,2026-02-24,South West,Facilities Response,0,37,37,37,0,0,0,1.5,0.964,1.0,4.5,0.708,1.0
OPS-101167,2026-02-24,South West,Estates Support,0,46,46,46,0,0,0,1.6,0.952,0.982,4.3,0.801,1.0
OPS-101168,2026-02-24,South West,Workplace Projects,0,24,24,24,0,0,0,1.6,0.969,0.995,4.7,0.75,1.0
OPS-101169,2026-02-24,South East,Workplace Services,0,47,47,47,0,0,0,1.3,0.987,0.969,4.6,0.82,1.0
OPS-101170,2026-02-24,South East,Facilities Response,1104,63,1167,27,1140,0,0,8.0,0.6,0.991,2.5,0.825,0.023
OPS-101171,2026-02-24,South East,Estates Support,0,60,60,60,0,0,0,2.1,0.934,1.0,4.2,0.759,1.0
OPS-101172,2026-02-24,South East,Workplace Projects,374,38,412,31,381,0,0,8.0,0.6,0.983,2.5,0.751,0.075
OPS-101173,2026-02-24,Wales,Workplace Services,589,38,627,29,598,0,0,8.0,0.6,0.973,2.5,0.657,0.046
OPS-101174,2026-02-24,Wales,Facilities Response,629,37,666,23,643,0,0,8.0,0.6,0.991,2.5,0.755,0.035
OPS-101175,2026-02-24,Wales,Estates Support,436,33,469,27,442,0,0,8.0,0.6,1.0,2.5,0.74,0.058
OPS-101176,2026-02-24,Wales,Workplace Projects,0,43,43,43,0,0,0,1.3,0.966,0.992,4.7,0.649,1.0
OPS-101177,2026-02-25,Scotland,Workplace Services,182,27,209,45,164,0,0,8.0,0.6,0.968,2.5,0.813,0.215
OPS-101178,2026-02-25,Scotland,Facilities Response,0,59,59,54,5,0,0,1.8,0.992,0.996,4.0,0.665,0.915
OPS-101179,2026-02-25,Scotland,Estates Support,318,60,378,40,338,0,0,8.0,0.6,0.995,2.5,0.7,0.106
OPS-101180,2026-02-25,Scotland,Workplace Projects,0,27,27,27,0,0,0,1.0,0.993,0.977,4.7,0.695,1.0
OPS-101181,2026-02-25,North East,Workplace Services,21,60,81,46,35,0,0,3.7,0.779,0.983,3.4,0.794,0.568
OPS-101182,2026-02-25,North East,Facilities Response,0,53,53,52,1,0,0,1.8,0.962,0.978,4.3,0.626,0.981
OPS-101183,2026-02-25,North East,Estates Support,794,31,825,21,804,0,0,8.0,0.6,1.0,2.5,0.755,0.025
OPS-101184,2026-02-25,North East,Workplace Projects,37,30,67,25,42,0,0,4.1,0.687,0.963,3.0,0.811,0.373
OPS-101185,2026-02-25,North West,Workplace Services,317,46,363,28,335,1,0,8.0,0.6,0.974,2.5,0.762,0.077
OPS-101186,2026-02-25,North West,Facilities Response,828,29,857,21,836,0,0,8.0,0.6,0.979,2.5,0.655,0.025
OPS-101187,2026-02-25,North West,Estates Support,991,27,1018,20,998,0,0,8.0,0.6,0.982,2.5,0.672,0.02
OPS-101188,2026-02-25,North West,Workplace Projects,0,33,33,33,0,0,0,2.0,0.896,0.98,4.4,0.682,1.0
OPS-101189,2026-02-25,Midlands,Workplace Services,0,26,26,26,0,0,0,1.4,0.95,0.983,4.7,0.784,1.0
OPS-101190,2026-02-25,Midlands,Facilities Response,457,60,517,35,482,0,0,8.0,0.6,0.986,2.5,0.704,0.068
OPS-101191,2026-02-25,Midlands,Estates Support,188,58,246,37,209,0,0,8.0,0.6,0.982,2.5,0.729,0.15
OPS-101192,2026-02-25,Midlands,Workplace Projects,0,35,35,35,0,0,0,1.8,0.947,0.95,4.4,0.747,1.0
OPS-101193,2026-02-25,South West,Workplace Services,625,33,658,31,627,0,0,8.0,0.6,0.993,2.5,0.784,0.047
OPS-101194,2026-02-25,South West,Facilities Response,0,43,43,43,0,0,0,1.3,0.966,1.0,4.9,0.708,1.0
OPS-101195,2026-02-25,South West,Estates Support,0,33,33,33,0,0,0,1.7,0.938,0.978,4.4,0.801,1.0
OPS-101196,2026-02-25,South West,Workplace Projects,0,22,22,22,0,0,0,1.6,0.97,0.968,4.8,0.75,1.0
OPS-101197,2026-02-25,South East,Workplace Services,0,52,52,52,0,0,0,1.4,1.0,1.0,4.6,0.82,1.0
OPS-101198,2026-02-25,South East,Facilities Response,1140,56,1196,25,1171,0,0,8.0,0.6,0.986,2.5,0.825,0.021
OPS-101199,2026-02-25,South East,Estates Support,0,36,36,36,0,0,0,1.5,0.997,0.977,4.7,0.759,1.0
OPS-101200,2026-02-25,South East,Workplace Projects,381,31,412,31,381,0,0,8.0,0.6,0.994,2.5,0.751,0.075
OPS-101201,2026-02-25,Wales,Workplace Services,598,40,638,30,608,0,0,8.0,0.6,0.995,2.5,0.657,0.047
OPS-101202,2026-02-25,Wales,Facilities Response,643,49,692,22,670,0,0,8.0,0.6,0.968,2.5,0.755,0.032
OPS-101203,2026-02-25,Wales,Estates Support,442,40,482,27,455,0,0,8.0,0.6,1.0,2.5,0.74,0.056
OPS-101204,2026-02-25,Wales,Workplace Projects,0,31,31,31,0,0,0,1.4,0.955,0.972,4.7,0.649,1.0
OPS-101205,2026-02-26,Scotland,Workplace Services,164,38,202,40,162,0,0,8.0,0.6,0.969,2.5,0.813,0.198
OPS-101206,2026-02-26,Scotland,Facilities Response,5,52,57,48,9,0,0,2.1,0.915,0.95,4.2,0.665,0.842
OPS-101207,2026-02-26,Scotland,Estates Support,338,35,373,35,338,0,0,8.0,0.6,0.987,2.5,0.7,0.094
OPS-101208,2026-02-26,Scotland,Workplace Projects,0,40,40,35,5,0,0,2.1,0.907,0.995,4.4,0.695,0.875
OPS-101209,2026-02-26,North East,Workplace Services,35,38,73,41,32,0,0,4.5,0.779,0.997,3.3,0.794,0.562
OPS-101210,2026-02-26,North East,Facilities Response,1,54,55,43,12,0,0,2.0,0.937,0.941,4.0,0.626,0.782
OPS-101211,2026-02-26,North East,Estates Support,804,47,851,24,827,1,0,8.0,0.6,0.99,2.5,0.755,0.028
OPS-101212,2026-02-26,North East,Workplace Projects,42,35,77,24,53,0,0,6.2,0.656,1.0,2.5,0.811,0.312
OPS-101213,2026-02-26,North West,Workplace Services,335,43,378,29,349,1,0,8.0,0.6,1.0,2.5,0.762,0.077
OPS-101214,2026-02-26,North West,Facilities Response,836,32,868,18,850,3,0,8.0,0.6,0.957,2.5,0.655,0.021
OPS-101215,2026-02-26,North West,Estates Support,998,32,1030,22,1008,0,0,8.0,0.6,0.972,2.5,0.672,0.021
OPS-101216,2026-02-26,North West,Workplace Projects,0,23,23,23,0,0,0,0.9,0.98,1.0,4.3,0.682,1.0
OPS-101217,2026-02-26,Midlands,Workplace Services,0,40,40,40,0,0,0,1.9,0.996,0.972,4.7,0.784,1.0
OPS-101218,2026-02-26,Midlands,Facilities Response,482,41,523,34,489,0,0,8.0,0.6,0.975,2.5,0.704,0.065
OPS-101219,2026-02-26,Midlands,Estates Support,209,49,258,30,228,0,0,8.0,0.6,0.971,2.5,0.729,0.116
OPS-101220,2026-02-26,Midlands,Workplace Projects,0,22,22,22,0,0,0,1.2,0.987,0.96,4.3,0.747,1.0
OPS-101221,2026-02-26,South West,Workplace Services,627,32,659,26,633,0,0,8.0,0.6,0.978,2.5,0.784,0.039
OPS-101222,2026-02-26,South West,Facilities Response,0,39,39,39,0,0,0,1.7,0.962,1.0,4.8,0.708,1.0
OPS-101223,2026-02-26,South West,Estates Support,0,45,45,45,0,0,0,1.5,0.967,0.995,4.7,0.801,1.0
OPS-101224,2026-02-26,South West,Workplace Projects,0,35,35,35,0,0,0,0.6,0.974,0.996,4.3,0.75,1.0
OPS-101225,2026-02-26,South East,Workplace Services,0,54,54,43,11,1,0,2.3,0.901,0.978,4.1,0.82,0.796
OPS-101226,2026-02-26,South East,Facilities Response,1171,50,1221,22,1199,0,0,8.0,0.6,0.988,2.5,0.825,0.018
OPS-101227,2026-02-26,South East,Estates Support,0,47,47,47,0,0,0,1.4,0.997,0.961,4.7,0.759,1.0
OPS-101228,2026-02-26,South East,Workplace Projects,381,35,416,26,390,0,0,8.0,0.6,0.973,2.5,0.751,0.062
OPS-101229,2026-02-26,Wales,Workplace Services,608,39,647,27,620,1,0,8.0,0.6,0.931,2.5,0.657,0.042
OPS-101230,2026-02-26,Wales,Facilities Response,670,52,722,28,694,0,0,8.0,0.6,1.0,2.5,0.755,0.039
OPS-101231,2026-02-26,Wales,Estates Support,455,27,482,31,451,0,0,8.0,0.6,0.986,2.5,0.74,0.064
OPS-101232,2026-02-26,Wales,Workplace Projects,0,18,18,18,0,0,0,1.9,0.963,0.979,4.6,0.649,1.0
OPS-101233,2026-02-27,Scotland,Workplace Services,162,32,194,44,150,0,0,8.0,0.6,0.985,2.5,0.813,0.227
OPS-101234,2026-02-27,Scotland,Facilities Response,9,27,36,36,0,1,0,1.6,0.954,0.979,4.4,0.665,1.0
OPS-101235,2026-02-27,Scotland,Estates Support,338,61,399,38,361,0,0,8.0,0.6,0.991,2.5,0.7,0.095
OPS-101236,2026-02-27,Scotland,Workplace Projects,5,23,28,28,0,0,0,2.0,0.971,1.0,4.3,0.695,1.0
OPS-101237,2026-02-27,North East,Workplace Services,32,33,65,39,26,0,0,4.2,0.776,0.991,3.5,0.794,0.6
OPS-101238,2026-02-27,North East,Facilities Response,12,29,41,41,0,0,0,1.4,0.972,0.971,4.5,0.626,1.0
OPS-101239,2026-02-27,North East,Estates Support,827,48,875,22,853,0,0,8.0,0.6,0.978,2.5,0.755,0.025
OPS-101240,2026-02-27,North East,Workplace Projects,53,40,93,27,66,0,0,6.9,0.6,1.0,2.5,0.811,0.29
OPS-101241,2026-02-27,North West,Workplace Services,349,45,394,37,357,0,0,8.0,0.6,0.953,2.5,0.762,0.094
OPS-101242,2026-02-27,North West,Facilities Response,850,37,887,21,866,0,0,8.0,0.6,0.981,2.5,0.655,0.024
OPS-101243,2026-02-27,North West,Estates Support,1008,44,1052,19,1033,0,0,8.0,0.6,0.99,2.5,0.672,0.018
OPS-101244,2026-02-27,North West,Workplace Projects,0,27,27,27,0,0,0,1.5,0.988,0.979,4.6,0.682,1.0
OPS-101245,2026-02-27,Midlands,Workplace Services,0,54,54,46,8,0,0,2.0,0.888,1.0,4.5,0.784,0.852
OPS-101246,2026-02-27,Midlands,Facilities Response,489,45,534,34,500,0,0,8.0,0.6,0.998,2.5,0.704,0.064
OPS-101247,2026-02-27,Midlands,Estates Support,228,41,269,38,231,0,0,8.0,0.6,1.0,2.5,0.729,0.141
OPS-101248,2026-02-27,Midlands,Workplace Projects,0,32,32,32,0,0,0,1.8,0.963,0.972,4.2,0.747,1.0
OPS-101249,2026-02-27,South West,Workplace Services,633,39,672,26,646,0,0,8.0,0.6,0.964,2.5,0.784,0.039
OPS-101250,2026-02-27,South West,Facilities Response,0,46,46,46,0,0,0,1.2,0.93,1.0,4.5,0.708,1.0
OPS-101251,2026-02-27,South West,Estates Support,0,65,65,50,15,0,0,3.0,0.911,0.98,3.9,0.801,0.769
OPS-101252,2026-02-27,South West,Workplace Projects,0,36,36,36,0,0,0,1.0,0.983,0.988,4.6,0.75,1.0
OPS-101253,2026-02-27,South East,Workplace Services,11,52,63,44,19,0,0,3.0,0.86,0.981,4.0,0.82,0.698
OPS-101254,2026-02-27,South East,Facilities Response,1199,62,1261,29,1232,0,0,8.0,0.6,1.0,2.5,0.825,0.023
OPS-101255,2026-02-27,South East,Estates Support,0,50,50,50,0,0,0,1.1,0.988,1.0,4.6,0.759,1.0
OPS-101256,2026-02-27,South East,Workplace Projects,390,28,418,27,391,1,0,8.0,0.6,1.0,2.5,0.751,0.065
OPS-101257,2026-02-27,Wales,Workplace Services,620,44,664,27,637,0,0,8.0,0.6,0.964,2.5,0.657,0.041
OPS-101258,2026-02-27,Wales,Facilities Response,694,50,744,27,717,0,0,8.0,0.6,1.0,2.5,0.755,0.036
OPS-101259,2026-02-27,Wales,Estates Support,451,63,514,31,483,1,0,8.0,0.6,0.988,2.5,0.74,0.06
OPS-101260,2026-02-27,Wales,Workplace Projects,0,27,27,27,0,0,0,1.1,0.942,0.98,4.7,0.649,1.0
OPS-101261,2026-03-02,Scotland,Workplace Services,150,51,201,37,164,1,0,8.0,0.6,0.995,2.5,0.674,0.184
OPS-101262,2026-03-02,Scotland,Facilities Response,0,40,40,40,0,0,0,1.4,0.962,1.0,4.8,0.681,1.0
OPS-101263,2026-03-02,Scotland,Estates Support,361,30,391,32,359,0,0,8.0,0.6,0.993,2.5,0.738,0.082
OPS-101264,2026-03-02,Scotland,Workplace Projects,0,25,25,25,0,0,0,1.0,0.998,0.996,4.6,0.659,1.0
OPS-101265,2026-03-02,North East,Workplace Services,26,52,78,55,23,0,0,3.3,0.872,0.966,3.6,0.796,0.705
OPS-101266,2026-03-02,North East,Facilities Response,0,43,43,43,0,0,0,2.1,0.979,0.94,4.6,0.681,1.0
OPS-101267,2026-03-02,North East,Estates Support,853,43,896,23,873,0,0,8.0,0.6,0.965,2.5,0.672,0.026
OPS-101268,2026-03-02,North East,Workplace Projects,66,27,93,29,64,0,0,7.1,0.611,0.965,2.5,0.732,0.312
OPS-101269,2026-03-02,North West,Workplace Services,357,61,418,34,384,1,0,8.0,0.6,0.989,2.5,0.819,0.081
OPS-101270,2026-03-02,North West,Facilities Response,866,52,918,24,894,0,0,8.0,0.6,0.988,2.5,0.737,0.026
OPS-101271,2026-03-02,North West,Estates Support,1033,37,1070,22,1048,0,0,8.0,0.6,0.969,2.5,0.645,0.021
OPS-101272,2026-03-02,North West,Workplace Projects,0,34,34,34,0,0,0,1.7,0.947,0.981,4.5,0.752,1.0
OPS-101273,2026-03-02,Midlands,Workplace Services,8,39,47,41,6,0,0,2.2,0.914,1.0,4.1,0.747,0.872
OPS-101274,2026-03-02,Midlands,Facilities Response,500,50,550,31,519,0,0,8.0,0.6,0.996,2.5,0.756,0.056
OPS-101275,2026-03-02,Midlands,Estates Support,231,41,272,30,242,0,0,8.0,0.6,1.0,2.5,0.654,0.11
OPS-101276,2026-03-02,Midlands,Workplace Projects,0,23,23,23,0,0,0,1.3,0.956,0.962,4.4,0.705,1.0
OPS-101277,2026-03-02,South West,Workplace Services,646,60,706,25,681,0,0,8.0,0.6,0.982,2.5,0.681,0.035
OPS-101278,2026-03-02,South West,Facilities Response,0,21,21,21,0,0,0,1.0,0.927,0.955,4.5,0.675,1.0
OPS-101279,2026-03-02,South West,Estates Support,15,28,43,43,0,0,0,1.6,0.961,0.985,4.6,0.835,1.0
OPS-101280,2026-03-02,South West,Workplace Projects,0,22,22,22,0,0,0,2.0,0.988,0.988,4.6,0.668,1.0
OPS-101281,2026-03-02,South East,Workplace Services,19,36,55,53,2,0,0,1.1,0.971,0.958,4.3,0.685,0.964
OPS-101282,2026-03-02,South East,Facilities Response,1232,49,1281,24,1257,0,0,8.0,0.6,0.987,2.5,0.696,0.019
OPS-101283,2026-03-02,South East,Estates Support,0,52,52,50,2,0,0,1.7,0.987,0.962,4.6,0.749,0.962
OPS-101284,2026-03-02,South East,Workplace Projects,391,20,411,24,387,0,0,8.0,0.6,0.957,2.5,0.67,0.058
OPS-101285,2026-03-02,Wales,Workplace Services,637,31,668,34,634,0,0,8.0,0.6,0.996,2.5,0.754,0.051
OPS-101286,2026-03-02,Wales,Facilities Response,717,44,761,30,731,0,0,8.0,0.6,0.983,2.5,0.716,0.039
OPS-101287,2026-03-02,Wales,Estates Support,483,16,499,31,468,0,0,8.0,0.6,0.983,2.5,0.79,0.062
OPS-101288,2026-03-02,Wales,Workplace Projects,0,29,29,29,0,0,0,1.9,1.0,0.965,4.7,0.727,1.0
OPS-101289,2026-03-03,Scotland,Workplace Services,164,31,195,38,157,0,0,8.0,0.6,0.971,2.5,0.674,0.195
OPS-101290,2026-03-03,Scotland,Facilities Response,0,39,39,39,0,0,0,1.2,0.95,0.99,4.6,0.681,1.0
OPS-101291,2026-03-03,Scotland,Estates Support,359,24,383,40,343,0,0,8.0,0.6,0.967,2.5,0.738,0.104
OPS-101292,2026-03-03,Scotland,Workplace Projects,0,29,29,29,0,0,0,1.3,0.957,0.968,4.6,0.659,1.0
OPS-101293,2026-03-03,North East,Workplace Services,23,42,65,45,20,0,0,3.3,0.867,0.977,3.6,0.796,0.692
OPS-101294,2026-03-03,North East,Facilities Response,0,36,36,36,0,1,0,1.1,0.968,0.98,4.3,0.681,1.0
OPS-101295,2026-03-03,North East,Estates Support,873,33,906,23,883,0,0,8.0,0.6,0.987,2.5,0.672,0.025
OPS-101296,2026-03-03,North East,Workplace Projects,64,28,92,28,64,0,0,6.2,0.601,0.948,2.5,0.732,0.304
OPS-101297,2026-03-03,North West,Workplace Services,384,30,414,31,383,0,0,8.0,0.6,0.988,2.5,0.819,0.075
OPS-101298,2026-03-03,North West,Facilities Response,894,41,935,22,913,0,0,8.0,0.6,0.998,2.5,0.737,0.024
OPS-101299,2026-03-03,North West,Estates Support,1048,57,1105,25,1080,0,0,8.0,0.6,0.996,2.5,0.645,0.023
OPS-101300,2026-03-03,North West,Workplace Projects,0,19,19,19,0,1,0,1.7,0.891,0.994,4.5,0.752,1.0
OPS-101301,2026-03-03,Midlands,Workplace Services,6,36,42,42,0,1,0,1.5,0.915,1.0,4.7,0.747,1.0
OPS-101302,2026-03-03,Midlands,Facilities Response,519,39,558,40,518,0,0,8.0,0.6,0.979,2.5,0.756,0.072
OPS-101303,2026-03-03,Midlands,Estates Support,242,36,278,35,243,0,0,8.0,0.6,0.977,2.5,0.654,0.126
OPS-101304,2026-03-03,Midlands,Workplace Projects,0,28,28,28,0,0,0,1.7,1.0,0.986,4.4,0.705,1.0
OPS-101305,2026-03-03,South West,Workplace Services,681,32,713,25,688,0,0,8.0,0.6,1.0,2.5,0.681,0.035
OPS-101306,2026-03-03,South West,Facilities Response,0,46,46,44,2,0,0,1.4,0.976,1.0,4.4,0.675,0.957
OPS-101307,2026-03-03,South West,Estates Support,0,41,41,41,0,0,0,1.0,1.0,0.97,4.5,0.835,1.0
OPS-101308,2026-03-03,South West,Workplace Projects,0,25,25,25,0,1,1,1.7,0.854,0.964,4.2,0.668,1.0
OPS-101309,2026-03-03,South East,Workplace Services,2,56,58,46,12,2,0,2.4,0.886,0.975,4.0,0.685,0.793
OPS-101310,2026-03-03,South East,Facilities Response,1257,46,1303,24,1279,0,0,8.0,0.6,0.976,2.5,0.696,0.018
OPS-101311,2026-03-03,South East,Estates Support,2,47,49,49,0,0,0,1.1,0.979,0.977,4.5,0.749,1.0
OPS-101312,2026-03-03,South East,Workplace Projects,387,24,411,23,388,0,0,8.0,0.6,0.984,2.5,0.67,0.056
OPS-101313,2026-03-03,Wales,Workplace Services,634,37,671,26,645,0,0,8.0,0.6,0.976,2.5,0.754,0.039
OPS-101314,2026-03-03,Wales,Facilities Response,731,43,774,28,746,0,0,8.0,0.6,0.967,2.5,0.716,0.036
OPS-101315,2026-03-03,Wales,Estates Support,468,50,518,31,487,0,0,8.0,0.6,0.985,2.5,0.79,0.06
OPS-101316,2026-03-03,Wales,Workplace Projects,0,38,38,38,0,0,0,1.2,0.99,0.973,4.2,0.727,1.0
OPS-101317,2026-03-04,Scotland,Workplace Services,157,36,193,34,159,0,0,8.0,0.6,0.965,2.5,0.674,0.176
OPS-101318,2026-03-04,Scotland,Facilities Response,0,56,56,48,8,0,0,2.1,0.958,1.0,4.3,0.681,0.857
OPS-101319,2026-03-04,Scotland,Estates Support,343,42,385,39,346,0,0,8.0,0.6,1.0,2.5,0.738,0.101
OPS-101320,2026-03-04,Scotland,Workplace Projects,0,31,31,31,0,0,0,1.4,0.945,0.974,4.3,0.659,1.0
OPS-101321,2026-03-04,North East,Workplace Services,20,42,62,41,21,0,0,3.4,0.84,0.959,3.7,0.796,0.661
OPS-101322,2026-03-04,North East,Facilities Response,0,42,42,42,0,0,0,1.7,0.986,0.974,4.4,0.681,1.0
OPS-101323,2026-03-04,North East,Estates Support,883,54,937,27,910,0,0,8.0,0.6,1.0,2.5,0.672,0.029
OPS-101324,2026-03-04,North East,Workplace Projects,64,31,95,26,69,0,0,7.0,0.6,0.993,2.5,0.732,0.274
OPS-101325,2026-03-04,North West,Workplace Services,383,42,425,29,396,0,0,8.0,0.6,0.983,2.5,0.819,0.068
OPS-101326,2026-03-04,North West,Facilities Response,913,30,943,22,921,0,0,8.0,0.6,0.994,2.5,0.737,0.023
OPS-101327,2026-03-04,North West,Estates Support,1080,23,1103,27,1076,0,0,8.0,0.6,0.999,2.5,0.645,0.024
OPS-101328,2026-03-04,North West,Workplace Projects,0,15,15,15,0,0,0,1.8,1.0,0.982,4.3,0.752,1.0
OPS-101329,2026-03-04,Midlands,Workplace Services,0,37,37,37,0,0,0,1.7,0.995,0.962,4.6,0.747,1.0
OPS-101330,2026-03-04,Midlands,Facilities Response,518,43,561,38,523,0,0,8.0,0.6,0.994,2.5,0.756,0.068
OPS-101331,2026-03-04,Midlands,Estates Support,243,41,284,34,250,0,0,8.0,0.6,0.971,2.5,0.654,0.12
OPS-101332,2026-03-04,Midlands,Workplace Projects,0,30,30,30,0,1,0,1.4,0.904,0.975,4.5,0.705,1.0
OPS-101333,2026-03-04,South West,Workplace Services,688,36,724,25,699,0,0,8.0,0.6,0.963,2.5,0.681,0.035
OPS-101334,2026-03-04,South West,Facilities Response,2,40,42,42,0,0,0,2.1,0.947,0.975,4.7,0.675,1.0
OPS-101335,2026-03-04,South West,Estates Support,0,41,41,41,0,0,0,1.6,0.972,0.982,4.9,0.835,1.0
OPS-101336,2026-03-04,South West,Workplace Projects,0,29,29,29,0,0,0,1.3,0.949,1.0,4.5,0.668,1.0
OPS-101337,2026-03-04,South East,Workplace Services,12,56,68,55,13,0,0,2.5,0.89,0.996,4.1,0.685,0.809
OPS-101338,2026-03-04,South East,Facilities Response,1279,37,1316,24,1292,0,0,8.0,0.6,0.988,2.5,0.696,0.018
OPS-101339,2026-03-04,South East,Estates Support,0,51,51,51,0,0,0,0.9,0.945,0.943,4.6,0.749,1.0
OPS-101340,2026-03-04,South East,Workplace Projects,388,30,418,24,394,1,0,8.0,0.6,0.959,2.5,0.67,0.057
OPS-101341,2026-03-04,Wales,Workplace Services,645,52,697,28,669,0,0,8.0,0.6,1.0,2.5,0.754,0.04
OPS-101342,2026-03-04,Wales,Facilities Response,746,31,777,31,746,0,0,8.0,0.6,0.997,2.5,0.716,0.04
OPS-101343,2026-03-04,Wales,Estates Support,487,40,527,29,498,0,0,8.0,0.6,0.982,2.5,0.79,0.055
OPS-101344,2026-03-04,Wales,Workplace Projects,0,33,33,33,0,0,0,1.4,0.972,0.976,4.8,0.727,1.0
OPS-101345,2026-03-05,Scotland,Workplace Services,159,50,209,36,173,0,0,8.0,0.6,0.994,2.5,0.674,0.172
OPS-101346,2026-03-05,Scotland,Facilities Response,8,36,44,44,0,0,0,1.4,1.0,0.988,4.5,0.681,1.0
OPS-101347,2026-03-05,Scotland,Estates Support,346,46,392,40,352,0,0,8.0,0.6,0.952,2.5,0.738,0.102
OPS-101348,2026-03-05,Scotland,Workplace Projects,0,24,24,24,0,0,0,1.6,0.951,0.971,4.7,0.659,1.0
OPS-101349,2026-03-05,North East,Workplace Services,21,47,68,43,25,1,0,3.9,0.8,0.947,3.8,0.796,0.632
OPS-101350,2026-03-05,North East,Facilities Response,0,41,41,41,0,0,0,1.1,0.952,0.965,4.7,0.681,1.0
OPS-101351,2026-03-05,North East,Estates Support,910,36,946,28,918,0,0,8.0,0.6,0.999,2.5,0.672,0.03
OPS-101352,2026-03-05,North East,Workplace Projects,69,34,103,29,74,0,0,7.4,0.6,0.979,2.5,0.732,0.282
OPS-101353,2026-03-05,North West,Workplace Services,396,47,443,38,405,0,0,8.0,0.6,0.966,2.5,0.819,0.086
OPS-101354,2026-03-05,North West,Facilities Response,921,44,965,21,944,0,0,8.0,0.6,1.0,2.5,0.737,0.022
OPS-101355,2026-03-05,North West,Estates Support,1076,47,1123,22,1101,1,0,8.0,0.6,0.978,2.5,0.645,0.02
OPS-101356,2026-03-05,North West,Workplace Projects,0,40,40,40,0,0,0,1.6,1.0,1.0,4.4,0.752,1.0
OPS-101357,2026-03-05,Midlands,Workplace Services,0,47,47,47,0,0,0,0.9,1.0,0.958,4.7,0.747,1.0
OPS-101358,2026-03-05,Midlands,Facilities Response,523,31,554,37,517,0,0,8.0,0.6,1.0,2.5,0.756,0.067
OPS-101359,2026-03-05,Midlands,Estates Support,250,36,286,33,253,0,0,8.0,0.6,0.984,2.5,0.654,0.115
OPS-101360,2026-03-05,Midlands,Workplace Projects,0,37,37,37,0,0,0,2.1,0.915,0.992,4.7,0.705,1.0
OPS-101361,2026-03-05,South West,Workplace Services,699,44,743,27,716,0,0,8.0,0.6,0.978,2.5,0.681,0.036
OPS-101362,2026-03-05,South West,Facilities Response,0,36,36,36,0,0,0,2.0,0.961,0.997,4.7,0.675,1.0
OPS-101363,2026-03-05,South West,Estates Support,0,38,38,38,0,0,0,1.7,0.973,0.96,4.5,0.835,1.0
OPS-101364,2026-03-05,South West,Workplace Projects,0,39,39,37,2,0,0,1.5,0.976,0.973,4.2,0.668,0.949
OPS-101365,2026-03-05,South East,Workplace Services,13,37,50,50,0,0,0,1.3,0.95,1.0,4.4,0.685,1.0
OPS-101366,2026-03-05,South East,Facilities Response,1292,56,1348,20,1328,0,0,8.0,0.6,0.977,2.5,0.696,0.015
OPS-101367,2026-03-05,South East,Estates Support,0,51,51,51,0,0,0,1.8,0.942,0.981,4.4,0.749,1.0
OPS-101368,2026-03-05,South East,Workplace Projects,394,30,424,31,393,0,0,8.0,0.6,0.968,2.5,0.67,0.073
OPS-101369,2026-03-05,Wales,Workplace Services,669,45,714,27,687,0,0,8.0,0.6,1.0,2.5,0.754,0.038
OPS-101370,2026-03-05,Wales,Facilities Response,746,54,800,28,772,1,0,8.0,0.6,0.97,2.5,0.716,0.035
OPS-101371,2026-03-05,Wales,Estates Support,498,35,533,32,501,0,0,8.0,0.6,0.978,2.5,0.79,0.06
OPS-101372,2026-03-05,Wales,Workplace Projects,0,24,24,24,0,0,0,1.0,0.98,1.0,4.4,0.727,1.0
OPS-101373,2026-03-06,Scotland,Workplace Services,173,35,208,40,168,0,0,8.0,0.6,0.978,2.5,0.674,0.192
OPS-101374,2026-03-06,Scotland,Facilities Response,0,31,31,31,0,0,0,1.2,0.937,1.0,4.5,0.681,1.0
OPS-101375,2026-03-06,Scotland,Estates Support,352,37,389,36,353,2,0,8.0,0.6,0.962,2.5,0.738,0.093
OPS-101376,2026-03-06,Scotland,Workplace Projects,0,28,28,28,0,0,0,1.2,0.95,1.0,4.5,0.659,1.0
OPS-101377,2026-03-06,North East,Workplace Services,25,47,72,49,23,0,0,3.2,0.798,0.979,3.6,0.796,0.681
OPS-101378,2026-03-06,North East,Facilities Response,0,43,43,43,0,0,0,1.8,0.951,1.0,4.7,0.681,1.0
OPS-101379,2026-03-06,North East,Estates Support,918,46,964,22,942,0,0,8.0,0.6,0.994,2.5,0.672,0.023
OPS-101380,2026-03-06,North East,Workplace Projects,74,27,101,27,74,0,0,7.3,0.6,1.0,2.5,0.732,0.267
OPS-101381,2026-03-06,North West,Workplace Services,405,52,457,30,427,1,0,8.0,0.6,0.95,2.5,0.819,0.066
OPS-101382,2026-03-06,North West,Facilities Response,944,44,988,21,967,0,0,8.0,0.6,0.998,2.5,0.737,0.021
OPS-101383,2026-03-06,North West,Estates Support,1101,40,1141,22,1119,0,0,8.0,0.6,1.0,2.5,0.645,0.019
OPS-101384,2026-03-06,North West,Workplace Projects,0,34,34,34,0,0,0,1.4,0.983,0.987,4.2,0.752,1.0
OPS-101385,2026-03-06,Midlands,Workplace Services,0,46,46,44,2,0,0,0.7,0.992,0.974,4.2,0.747,0.957
OPS-101386,2026-03-06,Midlands,Facilities Response,517,41,558,40,518,0,0,8.0,0.6,0.992,2.5,0.756,0.072
OPS-101387,2026-03-06,Midlands,Estates Support,253,58,311,30,281,0,0,8.0,0.6,0.99,2.5,0.654,0.096
OPS-101388,2026-03-06,Midlands,Workplace Projects,0,27,27,27,0,0,0,2.1,0.968,0.941,4.5,0.705,1.0
OPS-101389,2026-03-06,South West,Workplace Services,716,29,745,25,720,0,0,8.0,0.6,0.992,2.5,0.681,0.034
OPS-101390,2026-03-06,South West,Facilities Response,0,56,56,55,1,0,0,1.2,0.954,1.0,4.4,0.675,0.982
OPS-101391,2026-03-06,South West,Estates Support,0,50,50,50,0,0,0,1.8,1.0,0.963,4.9,0.835,1.0
OPS-101392,2026-03-06,South West,Workplace Projects,2,16,18,18,0,0,0,1.8,0.938,0.994,4.4,0.668,1.0
OPS-101393,2026-03-06,South East,Workplace Services,0,41,41,41,0,1,0,1.4,0.982,0.971,4.3,0.685,1.0
OPS-101394,2026-03-06,South East,Facilities Response,1328,51,1379,24,1355,0,0,8.0,0.6,1.0,2.5,0.696,0.017
OPS-101395,2026-03-06,South East,Estates Support,0,39,39,39,0,0,0,1.7,0.955,0.961,4.8,0.749,1.0
OPS-101396,2026-03-06,South East,Workplace Projects,393,31,424,28,396,0,0,8.0,0.6,0.986,2.5,0.67,0.066
OPS-101397,2026-03-06,Wales,Workplace Services,687,49,736,34,702,1,0,8.0,0.6,0.963,2.5,0.754,0.046
OPS-101398,2026-03-06,Wales,Facilities Response,772,58,830,27,803,0,0,8.0,0.6,1.0,2.5,0.716,0.033
OPS-101399,2026-03-06,Wales,Estates Support,501,20,521,29,492,0,0,8.0,0.6,0.986,2.5,0.79,0.056
OPS-101400,2026-03-06,Wales,Workplace Projects,0,28,28,28,0,0,0,1.8,0.949,0.985,4.7,0.727,1.0
OPS-101401,2026-03-08,Scotland,Workplace Services,168,33,201,34,167,0,0,8.0,0.6,0.982,2.5,0.674,0.169
OPS-101402,2026-03-08,Scotland,Facilities Response,0,42,42,42,0,0,0,1.6,1.0,0.987,4.7,0.681,1.0
OPS-101403,2026-03-08,Scotland,Estates Support,353,39,392,31,361,0,0,8.0,0.6,0.998,2.5,0.738,0.079
OPS-101404,2026-03-08,Scotland,Workplace Projects,0,34,34,34,0,0,0,1.4,0.986,0.984,4.7,0.659,1.0
OPS-101405,2026-03-08,North East,Workplace Services,23,46,69,51,18,0,0,2.9,0.855,1.0,4.0,0.796,0.739
OPS-101406,2026-03-08,North East,Facilities Response,0,45,45,45,0,0,0,1.2,1.0,0.999,4.5,0.681,1.0
OPS-101407,2026-03-08,North East,Estates Support,942,42,984,25,959,0,0,8.0,0.6,0.986,2.5,0.672,0.025
OPS-101408,2026-03-08,North East,Workplace Projects,74,26,100,25,75,0,0,8.0,0.6,1.0,2.5,0.732,0.25
OPS-101409,2026-03-08,North West,Workplace Services,427,27,454,35,419,0,0,8.0,0.6,1.0,2.5,0.819,0.077
OPS-101410,2026-03-08,North West,Facilities Response,967,33,1000,24,976,0,0,8.0,0.6,0.976,2.5,0.737,0.024
OPS-101411,2026-03-08,North West,Estates Support,1119,45,1164,21,1143,1,0,8.0,0.6,0.954,2.5,0.645,0.018
OPS-101412,2026-03-08,North West,Workplace Projects,0,15,15,15,0,0,0,1.7,1.0,0.981,4.4,0.752,1.0
OPS-101413,2026-03-08,Midlands,Workplace Services,2,50,52,52,0,0,0,1.7,1.0,0.964,4.5,0.747,1.0
OPS-101414,2026-03-08,Midlands,Facilities Response,518,29,547,39,508,0,0,8.0,0.6,0.971,2.5,0.756,0.071
OPS-101415,2026-03-08,Midlands,Estates Support,281,34,315,28,287,0,0,8.0,0.6,0.967,2.5,0.654,0.089
OPS-101416,2026-03-08,Midlands,Workplace Projects,0,26,26,26,0,0,0,1.5,0.976,1.0,4.6,0.705,1.0
OPS-101417,2026-03-08,South West,Workplace Services,720,47,767,27,740,0,0,8.0,0.6,0.993,2.5,0.681,0.035
OPS-101418,2026-03-08,South West,Facilities Response,1,44,45,45,0,1,0,1.4,0.917,0.992,4.6,0.675,1.0
OPS-101419,2026-03-08,South West,Estates Support,0,38,38,38,0,0,0,1.8,0.969,0.981,4.3,0.835,1.0
OPS-101420,2026-03-08,South West,Workplace Projects,0,42,42,42,0,0,0,1.2,0.935,0.956,4.2,0.668,1.0
OPS-101421,2026-03-08,South East,Workplace Services,0,54,54,54,0,0,0,1.6,0.948,1.0,4.6,0.685,1.0
OPS-101422,2026-03-08,South East,Facilities Response,1355,53,1408,23,1385,0,0,8.0,0.6,0.997,2.5,0.696,0.016
OPS-101423,2026-03-08,South East,Estates Support,0,33,33,33,0,0,0,1.5,0.961,1.0,4.5,0.749,1.0
OPS-101424,2026-03-08,South East,Workplace Projects,396,32,428,29,399,1,0,8.0,0.6,0.996,2.5,0.67,0.068
OPS-101425,2026-03-08,Wales,Workplace Services,702,40,742,26,716,0,0,8.0,0.6,0.969,2.5,0.754,0.035
OPS-101426,2026-03-08,Wales,Facilities Response,803,37,840,30,810,1,0,8.0,0.6,0.969,2.5,0.716,0.036
OPS-101427,2026-03-08,Wales,Estates Support,492,56,548,31,517,0,0,8.0,0.6,1.0,2.5,0.79,0.057
OPS-101428,2026-03-08,Wales,Workplace Projects,0,30,30,30,0,0,0,1.8,0.945,0.981,4.4,0.727,1.0
OPS-101429,2026-03-09,Scotland,Workplace Services,167,43,210,34,176,0,0,8.0,0.6,0.961,2.5,0.674,0.162
OPS-101430,2026-03-09,Scotland,Facilities Response,0,65,65,46,19,0,0,3.5,0.87,0.978,3.9,0.681,0.708
OPS-101431,2026-03-09,Scotland,Estates Support,361,52,413,33,380,0,0,8.0,0.6,0.963,2.5,0.738,0.08
OPS-101432,2026-03-09,Scotland,Workplace Projects,0,25,25,25,0,0,0,1.8,0.964,1.0,4.4,0.659,1.0
OPS-101433,2026-03-09,North East,Workplace Services,18,38,56,53,3,0,0,1.4,0.979,0.977,4.4,0.796,0.946
OPS-101434,2026-03-09,North East,Facilities Response,0,28,28,28,0,0,0,1.2,0.922,0.994,4.9,0.681,1.0
OPS-101435,2026-03-09,North East,Estates Support,959,50,1009,26,983,0,0,8.0,0.6,0.968,2.5,0.672,0.026
OPS-101436,2026-03-09,North East,Workplace Projects,75,17,92,28,64,0,0,6.3,0.6,0.963,2.5,0.732,0.304
OPS-101437,2026-03-09,North West,Workplace Services,419,53,472,38,434,0,0,8.0,0.6,0.979,2.5,0.819,0.081
OPS-101438,2026-03-09,North West,Facilities Response,976,40,1016,24,992,0,0,8.0,0.6,1.0,2.5,0.737,0.024
OPS-101439,2026-03-09,North West,Estates Support,1143,50,1193,25,1168,0,0,8.0,0.6,1.0,2.5,0.645,0.021
OPS-101440,2026-03-09,North West,Workplace Projects,0,33,33,33,0,0,0,1.3,0.978,1.0,4.7,0.752,1.0
OPS-101441,2026-03-09,Midlands,Workplace Services,0,36,36,36,0,0,0,1.4,0.975,0.979,4.3,0.747,1.0
OPS-101442,2026-03-09,Midlands,Facilities Response,508,40,548,33,515,0,0,8.0,0.6,0.973,2.5,0.756,0.06
OPS-101443,2026-03-09,Midlands,Estates Support,287,57,344,35,309,0,0,8.0,0.6,0.978,2.5,0.654,0.102
OPS-101444,2026-03-09,Midlands,Workplace Projects,0,23,23,23,0,0,0,1.8,0.998,1.0,4.5,0.705,1.0
OPS-101445,2026-03-09,South West,Workplace Services,740,39,779,26,753,0,0,8.0,0.6,0.986,2.5,0.681,0.033
OPS-101446,2026-03-09,South West,Facilities Response,0,49,49,47,2,0,0,1.7,0.994,0.962,4.1,0.675,0.959
OPS-101447,2026-03-09,South West,Estates Support,0,38,38,38,0,0,0,0.9,0.958,0.973,4.4,0.835,1.0
OPS-101448,2026-03-09,South West,Workplace Projects,0,30,30,30,0,0,0,1.9,1.0,0.999,4.5,0.668,1.0
OPS-101449,2026-03-09,South East,Workplace Services,0,55,55,53,2,1,0,1.9,0.89,0.994,4.3,0.685,0.964
OPS-101450,2026-03-09,South East,Facilities Response,1385,21,1406,23,1383,1,0,8.0,0.6,0.979,2.5,0.696,0.016
OPS-101451,2026-03-09,South East,Estates Support,0,58,58,58,0,0,0,1.8,0.955,0.989,4.4,0.749,1.0
OPS-101452,2026-03-09,South East,Workplace Projects,399,40,439,29,410,0,0,8.0,0.6,0.977,2.5,0.67,0.066
OPS-101453,2026-03-09,Wales,Workplace Services,716,63,779,31,748,1,0,8.0,0.6,0.963,2.5,0.754,0.04
OPS-101454,2026-03-09,Wales,Facilities Response,810,26,836,28,808,0,0,8.0,0.6,0.984,2.5,0.716,0.033
OPS-101455,2026-03-09,Wales,Estates Support,517,36,553,32,521,0,0,8.0,0.6,0.975,2.5,0.79,0.058
OPS-101456,2026-03-09,Wales,Workplace Projects,0,20,20,20,0,1,1,2.3,0.883,0.955,4.7,0.727,1.0
OPS-101457,2026-03-10,Scotland,Workplace Services,176,32,208,40,168,0,0,8.0,0.6,0.967,2.5,0.674,0.192
OPS-101458,2026-03-10,Scotland,Facilities Response,19,42,61,54,7,0,0,1.4,0.894,0.999,4.0,0.681,0.885
OPS-101459,2026-03-10,Scotland,Estates Support,380,46,426,38,388,0,0,8.0,0.6,0.974,2.5,0.738,0.089
OPS-101460,2026-03-10,Scotland,Workplace Projects,0,25,25,25,0,0,0,0.8,0.993,0.959,4.6,0.659,1.0
OPS-101461,2026-03-10,North East,Workplace Services,3,33,36,36,0,1,0,1.4,0.969,0.952,4.3,0.796,1.0
OPS-101462,2026-03-10,North East,Facilities Response,0,36,36,36,0,0,0,1.4,0.935,0.977,4.4,0.681,1.0
OPS-101463,2026-03-10,North East,Estates Support,983,28,1011,20,991,1,0,8.0,0.6,0.982,2.5,0.672,0.02
OPS-101464,2026-03-10,North East,Workplace Projects,64,16,80,26,54,2,0,6.3,0.6,0.956,2.7,0.732,0.325
OPS-101465,2026-03-10,North West,Workplace Services,434,37,471,34,437,1,0,8.0,0.6,0.968,2.5,0.819,0.072
OPS-101466,2026-03-10,North West,Facilities Response,992,45,1037,20,1017,0,0,8.0,0.6,0.979,2.5,0.737,0.019
OPS-101467,2026-03-10,North West,Estates Support,1168,34,1202,22,1180,0,0,8.0,0.6,0.981,2.5,0.645,0.018
OPS-101468,2026-03-10,North West,Workplace Projects,0,40,40,40,0,0,0,2.0,0.947,0.971,4.4,0.752,1.0
OPS-101469,2026-03-10,Midlands,Workplace Services,0,52,52,48,4,0,0,1.8,0.931,0.996,4.5,0.747,0.923
OPS-101470,2026-03-10,Midlands,Facilities Response,515,45,560,37,523,1,0,8.0,0.6,0.968,2.5,0.756,0.066
OPS-101471,2026-03-10,Midlands,Estates Support,309,47,356,31,325,0,0,8.0,0.6,0.987,2.5,0.654,0.087
OPS-101472,2026-03-10,Midlands,Workplace Projects,0,37,37,37,0,0,0,1.3,0.928,0.975,4.6,0.705,1.0
OPS-101473,2026-03-10,South West,Workplace Services,753,43,796,21,775,0,0,8.0,0.6,0.963,2.5,0.681,0.026
OPS-101474,2026-03-10,South West,Facilities Response,2,34,36,36,0,0,0,1.4,0.953,0.995,4.8,0.675,1.0
OPS-101475,2026-03-10,South West,Estates Support,0,37,37,37,0,0,0,1.7,0.928,0.942,4.6,0.835,1.0
OPS-101476,2026-03-10,South West,Workplace Projects,0,21,21,21,0,0,0,1.2,0.963,0.999,4.2,0.668,1.0
OPS-101477,2026-03-10,South East,Workplace Services,2,50,52,48,4,1,0,2.2,0.915,0.973,4.4,0.685,0.923
OPS-101478,2026-03-10,South East,Facilities Response,1383,42,1425,20,1405,1,1,8.0,0.6,0.925,2.5,0.696,0.014
OPS-101479,2026-03-10,South East,Estates Support,0,49,49,49,0,0,0,1.8,0.989,0.991,4.5,0.749,1.0
OPS-101480,2026-03-10,South East,Workplace Projects,410,45,455,25,430,0,0,8.0,0.6,0.976,2.5,0.67,0.055
OPS-101481,2026-03-10,Wales,Workplace Services,748,37,785,27,758,0,0,8.0,0.6,0.954,2.5,0.754,0.034
OPS-101482,2026-03-10,Wales,Facilities Response,808,54,862,29,833,0,0,8.0,0.6,1.0,2.5,0.716,0.034
OPS-101483,2026-03-10,Wales,Estates Support,521,59,580,27,553,0,0,8.0,0.6,0.975,2.5,0.79,0.047
OPS-101484,2026-03-10,Wales,Workplace Projects,0,34,34,34,0,0,0,1.3,0.978,0.959,4.3,0.727,1.0
OPS-101485,2026-03-11,Scotland,Workplace Services,168,60,228,34,194,0,0,8.0,0.6,1.0,2.5,0.674,0.149
OPS-101486,2026-03-11,Scotland,Facilities Response,7,51,58,53,5,0,0,2.0,0.897,0.998,4.5,0.681,0.914
OPS-101487,2026-03-11,Scotland,Estates Support,388,47,435,32,403,0,0,8.0,0.6,1.0,2.5,0.738,0.074
OPS-101488,2026-03-11,Scotland,Workplace Projects,0,25,25,25,0,0,0,1.8,0.951,0.997,4.7,0.659,1.0
OPS-101489,2026-03-11,North East,Workplace Services,0,27,27,27,0,0,0,1.8,0.978,0.97,4.5,0.796,1.0
OPS-101490,2026-03-11,North East,Facilities Response,0,46,46,46,0,0,0,1.7,0.951,0.994,4.5,0.681,1.0
OPS-101491,2026-03-11,North East,Estates Support,991,32,1023,25,998,0,0,8.0,0.6,0.988,2.5,0.672,0.024
OPS-101492,2026-03-11,North East,Workplace Projects,54,25,79,32,47,0,0,4.8,0.695,1.0,2.9,0.732,0.405
OPS-101493,2026-03-11,North West,Workplace Services,437,35,472,30,442,0,0,8.0,0.6,1.0,2.5,0.819,0.064
OPS-101494,2026-03-11,North West,Facilities Response,1017,46,1063,21,1042,0,0,8.0,0.6,0.982,2.5,0.737,0.02
OPS-101495,2026-03-11,North West,Estates Support,1180,22,1202,26,1176,0,0,8.0,0.6,0.982,2.5,0.645,0.022
OPS-101496,2026-03-11,North West,Workplace Projects,0,39,39,39,0,0,0,1.4,0.974,0.967,4.6,0.752,1.0
OPS-101497,2026-03-11,Midlands,Workplace Services,4,24,28,28,0,0,0,1.4,1.0,0.988,4.4,0.747,1.0
OPS-101498,2026-03-11,Midlands,Facilities Response,523,44,567,33,534,0,0,8.0,0.6,0.975,2.5,0.756,0.058
OPS-101499,2026-03-11,Midlands,Estates Support,325,41,366,31,335,0,0,8.0,0.6,0.979,2.5,0.654,0.085
OPS-101500,2026-03-11,Midlands,Workplace Projects,0,28,28,28,0,0,0,1.5,0.93,0.977,4.7,0.705,1.0
OPS-101501,2026-03-11,South West,Workplace Services,775,46,821,22,799,0,0,8.0,0.6,0.993,2.5,0.681,0.027
OPS-101502,2026-03-11,South West,Facilities Response,0,34,34,34,0,0,0,1.2,0.977,1.0,4.5,0.675,1.0
OPS-101503,2026-03-11,South West,Estates Support,0,34,34,34,0,0,0,1.1,0.947,0.96,4.9,0.835,1.0
OPS-101504,2026-03-11,South West,Workplace Projects,0,31,31,31,0,0,0,1.6,0.988,0.989,4.6,0.668,1.0
OPS-101505,2026-03-11,South East,Workplace Services,4,44,48,46,2,1,0,2.0,0.958,0.979,4.1,0.685,0.958
OPS-101506,2026-03-11,South East,Facilities Response,1405,64,1469,22,1447,0,0,8.0,0.6,0.981,2.5,0.696,0.015
OPS-101507,2026-03-11,South East,Estates Support,0,32,32,32,0,0,0,1.0,0.989,0.982,4.5,0.749,1.0
OPS-101508,2026-03-11,South East,Workplace Projects,430,49,479,25,454,0,0,8.0,0.6,0.984,2.5,0.67,0.052
OPS-101509,2026-03-11,Wales,Workplace Services,758,46,804,34,770,0,0,8.0,0.6,0.97,2.5,0.754,0.042
OPS-101510,2026-03-11,Wales,Facilities Response,833,42,875,29,846,1,0,8.0,0.6,0.951,2.5,0.716,0.033
OPS-101511,2026-03-11,Wales,Estates Support,553,37,590,32,558,0,0,8.0,0.6,0.99,2.5,0.79,0.054
OPS-101512,2026-03-11,Wales,Workplace Projects,0,30,30,30,0,0,0,2.2,0.953,0.995,4.4,0.727,1.0
OPS-101513,2026-03-12,Scotland,Workplace Services,194,43,237,37,200,2,1,8.0,0.6,0.951,2.5,0.674,0.156
OPS-101514,2026-03-12,Scotland,Facilities Response,5,32,37,37,0,0,0,1.0,0.987,0.963,4.6,0.681,1.0
OPS-101515,2026-03-12,Scotland,Estates Support,403,48,451,41,410,0,0,8.0,0.6,1.0,2.5,0.738,0.091
OPS-101516,2026-03-12,Scotland,Workplace Projects,0,18,18,18,0,1,0,1.7,0.904,1.0,4.5,0.659,1.0
OPS-101517,2026-03-12,North East,Workplace Services,0,51,51,51,0,0,0,1.2,0.99,0.997,4.4,0.796,1.0
OPS-101518,2026-03-12,North East,Facilities Response,0,37,37,37,0,1,0,1.8,0.965,0.952,4.4,0.681,1.0
OPS-101519,2026-03-12,North East,Estates Support,998,37,1035,28,1007,0,0,8.0,0.6,1.0,2.5,0.672,0.027
OPS-101520,2026-03-12,North East,Workplace Projects,47,22,69,30,39,0,0,5.1,0.757,1.0,3.1,0.732,0.435
OPS-101521,2026-03-12,North West,Workplace Services,442,47,489,34,455,1,0,8.0,0.6,0.97,2.5,0.819,0.07
OPS-101522,2026-03-12,North West,Facilities Response,1042,47,1089,23,1066,0,0,8.0,0.6,0.983,2.5,0.737,0.021
OPS-101523,2026-03-12,North West,Estates Support,1176,37,1213,22,1191,0,0,8.0,0.6,0.978,2.5,0.645,0.018
OPS-101524,2026-03-12,North West,Workplace Projects,0,29,29,29,0,0,0,1.5,0.94,1.0,4.5,0.752,1.0
OPS-101525,2026-03-12,Midlands,Workplace Services,0,30,30,30,0,0,0,1.6,0.963,0.976,4.7,0.747,1.0
OPS-101526,2026-03-12,Midlands,Facilities Response,534,43,577,40,537,0,0,8.0,0.6,0.983,2.5,0.756,0.069
OPS-101527,2026-03-12,Midlands,Estates Support,335,46,381,28,353,0,0,8.0,0.6,1.0,2.5,0.654,0.073
OPS-101528,2026-03-12,Midlands,Workplace Projects,0,39,39,39,0,0,0,1.8,1.0,0.986,4.4,0.705,1.0
OPS-101529,2026-03-12,South West,Workplace Services,799,54,853,21,832,1,0,8.0,0.6,0.988,2.5,0.681,0.025
OPS-101530,2026-03-12,South West,Facilities Response,0,35,35,35,0,0,0,1.7,0.987,0.998,4.5,0.675,1.0
OPS-101531,2026-03-12,South West,Estates Support,0,35,35,35,0,0,0,1.5,0.943,0.977,4.7,0.835,1.0
OPS-101532,2026-03-12,South West,Workplace Projects,0,32,32,32,0,0,0,1.4,1.0,0.993,4.6,0.668,1.0
OPS-101533,2026-03-12,South East,Workplace Services,2,35,37,37,0,1,0,1.4,0.96,1.0,4.5,0.685,1.0
OPS-101534,2026-03-12,South East,Facilities Response,1447,42,1489,19,1470,0,0,8.0,0.6,1.0,2.5,0.696,0.013
OPS-101535,2026-03-12,South East,Estates Support,0,67,67,65,2,0,0,2.0,0.951,0.98,4.5,0.749,0.97
OPS-101536,2026-03-12,South East,Workplace Projects,454,47,501,30,471,0,0,8.0,0.6,0.974,2.5,0.67,0.06
OPS-101537,2026-03-12,Wales,Workplace Services,770,46,816,30,786,0,0,8.0,0.6,0.984,2.5,0.754,0.037
OPS-101538,2026-03-12,Wales,Facilities Response,846,35,881,31,850,0,0,8.0,0.6,0.983,2.5,0.716,0.035
OPS-101539,2026-03-12,Wales,Estates Support,558,47,605,28,577,0,0,8.0,0.6,0.976,2.5,0.79,0.046
OPS-101540,2026-03-12,Wales,Workplace Projects,0,29,29,29,0,0,0,1.2,0.935,0.99,4.6,0.727,1.0
OPS-101541,2026-03-13,Scotland,Workplace Services,200,40,240,37,203,1,0,8.0,0.6,1.0,2.5,0.674,0.154
OPS-101542,2026-03-13,Scotland,Facilities Response,0,51,51,50,1,0,0,1.4,0.943,0.969,4.4,0.681,0.98
OPS-101543,2026-03-13,Scotland,Estates Support,410,65,475,33,442,1,1,8.0,0.6,0.969,2.5,0.738,0.069
OPS-101544,2026-03-13,Scotland,Workplace Projects,0,31,31,29,2,2,1,2.2,0.851,0.957,4.2,0.659,0.935
OPS-101545,2026-03-13,North East,Workplace Services,0,51,51,51,0,0,0,1.2,0.958,0.957,4.5,0.796,1.0
OPS-101546,2026-03-13,North East,Facilities Response,0,40,40,40,0,0,0,1.9,0.97,0.979,4.7,0.681,1.0
OPS-101547,2026-03-13,North East,Estates Support,1007,38,1045,21,1024,0,0,8.0,0.6,0.974,2.5,0.672,0.02
OPS-101548,2026-03-13,North East,Workplace Projects,39,30,69,32,37,0,0,4.6,0.765,0.984,3.1,0.732,0.464
OPS-101549,2026-03-13,North West,Workplace Services,455,38,493,34,459,0,0,8.0,0.6,0.979,2.5,0.819,0.069
OPS-101550,2026-03-13,North West,Facilities Response,1066,46,1112,20,1092,0,0,8.0,0.6,0.974,2.5,0.737,0.018
OPS-101551,2026-03-13,North West,Estates Support,1191,44,1235,21,1214,0,0,8.0,0.6,0.979,2.5,0.645,0.017
OPS-101552,2026-03-13,North West,Workplace Projects,0,33,33,33,0,0,0,1.5,0.964,0.96,4.6,0.752,1.0
OPS-101553,2026-03-13,Midlands,Workplace Services,0,33,33,33,0,0,0,1.5,0.992,1.0,4.5,0.747,1.0
OPS-101554,2026-03-13,Midlands,Facilities Response,537,42,579,33,546,0,0,8.0,0.6,0.985,2.5,0.756,0.057
OPS-101555,2026-03-13,Midlands,Estates Support,353,29,382,37,345,0,0,8.0,0.6,0.979,2.5,0.654,0.097
OPS-101556,2026-03-13,Midlands,Workplace Projects,0,22,22,22,0,0,0,1.5,0.989,0.965,4.4,0.705,1.0
OPS-101557,2026-03-13,South West,Workplace Services,832,49,881,26,855,0,0,8.0,0.6,0.998,2.5,0.681,0.03
OPS-101558,2026-03-13,South West,Facilities Response,0,47,47,47,0,0,0,1.8,0.941,0.975,4.3,0.675,1.0
OPS-101559,2026-03-13,South West,Estates Support,0,36,36,36,0,0,0,1.5,0.993,0.966,4.9,0.835,1.0
OPS-101560,2026-03-13,South West,Workplace Projects,0,34,34,34,0,0,0,1.3,0.963,0.994,4.5,0.668,1.0
OPS-101561,2026-03-13,South East,Workplace Services,0,61,61,57,4,0,0,1.4,0.969,0.961,4.4,0.685,0.934
OPS-101562,2026-03-13,South East,Facilities Response,1470,46,1516,19,1497,0,0,8.0,0.6,1.0,2.5,0.696,0.013
OPS-101563,2026-03-13,South East,Estates Support,2,68,70,62,8,0,0,2.0,0.884,0.986,4.1,0.749,0.886
OPS-101564,2026-03-13,South East,Workplace Projects,471,33,504,30,474,0,0,8.0,0.6,0.989,2.5,0.67,0.06
OPS-101565,2026-03-13,Wales,Workplace Services,786,49,835,31,804,0,0,8.0,0.6,0.982,2.5,0.754,0.037
OPS-101566,2026-03-13,Wales,Facilities Response,850,40,890,24,866,0,0,8.0,0.6,0.998,2.5,0.716,0.027
OPS-101567,2026-03-13,Wales,Estates Support,577,40,617,28,589,0,0,8.0,0.6,0.988,2.5,0.79,0.045
OPS-101568,2026-03-13,Wales,Workplace Projects,0,26,26,26,0,0,0,2.2,0.984,0.988,4.4,0.727,1.0
OPS-101569,2026-03-14,Scotland,Workplace Services,203,48,251,33,218,2,0,8.0,0.6,0.973,2.5,0.674,0.131
OPS-101570,2026-03-14,Scotland,Facilities Response,1,73,74,51,23,0,0,3.2,0.802,0.978,3.9,0.681,0.689
OPS-101571,2026-03-14,Scotland,Estates Support,442,48,490,33,457,0,0,8.0,0.6,0.986,2.5,0.738,0.067
OPS-101572,2026-03-14,Scotland,Workplace Projects,2,34,36,35,1,0,0,2.0,0.938,0.97,4.5,0.659,0.972
OPS-101573,2026-03-14,North East,Workplace Services,0,44,44,44,0,0,0,1.8,1.0,0.979,4.3,0.796,1.0
OPS-101574,2026-03-14,North East,Facilities Response,0,36,36,36,0,0,0,1.4,0.997,0.989,4.4,0.681,1.0
OPS-101575,2026-03-14,North East,Estates Support,1024,52,1076,26,1050,0,0,8.0,0.6,0.978,2.5,0.672,0.024
OPS-101576,2026-03-14,North East,Workplace Projects,37,14,51,24,27,0,0,3.5,0.769,0.968,3.8,0.732,0.471
OPS-101577,2026-03-14,North West,Workplace Services,459,47,506,32,474,0,0,8.0,0.6,0.941,2.5,0.819,0.063
OPS-101578,2026-03-14,North West,Facilities Response,1092,42,1134,19,1115,0,0,8.0,0.6,1.0,2.5,0.737,0.017
OPS-101579,2026-03-14,North West,Estates Support,1214,44,1258,25,1233,0,0,8.0,0.6,0.986,2.5,0.645,0.02
OPS-101580,2026-03-14,North West,Workplace Projects,0,33,33,33,0,0,0,1.1,0.983,0.954,5.0,0.752,1.0
OPS-101581,2026-03-14,Midlands,Workplace Services,0,57,57,41,16,0,0,2.4,0.833,0.977,3.8,0.747,0.719
OPS-101582,2026-03-14,Midlands,Facilities Response,546,36,582,40,542,0,0,8.0,0.6,1.0,2.5,0.756,0.069
OPS-101583,2026-03-14,Midlands,Estates Support,345,45,390,35,355,1,0,8.0,0.6,0.983,2.5,0.654,0.09
OPS-101584,2026-03-14,Midlands,Workplace Projects,0,37,37,37,0,0,0,1.2,0.953,1.0,4.6,0.705,1.0
OPS-101585,2026-03-14,South West,Workplace Services,855,34,889,21,868,0,0,8.0,0.6,0.983,2.5,0.681,0.024
OPS-101586,2026-03-14,South West,Facilities Response,0,34,34,34,0,0,0,1.6,0.989,1.0,4.7,0.675,1.0
OPS-101587,2026-03-14,South West,Estates Support,0,42,42,42,0,0,0,1.5,0.983,0.958,4.6,0.835,1.0
OPS-101588,2026-03-14,South West,Workplace Projects,0,38,38,38,0,0,0,1.6,1.0,0.989,4.6,0.668,1.0
OPS-101589,2026-03-14,South East,Workplace Services,4,59,63,58,5,0,0,2.1,0.948,1.0,4.0,0.685,0.921
OPS-101590,2026-03-14,South East,Facilities Response,1497,45,1542,20,1522,1,0,8.0,0.6,1.0,2.5,0.696,0.013
OPS-101591,2026-03-14,South East,Estates Support,8,47,55,53,2,0,0,2.3,0.943,0.991,4.8,0.749,0.964
OPS-101592,2026-03-14,South East,Workplace Projects,474,37,511,30,481,0,0,8.0,0.6,0.994,2.5,0.67,0.059
OPS-101593,2026-03-14,Wales,Workplace Services,804,35,839,33,806,0,0,8.0,0.6,0.989,2.5,0.754,0.039
OPS-101594,2026-03-14,Wales,Facilities Response,866,43,909,25,884,0,0,8.0,0.6,0.984,2.5,0.716,0.028
OPS-101595,2026-03-14,Wales,Estates Support,589,48,637,27,610,0,0,8.0,0.6,0.974,2.5,0.79,0.042
OPS-101596,2026-03-14,Wales,Workplace Projects,0,45,45,45,0,0,0,0.9,0.962,0.995,4.4,0.727,1.0
OPS-101597,2026-03-16,Scotland,Workplace Services,218,48,266,42,224,0,0,8.0,0.6,0.973,2.5,0.674,0.158
OPS-101598,2026-03-16,Scotland,Facilities Response,23,37,60,59,1,0,0,1.1,0.946,1.0,4.5,0.681,0.983
OPS-101599,2026-03-16,Scotland,Estates Support,457,47,504,35,469,0,0,8.0,0.6,0.992,2.5,0.738,0.069
OPS-101600,2026-03-16,Scotland,Workplace Projects,1,30,31,31,0,0,0,1.0,0.971,0.999,4.8,0.659,1.0
OPS-101601,2026-03-16,North East,Workplace Services,0,43,43,43,0,0,0,1.8,0.986,0.973,4.5,0.796,1.0
OPS-101602,2026-03-16,North East,Facilities Response,0,48,48,48,0,0,0,2.1,0.968,0.966,4.3,0.681,1.0
OPS-101603,2026-03-16,North East,Estates Support,1050,26,1076,22,1054,0,0,8.0,0.6,0.992,2.5,0.672,0.02
OPS-101604,2026-03-16,North East,Workplace Projects,27,25,52,28,24,0,0,3.4,0.824,1.0,3.6,0.732,0.538
OPS-101605,2026-03-16,North West,Workplace Services,474,52,526,39,487,0,0,8.0,0.6,1.0,2.5,0.819,0.074
OPS-101606,2026-03-16,North West,Facilities Response,1115,47,1162,21,1141,0,0,8.0,0.6,0.96,2.5,0.737,0.018
OPS-101607,2026-03-16,North West,Estates Support,1233,60,1293,26,1267,0,0,8.0,0.6,0.993,2.5,0.645,0.02
OPS-101608,2026-03-16,North West,Workplace Projects,0,31,31,31,0,0,0,1.8,0.997,1.0,4.2,0.752,1.0
OPS-101609,2026-03-16,Midlands,Workplace Services,16,50,66,45,21,0,0,2.9,0.814,0.979,3.5,0.747,0.682
OPS-101610,2026-03-16,Midlands,Facilities Response,542,47,589,37,552,0,0,8.0,0.6,0.99,2.5,0.756,0.063
OPS-101611,2026-03-16,Midlands,Estates Support,355,32,387,31,356,0,0,8.0,0.6,0.985,2.5,0.654,0.08
OPS-101612,2026-03-16,Midlands,Workplace Projects,0,25,25,25,0,1,0,1.6,0.933,0.959,4.8,0.705,1.0
OPS-101613,2026-03-16,South West,Workplace Services,868,59,927,24,903,0,0,8.0,0.6,1.0,2.5,0.681,0.026
OPS-101614,2026-03-16,South West,Facilities Response,0,30,30,30,0,0,0,1.4,0.988,0.979,4.6,0.675,1.0
OPS-101615,2026-03-16,South West,Estates Support,0,34,34,34,0,0,0,1.7,0.959,0.972,4.4,0.835,1.0
OPS-101616,2026-03-16,South West,Workplace Projects,0,35,35,35,0,0,0,1.7,0.956,0.994,4.5,0.668,1.0
OPS-101617,2026-03-16,South East,Workplace Services,5,62,67,52,15,0,0,2.4,0.87,0.959,4.2,0.685,0.776
OPS-101618,2026-03-16,South East,Facilities Response,1522,38,1560,24,1536,0,0,8.0,0.6,0.97,2.5,0.696,0.015
OPS-101619,2026-03-16,South East,Estates Support,2,44,46,46,0,0,0,1.6,0.936,0.977,4.4,0.749,1.0
OPS-101620,2026-03-16,South East,Workplace Projects,481,43,524,25,499,0,0,8.0,0.6,1.0,2.5,0.67,0.048
OPS-101621,2026-03-16,Wales,Workplace Services,806,47,853,28,825,0,0,8.0,0.6,0.975,2.5,0.754,0.033
OPS-101622,2026-03-16,Wales,Facilities Response,884,37,921,27,894,0,0,8.0,0.6,1.0,2.5,0.716,0.029
OPS-101623,2026-03-16,Wales,Estates Support,610,49,659,29,630,0,0,8.0,0.6,0.996,2.5,0.79,0.044
OPS-101624,2026-03-16,Wales,Workplace Projects,0,29,29,29,0,1,0,2.6,0.934,0.986,4.4,0.727,1.0
OPS-101625,2026-03-17,Scotland,Workplace Services,224,49,273,34,239,0,0,8.0,0.6,1.0,2.5,0.674,0.125
OPS-101626,2026-03-17,Scotland,Facilities Response,1,61,62,48,14,0,0,2.5,0.891,0.964,3.9,0.681,0.774
OPS-101627,2026-03-17,Scotland,Estates Support,469,47,516,38,478,0,0,8.0,0.6,0.974,2.5,0.738,0.074
OPS-101628,2026-03-17,Scotland,Workplace Projects,0,23,23,23,0,0,0,1.1,0.998,0.992,4.7,0.659,1.0
OPS-101629,2026-03-17,North East,Workplace Services,0,35,35,35,0,0,0,1.4,0.961,1.0,4.5,0.796,1.0
OPS-101630,2026-03-17,North East,Facilities Response,0,59,59,49,10,0,0,1.8,0.924,0.952,4.0,0.681,0.831
OPS-101631,2026-03-17,North East,Estates Support,1054,29,1083,27,1056,0,0,8.0,0.6,0.966,2.5,0.672,0.025
OPS-101632,2026-03-17,North East,Workplace Projects,24,25,49,28,21,0,0,3.8,0.823,0.969,3.9,0.732,0.571
OPS-101633,2026-03-17,North West,Workplace Services,487,35,522,36,486,0,0,8.0,0.6,0.942,2.5,0.819,0.069
OPS-101634,2026-03-17,North West,Facilities Response,1141,52,1193,20,1173,0,0,8.0,0.6,0.985,2.5,0.737,0.017
OPS-101635,2026-03-17,North West,Estates Support,1267,32,1299,24,1275,0,0,8.0,0.6,0.988,2.5,0.645,0.018
OPS-101636,2026-03-17,North West,Workplace Projects,0,29,29,29,0,0,0,1.8,0.972,0.95,4.5,0.752,1.0
OPS-101637,2026-03-17,Midlands,Workplace Services,21,63,84,52,32,0,0,3.6,0.821,0.988,3.4,0.747,0.619
OPS-101638,2026-03-17,Midlands,Facilities Response,552,27,579,37,542,0,0,8.0,0.6,0.988,2.5,0.756,0.064
OPS-101639,2026-03-17,Midlands,Estates Support,356,28,384,28,356,0,0,8.0,0.6,0.99,2.5,0.654,0.073
OPS-101640,2026-03-17,Midlands,Workplace Projects,0,25,25,25,0,0,0,1.2,0.949,0.982,4.7,0.705,1.0
OPS-101641,2026-03-17,South West,Workplace Services,903,45,948,24,924,0,0,8.0,0.6,0.965,2.5,0.681,0.025
OPS-101642,2026-03-17,South West,Facilities Response,0,43,43,43,0,0,0,2.0,0.994,0.995,4.6,0.675,1.0
OPS-101643,2026-03-17,South West,Estates Support,0,44,44,44,0,0,0,1.4,1.0,0.971,4.7,0.835,1.0
OPS-101644,2026-03-17,South West,Workplace Projects,0,33,33,33,0,0,0,1.5,1.0,1.0,4.9,0.668,1.0
OPS-101645,2026-03-17,South East,Workplace Services,15,61,76,50,26,0,0,4.0,0.879,0.981,3.4,0.685,0.658
OPS-101646,2026-03-17,South East,Facilities Response,1536,49,1585,20,1565,0,0,8.0,0.6,1.0,2.5,0.696,0.013
OPS-101647,2026-03-17,South East,Estates Support,0,54,54,54,0,0,0,1.6,0.926,0.996,4.2,0.749,1.0
OPS-101648,2026-03-17,South East,Workplace Projects,499,22,521,27,494,0,0,8.0,0.6,0.977,2.5,0.67,0.052
OPS-101649,2026-03-17,Wales,Workplace Services,825,46,871,31,840,0,0,8.0,0.6,1.0,2.5,0.754,0.036
OPS-101650,2026-03-17,Wales,Facilities Response,894,32,926,25,901,0,0,8.0,0.6,0.992,2.5,0.716,0.027
OPS-101651,2026-03-17,Wales,Estates Support,630,46,676,32,644,0,0,8.0,0.6,0.988,2.5,0.79,0.047
OPS-101652,2026-03-17,Wales,Workplace Projects,0,32,32,32,0,1,0,1.6,0.958,0.994,4.6,0.727,1.0
OPS-101653,2026-03-18,Scotland,Workplace Services,239,39,278,34,244,0,0,8.0,0.6,0.972,2.5,0.674,0.122
OPS-101654,2026-03-18,Scotland,Facilities Response,14,58,72,50,22,0,0,3.0,0.84,1.0,3.9,0.681,0.694
OPS-101655,2026-03-18,Scotland,Estates Support,478,39,517,39,478,0,0,8.0,0.6,1.0,2.5,0.738,0.075
OPS-101656,2026-03-18,Scotland,Workplace Projects,0,30,30,30,0,0,0,0.5,0.977,0.968,4.4,0.659,1.0
OPS-101657,2026-03-18,North East,Workplace Services,0,36,36,36,0,0,0,1.3,0.989,0.975,4.6,0.796,1.0
OPS-101658,2026-03-18,North East,Facilities Response,10,27,37,37,0,0,0,1.0,0.956,0.991,4.3,0.681,1.0
OPS-101659,2026-03-18,North East,Estates Support,1056,53,1109,27,1082,0,0,8.0,0.6,0.983,2.5,0.672,0.024
OPS-101660,2026-03-18,North East,Workplace Projects,21,27,48,28,20,0,0,2.6,0.823,0.991,4.0,0.732,0.583
OPS-101661,2026-03-18,North West,Workplace Services,486,23,509,37,472,1,0,8.0,0.6,1.0,2.5,0.819,0.073
OPS-101662,2026-03-18,North West,Facilities Response,1173,41,1214,23,1191,0,0,8.0,0.6,1.0,2.5,0.737,0.019
OPS-101663,2026-03-18,North West,Estates Support,1275,59,1334,21,1313,0,0,8.0,0.6,0.969,2.5,0.645,0.016
OPS-101664,2026-03-18,North West,Workplace Projects,0,23,23,23,0,0,0,2.0,0.952,0.969,4.3,0.752,1.0
OPS-101665,2026-03-18,Midlands,Workplace Services,32,40,72,47,25,0,0,3.4,0.857,0.975,3.8,0.747,0.653
OPS-101666,2026-03-18,Midlands,Facilities Response,542,54,596,31,565,0,0,8.0,0.6,0.971,2.5,0.756,0.052
OPS-101667,2026-03-18,Midlands,Estates Support,356,52,408,31,377,0,0,8.0,0.6,0.972,2.5,0.654,0.076
OPS-101668,2026-03-18,Midlands,Workplace Projects,0,31,31,31,0,1,0,1.1,0.94,0.969,4.6,0.705,1.0
OPS-101669,2026-03-18,South West,Workplace Services,924,33,957,23,934,0,0,8.0,0.6,0.982,2.5,0.681,0.024
OPS-101670,2026-03-18,South West,Facilities Response,0,40,40,40,0,0,0,1.0,0.985,0.984,4.4,0.675,1.0
OPS-101671,2026-03-18,South West,Estates Support,0,39,39,39,0,0,0,1.2,0.994,0.981,4.3,0.835,1.0
OPS-101672,2026-03-18,South West,Workplace Projects,0,44,44,44,0,0,0,1.7,1.0,0.964,4.8,0.668,1.0
OPS-101673,2026-03-18,South East,Workplace Services,26,43,69,48,21,0,0,2.9,0.85,0.989,3.8,0.685,0.696
OPS-101674,2026-03-18,South East,Facilities Response,1565,25,1590,19,1571,0,0,8.0,0.6,0.987,2.5,0.696,0.012
OPS-101675,2026-03-18,South East,Estates Support,0,40,40,40,0,0,0,1.2,0.978,0.983,4.6,0.749,1.0
OPS-101676,2026-03-18,South East,Workplace Projects,494,39,533,25,508,0,0,8.0,0.6,1.0,2.5,0.67,0.047
OPS-101677,2026-03-18,Wales,Workplace Services,840,50,890,35,855,0,0,8.0,0.6,1.0,2.5,0.754,0.039
OPS-101678,2026-03-18,Wales,Facilities Response,901,38,939,24,915,0,0,8.0,0.6,1.0,2.5,0.716,0.026
OPS-101679,2026-03-18,Wales,Estates Support,644,39,683,24,659,1,1,8.0,0.6,0.987,2.5,0.79,0.035
OPS-101680,2026-03-18,Wales,Workplace Projects,0,41,41,41,0,0,0,1.2,0.95,0.97,4.7,0.727,1.0
OPS-101681,2026-03-19,Scotland,Workplace Services,244,39,283,38,245,0,0,8.0,0.6,0.975,2.5,0.674,0.134
OPS-101682,2026-03-19,Scotland,Facilities Response,22,37,59,46,13,0,0,1.5,0.927,0.974,4.1,0.681,0.78
OPS-101683,2026-03-19,Scotland,Estates Support,478,48,526,37,489,0,0,8.0,0.6,0.984,2.5,0.738,0.07
OPS-101684,2026-03-19,Scotland,Workplace Projects,0,35,35,34,1,0,0,1.7,0.973,0.971,4.3,0.659,0.971
OPS-101685,2026-03-19,North East,Workplace Services,0,32,32,32,0,0,0,1.1,0.977,1.0,4.5,0.796,1.0
OPS-101686,2026-03-19,North East,Facilities Response,0,44,44,44,0,0,0,1.3,0.948,0.972,4.5,0.681,1.0
OPS-101687,2026-03-19,North East,Estates Support,1082,39,1121,26,1095,0,0,8.0,0.6,0.976,2.5,0.672,0.023
OPS-101688,2026-03-19,North East,Workplace Projects,20,37,57,30,27,0,0,3.5,0.795,0.984,3.4,0.732,0.526
OPS-101689,2026-03-19,North West,Workplace Services,472,32,504,29,475,0,0,8.0,0.6,1.0,2.5,0.819,0.058
OPS-101690,2026-03-19,North West,Facilities Response,1191,36,1227,19,1208,1,0,8.0,0.6,0.984,2.5,0.737,0.015
OPS-101691,2026-03-19,North West,Estates Support,1313,42,1355,21,1334,1,0,8.0,0.6,0.951,2.5,0.645,0.015
OPS-101692,2026-03-19,North West,Workplace Projects,0,28,28,28,0,0,0,1.8,0.945,0.99,4.5,0.752,1.0
OPS-101693,2026-03-19,Midlands,Workplace Services,25,36,61,44,17,0,0,2.6,0.836,0.971,4.1,0.747,0.721
OPS-101694,2026-03-19,Midlands,Facilities Response,565,47,612,32,580,0,0,8.0,0.6,0.95,2.5,0.756,0.052
OPS-101695,2026-03-19,Midlands,Estates Support,377,40,417,31,386,0,0,8.0,0.6,0.954,2.5,0.654,0.074
OPS-101696,2026-03-19,Midlands,Workplace Projects,0,21,21,21,0,1,0,2.0,0.929,1.0,4.5,0.705,1.0
OPS-101697,2026-03-19,South West,Workplace Services,934,44,978,24,954,1,0,8.0,0.6,1.0,2.5,0.681,0.025
OPS-101698,2026-03-19,South West,Facilities Response,0,30,30,30,0,0,0,1.3,0.931,0.965,4.9,0.675,1.0
OPS-101699,2026-03-19,South West,Estates Support,0,42,42,42,0,0,0,1.5,0.973,0.991,4.7,0.835,1.0
OPS-101700,2026-03-19,South West,Workplace Projects,0,23,23,23,0,0,0,1.9,0.963,0.979,4.4,0.668,1.0
OPS-101701,2026-03-19,South East,Workplace Services,21,29,50,45,5,0,0,2.2,0.906,1.0,4.8,0.685,0.9
OPS-101702,2026-03-19,South East,Facilities Response,1571,59,1630,22,1608,0,0,8.0,0.6,0.995,2.5,0.696,0.013
OPS-101703,2026-03-19,South East,Estates Support,0,43,43,43,0,0,0,1.3,0.982,0.977,4.9,0.749,1.0
OPS-101704,2026-03-19,South East,Workplace Projects,508,29,537,28,509,0,0,8.0,0.6,0.98,2.5,0.67,0.052
OPS-101705,2026-03-19,Wales,Workplace Services,855,49,904,26,878,0,0,8.0,0.6,0.983,2.5,0.754,0.029
OPS-101706,2026-03-19,Wales,Facilities Response,915,56,971,25,946,0,0,8.0,0.6,0.938,2.5,0.716,0.026
OPS-101707,2026-03-19,Wales,Estates Support,659,29,688,30,658,0,0,8.0,0.6,0.986,2.5,0.79,0.044
OPS-101708,2026-03-19,Wales,Workplace Projects,0,22,22,22,0,0,0,1.5,0.948,1.0,4.3,0.727,1.0
OPS-101709,2026-03-20,Scotland,Workplace Services,245,38,283,33,250,1,0,8.0,0.6,0.995,2.5,0.674,0.117
OPS-101710,2026-03-20,Scotland,Facilities Response,13,51,64,57,7,0,0,1.7,0.926,0.988,4.2,0.681,0.891
OPS-101711,2026-03-20,Scotland,Estates Support,489,44,533,39,494,0,0,8.0,0.6,0.991,2.5,0.738,0.073
OPS-101712,2026-03-20,Scotland,Workplace Projects,1,30,31,31,0,0,0,1.9,0.982,0.961,4.4,0.659,1.0
OPS-101713,2026-03-20,North East,Workplace Services,0,51,51,40,11,1,0,3.0,0.884,0.962,3.9,0.796,0.784
OPS-101714,2026-03-20,North East,Facilities Response,0,47,47,47,0,0,0,1.2,0.941,0.976,4.7,0.681,1.0
OPS-101715,2026-03-20,North East,Estates Support,1095,57,1152,25,1127,0,0,8.0,0.6,0.973,2.5,0.672,0.022
OPS-101716,2026-03-20,North East,Workplace Projects,27,30,57,28,29,0,0,3.9,0.836,0.973,3.4,0.732,0.491
OPS-101717,2026-03-20,North West,Workplace Services,475,36,511,36,475,0,0,8.0,0.6,0.967,2.5,0.819,0.07
OPS-101718,2026-03-20,North West,Facilities Response,1208,39,1247,22,1225,0,0,8.0,0.6,0.971,2.5,0.737,0.018
OPS-101719,2026-03-20,North West,Estates Support,1334,42,1376,24,1352,0,0,8.0,0.6,1.0,2.5,0.645,0.017
OPS-101720,2026-03-20,North West,Workplace Projects,0,37,37,37,0,0,0,1.9,0.929,1.0,4.5,0.752,1.0
OPS-101721,2026-03-20,Midlands,Workplace Services,17,28,45,45,0,0,0,1.7,0.977,0.977,4.8,0.747,1.0
OPS-101722,2026-03-20,Midlands,Facilities Response,580,41,621,37,584,0,0,8.0,0.6,0.974,2.5,0.756,0.06
OPS-101723,2026-03-20,Midlands,Estates Support,386,45,431,36,395,0,0,8.0,0.6,1.0,2.5,0.654,0.084
OPS-101724,2026-03-20,Midlands,Workplace Projects,0,27,27,27,0,0,0,1.8,0.973,0.998,4.8,0.705,1.0
OPS-101725,2026-03-20,South West,Workplace Services,954,31,985,27,958,0,0,8.0,0.6,0.968,2.5,0.681,0.027
OPS-101726,2026-03-20,South West,Facilities Response,0,28,28,28,0,0,0,1.4,0.96,0.997,4.5,0.675,1.0
OPS-101727,2026-03-20,South West,Estates Support,0,32,32,32,0,0,0,1.1,0.948,0.963,4.5,0.835,1.0
OPS-101728,2026-03-20,South West,Workplace Projects,0,32,32,32,0,0,0,1.7,0.969,0.998,4.5,0.668,1.0
OPS-101729,2026-03-20,South East,Workplace Services,5,44,49,46,3,0,0,1.5,0.987,0.976,4.6,0.685,0.939
OPS-101730,2026-03-20,South East,Facilities Response,1608,47,1655,21,1634,0,0,8.0,0.6,0.987,2.5,0.696,0.013
OPS-101731,2026-03-20,South East,Estates Support,0,56,56,48,8,1,0,1.9,0.912,1.0,4.5,0.749,0.857
OPS-101732,2026-03-20,South East,Workplace Projects,509,36,545,29,516,1,0,8.0,0.6,0.994,2.5,0.67,0.053
OPS-101733,2026-03-20,Wales,Workplace Services,878,36,914,34,880,0,0,8.0,0.6,1.0,2.5,0.754,0.037
OPS-101734,2026-03-20,Wales,Facilities Response,946,51,997,30,967,1,0,8.0,0.6,0.948,2.5,0.716,0.03
OPS-101735,2026-03-20,Wales,Estates Support,658,42,700,27,673,0,0,8.0,0.6,0.971,2.5,0.79,0.039
OPS-101736,2026-03-20,Wales,Workplace Projects,0,42,42,42,0,0,0,1.2,0.936,0.993,4.6,0.727,1.0
OPS-101737,2026-03-23,Scotland,Workplace Services,250,37,287,39,248,0,0,8.0,0.6,0.983,2.5,0.674,0.136
OPS-101738,2026-03-23,Scotland,Facilities Response,7,59,66,44,22,0,0,3.2,0.818,0.963,3.8,0.681,0.667
OPS-101739,2026-03-23,Scotland,Estates Support,494,33,527,33,494,1,0,8.0,0.6,0.934,2.5,0.738,0.063
OPS-101740,2026-03-23,Scotland,Workplace Projects,0,27,27,27,0,0,0,1.3,0.963,0.984,4.3,0.659,1.0
OPS-101741,2026-03-23,North East,Workplace Services,11,56,67,50,17,0,0,3.3,0.864,1.0,3.8,0.796,0.746
OPS-101742,2026-03-23,North East,Facilities Response,0,21,21,21,0,0,0,1.9,0.949,0.983,4.5,0.681,1.0
OPS-101743,2026-03-23,North East,Estates Support,1127,34,1161,22,1139,0,0,8.0,0.6,0.996,2.5,0.672,0.019
OPS-101744,2026-03-23,North East,Workplace Projects,29,36,65,30,35,0,0,4.7,0.777,1.0,3.3,0.732,0.462
OPS-101745,2026-03-23,North West,Workplace Services,475,34,509,37,472,0,0,8.0,0.6,0.98,2.5,0.819,0.073
OPS-101746,2026-03-23,North West,Facilities Response,1225,38,1263,23,1240,0,0,8.0,0.6,0.998,2.5,0.737,0.018
OPS-101747,2026-03-23,North West,Estates Support,1352,62,1414,22,1392,0,0,8.0,0.6,0.994,2.5,0.645,0.016
OPS-101748,2026-03-23,North West,Workplace Projects,0,26,26,26,0,0,0,1.5,0.957,0.967,4.4,0.752,1.0
OPS-101749,2026-03-23,Midlands,Workplace Services,0,42,42,42,0,0,0,1.7,1.0,0.985,4.2,0.747,1.0
OPS-101750,2026-03-23,Midlands,Facilities Response,584,56,640,38,602,0,0,8.0,0.6,0.995,2.5,0.756,0.059
OPS-101751,2026-03-23,Midlands,Estates Support,395,46,441,27,414,0,0,8.0,0.6,0.965,2.5,0.654,0.061
OPS-101752,2026-03-23,Midlands,Workplace Projects,0,24,24,24,0,0,0,1.3,0.935,0.997,4.6,0.705,1.0
OPS-101753,2026-03-23,South West,Workplace Services,958,30,988,25,963,0,0,8.0,0.6,0.99,2.5,0.681,0.025
OPS-101754,2026-03-23,South West,Facilities Response,0,33,33,33,0,0,0,1.5,0.985,0.952,5.0,0.675,1.0
OPS-101755,2026-03-23,South West,Estates Support,0,47,47,47,0,0,0,1.9,0.983,0.974,4.3,0.835,1.0
OPS-101756,2026-03-23,South West,Workplace Projects,0,28,28,28,0,0,0,1.8,0.979,0.932,4.8,0.668,1.0
OPS-101757,2026-03-23,South East,Workplace Services,3,44,47,47,0,1,0,1.8,0.931,0.973,4.2,0.685,1.0
OPS-101758,2026-03-23,South East,Facilities Response,1634,37,1671,23,1648,0,0,8.0,0.6,0.993,2.5,0.696,0.014
OPS-101759,2026-03-23,South East,Estates Support,8,51,59,55,4,1,0,1.9,0.898,0.977,4.1,0.749,0.932
OPS-101760,2026-03-23,South East,Workplace Projects,516,46,562,25,537,0,0,8.0,0.6,1.0,2.5,0.67,0.044
OPS-101761,2026-03-23,Wales,Workplace Services,880,43,923,31,892,1,1,8.0,0.6,0.939,2.5,0.754,0.034
OPS-101762,2026-03-23,Wales,Facilities Response,967,48,1015,25,990,0,0,8.0,0.6,0.988,2.5,0.716,0.025
OPS-101763,2026-03-23,Wales,Estates Support,673,52,725,27,698,0,0,8.0,0.6,1.0,2.5,0.79,0.037
OPS-101764,2026-03-23,Wales,Workplace Projects,0,29,29,29,0,0,0,1.6,0.927,0.997,4.4,0.727,1.0
OPS-101765,2026-03-24,Scotland,Workplace Services,248,47,295,38,257,0,0,8.0,0.6,0.981,2.5,0.674,0.129
OPS-101766,2026-03-24,Scotland,Facilities Response,22,48,70,57,13,0,0,2.4,0.917,0.989,3.9,0.681,0.814
OPS-101767,2026-03-24,Scotland,Estates Support,494,45,539,38,501,0,0,8.0,0.6,0.979,2.5,0.738,0.071
OPS-101768,2026-03-24,Scotland,Workplace Projects,0,35,35,35,0,0,0,1.6,0.974,1.0,4.8,0.659,1.0
OPS-101769,2026-03-24,North East,Workplace Services,17,46,63,43,20,0,0,3.1,0.821,0.996,3.9,0.796,0.683
OPS-101770,2026-03-24,North East,Facilities Response,0,34,34,34,0,0,0,1.5,0.947,0.993,4.3,0.681,1.0
OPS-101771,2026-03-24,North East,Estates Support,1139,38,1177,24,1153,0,0,8.0,0.6,0.985,2.5,0.672,0.02
OPS-101772,2026-03-24,North East,Workplace Projects,35,18,53,31,22,0,0,3.0,0.819,0.985,3.8,0.732,0.585
OPS-101773,2026-03-24,North West,Workplace Services,472,11,483,32,451,0,0,8.0,0.6,0.954,2.5,0.819,0.066
OPS-101774,2026-03-24,North West,Facilities Response,1240,41,1281,23,1258,0,0,8.0,0.6,0.969,2.5,0.737,0.018
OPS-101775,2026-03-24,North West,Estates Support,1392,31,1423,27,1396,0,0,8.0,0.6,0.964,2.5,0.645,0.019
OPS-101776,2026-03-24,North West,Workplace Projects,0,28,28,28,0,0,0,1.6,0.938,0.946,4.5,0.752,1.0
OPS-101777,2026-03-24,Midlands,Workplace Services,0,37,37,37,0,0,0,1.6,0.988,1.0,4.6,0.747,1.0
OPS-101778,2026-03-24,Midlands,Facilities Response,602,48,650,35,615,0,0,8.0,0.6,0.957,2.5,0.756,0.054
OPS-101779,2026-03-24,Midlands,Estates Support,414,44,458,34,424,0,0,8.0,0.6,1.0,2.5,0.654,0.074
OPS-101780,2026-03-24,Midlands,Workplace Projects,0,39,39,38,1,0,0,1.1,0.96,0.98,4.6,0.705,0.974
OPS-101781,2026-03-24,South West,Workplace Services,963,40,1003,20,983,0,0,8.0,0.6,0.991,2.5,0.681,0.02
OPS-101782,2026-03-24,South West,Facilities Response,0,63,63,54,9,0,0,2.1,0.928,0.988,4.5,0.675,0.857
OPS-101783,2026-03-24,South West,Estates Support,0,49,49,49,0,0,0,1.9,0.981,1.0,4.3,0.835,1.0
OPS-101784,2026-03-24,South West,Workplace Projects,0,22,22,22,0,0,0,1.9,0.933,1.0,4.9,0.668,1.0
OPS-101785,2026-03-24,South East,Workplace Services,0,49,49,49,0,1,0,0.8,0.973,0.96,4.1,0.685,1.0
OPS-101786,2026-03-24,South East,Facilities Response,1648,32,1680,19,1661,0,0,8.0,0.6,0.971,2.5,0.696,0.011
OPS-101787,2026-03-24,South East,Estates Support,4,47,51,51,0,0,0,2.2,0.975,0.978,4.7,0.749,1.0
OPS-101788,2026-03-24,South East,Workplace Projects,537,25,562,23,539,0,0,8.0,0.6,1.0,2.5,0.67,0.041
OPS-101789,2026-03-24,Wales,Workplace Services,892,37,929,33,896,0,0,8.0,0.6,0.991,2.5,0.754,0.036
OPS-101790,2026-03-24,Wales,Facilities Response,990,37,1027,26,1001,0,0,8.0,0.6,1.0,2.5,0.716,0.025
OPS-101791,2026-03-24,Wales,Estates Support,698,51,749,30,719,0,0,8.0,0.6,0.992,2.5,0.79,0.04
OPS-101792,2026-03-24,Wales,Workplace Projects,0,41,41,41,0,1,1,1.9,0.899,0.975,4.1,0.727,1.0
OPS-101793,2026-03-25,Scotland,Workplace Services,257,50,307,40,267,0,0,8.0,0.6,0.999,2.5,0.674,0.13
OPS-101794,2026-03-25,Scotland,Facilities Response,13,50,63,54,9,0,0,1.9,0.893,0.998,4.1,0.681,0.857
OPS-101795,2026-03-25,Scotland,Estates Support,501,41,542,38,504,0,0,8.0,0.6,1.0,2.5,0.738,0.07
OPS-101796,2026-03-25,Scotland,Workplace Projects,0,23,23,23,0,0,0,1.8,0.97,0.963,4.4,0.659,1.0
OPS-101797,2026-03-25,North East,Workplace Services,20,32,52,52,0,1,0,1.8,0.966,0.945,4.6,0.796,1.0
OPS-101798,2026-03-25,North East,Facilities Response,0,37,37,37,0,1,0,1.6,0.956,0.964,4.8,0.681,1.0
OPS-101799,2026-03-25,North East,Estates Support,1153,51,1204,26,1178,0,0,8.0,0.6,0.994,2.5,0.672,0.022
OPS-101800,2026-03-25,North East,Workplace Projects,22,28,50,31,19,0,0,3.5,0.878,0.995,4.0,0.732,0.62
OPS-101801,2026-03-25,North West,Workplace Services,451,49,500,27,473,1,1,8.0,0.6,0.926,2.5,0.819,0.054
OPS-101802,2026-03-25,North West,Facilities Response,1258,31,1289,24,1265,0,0,8.0,0.6,0.966,2.5,0.737,0.019
OPS-101803,2026-03-25,North West,Estates Support,1396,35,1431,22,1409,0,0,8.0,0.6,1.0,2.5,0.645,0.015
OPS-101804,2026-03-25,North West,Workplace Projects,0,28,28,28,0,0,0,1.5,0.966,1.0,4.5,0.752,1.0
OPS-101805,2026-03-25,Midlands,Workplace Services,0,38,38,38,0,0,0,1.4,0.909,1.0,4.6,0.747,1.0
OPS-101806,2026-03-25,Midlands,Facilities Response,615,48,663,33,630,0,0,8.0,0.6,0.977,2.5,0.756,0.05
OPS-101807,2026-03-25,Midlands,Estates Support,424,44,468,30,438,0,0,8.0,0.6,1.0,2.5,0.654,0.064
OPS-101808,2026-03-25,Midlands,Workplace Projects,1,28,29,29,0,0,0,1.0,0.954,0.991,4.6,0.705,1.0
OPS-101809,2026-03-25,South West,Workplace Services,983,43,1026,26,1000,0,0,8.0,0.6,0.995,2.5,0.681,0.025
OPS-101810,2026-03-25,South West,Facilities Response,9,44,53,53,0,0,0,1.7,0.991,0.98,4.1,0.675,1.0
OPS-101811,2026-03-25,South West,Estates Support,0,70,70,54,16,0,0,2.5,0.823,0.959,4.1,0.835,0.771
OPS-101812,2026-03-25,South West,Workplace Projects,0,22,22,22,0,0,0,1.3,0.991,1.0,4.6,0.668,1.0
OPS-101813,2026-03-25,South East,Workplace Services,0,32,32,32,0,0,0,1.3,0.963,0.98,4.7,0.685,1.0
OPS-101814,2026-03-25,South East,Facilities Response,1661,36,1697,21,1676,0,0,8.0,0.6,0.963,2.5,0.696,0.012
OPS-101815,2026-03-25,South East,Estates Support,0,30,30,30,0,0,0,1.6,0.923,0.96,4.4,0.749,1.0
OPS-101816,2026-03-25,South East,Workplace Projects,539,39,578,27,551,0,0,8.0,0.6,0.962,2.5,0.67,0.047
OPS-101817,2026-03-25,Wales,Workplace Services,896,66,962,26,936,0,0,8.0,0.6,0.978,2.5,0.754,0.027
OPS-101818,2026-03-25,Wales,Facilities Response,1001,47,1048,30,1018,0,0,8.0,0.6,1.0,2.5,0.716,0.029
OPS-101819,2026-03-25,Wales,Estates Support,719,45,764,31,733,0,0,8.0,0.6,0.985,2.5,0.79,0.041
OPS-101820,2026-03-25,Wales,Workplace Projects,0,32,32,32,0,0,0,1.2,0.982,0.991,4.6,0.727,1.0
OPS-101821,2026-03-26,Scotland,Workplace Services,267,42,309,44,265,0,0,8.0,0.6,0.959,2.5,0.674,0.142
OPS-101822,2026-03-26,Scotland,Facilities Response,9,28,37,37,0,0,0,1.9,0.963,1.0,4.6,0.681,1.0
OPS-101823,2026-03-26,Scotland,Estates Support,504,44,548,40,508,0,0,8.0,0.6,1.0,2.5,0.738,0.073
OPS-101824,2026-03-26,Scotland,Workplace Projects,0,20,20,20,0,0,0,2.3,1.0,1.0,4.5,0.659,1.0
OPS-101825,2026-03-26,North East,Workplace Services,0,36,36,36,0,0,0,1.8,0.991,0.95,4.6,0.796,1.0
OPS-101826,2026-03-26,North East,Facilities Response,0,42,42,42,0,0,0,2.3,1.0,0.997,4.5,0.681,1.0
OPS-101827,2026-03-26,North East,Estates Support,1178,33,1211,23,1188,0,0,8.0,0.6,0.985,2.5,0.672,0.019
OPS-101828,2026-03-26,North East,Workplace Projects,19,23,42,24,18,0,0,2.4,0.856,0.99,3.8,0.732,0.571
OPS-101829,2026-03-26,North West,Workplace Services,473,43,516,39,477,0,0,8.0,0.6,0.989,2.5,0.819,0.076
OPS-101830,2026-03-26,North West,Facilities Response,1265,54,1319,23,1296,1,0,8.0,0.6,1.0,2.5,0.737,0.017
OPS-101831,2026-03-26,North West,Estates Support,1409,34,1443,24,1419,0,0,8.0,0.6,0.997,2.5,0.645,0.017
OPS-101832,2026-03-26,North West,Workplace Projects,0,37,37,37,0,0,0,1.2,0.975,1.0,4.3,0.752,1.0
OPS-101833,2026-03-26,Midlands,Workplace Services,0,44,44,44,0,0,0,2.4,0.995,0.967,4.3,0.747,1.0
OPS-101834,2026-03-26,Midlands,Facilities Response,630,35,665,31,634,0,0,8.0,0.6,0.96,2.5,0.756,0.047
OPS-101835,2026-03-26,Midlands,Estates Support,438,31,469,35,434,0,0,8.0,0.6,0.992,2.5,0.654,0.075
OPS-101836,2026-03-26,Midlands,Workplace Projects,0,20,20,20,0,0,0,1.4,0.94,0.983,4.6,0.705,1.0
OPS-101837,2026-03-26,South West,Workplace Services,1000,48,1048,25,1023,0,0,8.0,0.6,0.997,2.5,0.681,0.024
OPS-101838,2026-03-26,South West,Facilities Response,0,30,30,30,0,0,0,1.6,0.954,0.968,4.6,0.675,1.0
OPS-101839,2026-03-26,South West,Estates Support,16,41,57,50,7,0,0,2.1,0.917,0.997,4.2,0.835,0.877
OPS-101840,2026-03-26,South West,Workplace Projects,0,29,29,29,0,0,0,1.0,0.994,1.0,4.5,0.668,1.0
OPS-101841,2026-03-26,South East,Workplace Services,0,45,45,45,0,0,0,0.9,0.972,0.97,4.3,0.685,1.0
OPS-101842,2026-03-26,South East,Facilities Response,1676,61,1737,19,1718,0,0,8.0,0.6,0.977,2.5,0.696,0.011
OPS-101843,2026-03-26,South East,Estates Support,0,41,41,41,0,0,0,1.4,0.948,0.984,4.6,0.749,1.0
OPS-101844,2026-03-26,South East,Workplace Projects,551,36,587,29,558,0,0,8.0,0.6,0.984,2.5,0.67,0.049
OPS-101845,2026-03-26,Wales,Workplace Services,936,41,977,34,943,0,0,8.0,0.6,1.0,2.5,0.754,0.035
OPS-101846,2026-03-26,Wales,Facilities Response,1018,38,1056,24,1032,1,0,8.0,0.6,0.958,2.5,0.716,0.023
OPS-101847,2026-03-26,Wales,Estates Support,733,27,760,28,732,0,0,8.0,0.6,0.967,2.5,0.79,0.037
OPS-101848,2026-03-26,Wales,Workplace Projects,0,21,21,21,0,1,1,1.8,0.907,0.985,4.4,0.727,1.0
OPS-101849,2026-03-27,Scotland,Workplace Services,265,41,306,39,267,1,0,8.0,0.6,0.956,2.5,0.674,0.127
OPS-101850,2026-03-27,Scotland,Facilities Response,0,56,56,52,4,0,0,1.7,0.93,0.979,4.4,0.681,0.929
OPS-101851,2026-03-27,Scotland,Estates Support,508,32,540,31,509,0,0,8.0,0.6,0.983,2.5,0.738,0.057
OPS-101852,2026-03-27,Scotland,Workplace Projects,0,54,54,32,22,0,0,2.8,0.831,0.95,3.9,0.659,0.593
OPS-101853,2026-03-27,North East,Workplace Services,0,37,37,37,0,1,1,2.2,0.867,0.97,4.5,0.796,1.0
OPS-101854,2026-03-27,North East,Facilities Response,0,53,53,47,6,0,0,2.3,0.938,0.986,4.3,0.681,0.887
OPS-101855,2026-03-27,North East,Estates Support,1188,38,1226,20,1206,0,0,8.0,0.6,0.972,2.5,0.672,0.016
OPS-101856,2026-03-27,North East,Workplace Projects,18,33,51,29,22,1,0,3.2,0.838,0.991,3.8,0.732,0.569
OPS-101857,2026-03-27,North West,Workplace Services,477,39,516,35,481,0,0,8.0,0.6,0.981,2.5,0.819,0.068
OPS-101858,2026-03-27,North West,Facilities Response,1296,54,1350,20,1330,0,0,8.0,0.6,0.961,2.5,0.737,0.015
OPS-101859,2026-03-27,North West,Estates Support,1419,50,1469,27,1442,0,0,8.0,0.6,0.982,2.5,0.645,0.018
OPS-101860,2026-03-27,North West,Workplace Projects,0,17,17,17,0,0,0,1.8,1.0,0.992,4.3,0.752,1.0
OPS-101861,2026-03-27,Midlands,Workplace Services,0,42,42,42,0,0,0,1.2,0.988,0.975,4.4,0.747,1.0
OPS-101862,2026-03-27,Midlands,Facilities Response,634,36,670,32,638,0,0,8.0,0.6,1.0,2.5,0.756,0.048
OPS-101863,2026-03-27,Midlands,Estates Support,434,35,469,33,436,0,0,8.0,0.6,0.977,2.5,0.654,0.07
OPS-101864,2026-03-27,Midlands,Workplace Projects,0,34,34,34,0,0,0,1.3,0.957,0.977,4.8,0.705,1.0
OPS-101865,2026-03-27,South West,Workplace Services,1023,53,1076,27,1049,0,0,8.0,0.6,0.982,2.5,0.681,0.025
OPS-101866,2026-03-27,South West,Facilities Response,0,39,39,39,0,0,0,1.1,0.944,0.984,4.4,0.675,1.0
OPS-101867,2026-03-27,South West,Estates Support,7,46,53,53,0,0,0,1.4,0.959,0.993,4.6,0.835,1.0
OPS-101868,2026-03-27,South West,Workplace Projects,0,40,40,40,0,0,0,2.1,1.0,0.958,4.8,0.668,1.0
OPS-101869,2026-03-27,South East,Workplace Services,0,49,49,49,0,0,0,1.7,0.97,1.0,4.6,0.685,1.0
OPS-101870,2026-03-27,South East,Facilities Response,1718,47,1765,22,1743,0,0,8.0,0.6,0.979,2.5,0.696,0.012
OPS-101871,2026-03-27,South East,Estates Support,0,38,38,38,0,0,0,1.7,0.997,0.973,4.5,0.749,1.0
OPS-101872,2026-03-27,South East,Workplace Projects,558,16,574,29,545,0,0,8.0,0.6,0.991,2.5,0.67,0.051
OPS-101873,2026-03-27,Wales,Workplace Services,943,49,992,32,960,0,0,8.0,0.6,0.988,2.5,0.754,0.032
OPS-101874,2026-03-27,Wales,Facilities Response,1032,48,1080,29,1051,0,0,8.0,0.6,1.0,2.5,0.716,0.027
OPS-101875,2026-03-27,Wales,Estates Support,732,29,761,27,734,0,0,8.0,0.6,1.0,2.5,0.79,0.035
OPS-101876,2026-03-27,Wales,Workplace Projects,0,26,26,26,0,0,0,1.4,0.955,0.965,4.5,0.727,1.0
OPS-101877,2026-03-28,Scotland,Workplace Services,267,33,300,38,262,0,0,8.0,0.6,1.0,2.5,0.674,0.127
OPS-101878,2026-03-28,Scotland,Facilities Response,4,50,54,50,4,0,0,2.6,0.944,0.98,4.5,0.681,0.926
OPS-101879,2026-03-28,Scotland,Estates Support,509,44,553,33,520,0,0,8.0,0.6,0.955,2.5,0.738,0.06
OPS-101880,2026-03-28,Scotland,Workplace Projects,22,24,46,35,11,0,0,2.8,0.958,0.994,3.8,0.659,0.761
OPS-101881,2026-03-28,North East,Workplace Services,0,46,46,46,0,0,0,0.8,0.939,1.0,4.5,0.796,1.0
OPS-101882,2026-03-28,North East,Facilities Response,6,32,38,38,0,0,0,1.5,0.957,1.0,4.6,0.681,1.0
OPS-101883,2026-03-28,North East,Estates Support,1206,11,1217,22,1195,0,0,8.0,0.6,1.0,2.5,0.672,0.018
OPS-101884,2026-03-28,North East,Workplace Projects,22,23,45,30,15,0,0,2.8,0.921,1.0,4.2,0.732,0.667
OPS-101885,2026-03-28,North West,Workplace Services,481,61,542,36,506,0,0,8.0,0.6,1.0,2.5,0.819,0.066
OPS-101886,2026-03-28,North West,Facilities Response,1330,36,1366,20,1346,0,0,8.0,0.6,1.0,2.5,0.737,0.015
OPS-101887,2026-03-28,North West,Estates Support,1442,36,1478,26,1452,0,0,8.0,0.6,0.965,2.5,0.645,0.018
OPS-101888,2026-03-28,North West,Workplace Projects,0,33,33,33,0,0,0,1.2,0.966,0.995,4.8,0.752,1.0
OPS-101889,2026-03-28,Midlands,Workplace Services,0,36,36,36,0,0,0,0.8,0.984,1.0,4.7,0.747,1.0
OPS-101890,2026-03-28,Midlands,Facilities Response,638,43,681,42,639,0,0,8.0,0.6,0.99,2.5,0.756,0.062
OPS-101891,2026-03-28,Midlands,Estates Support,436,49,485,35,450,0,0,8.0,0.6,0.981,2.5,0.654,0.072
OPS-101892,2026-03-28,Midlands,Workplace Projects,0,24,24,24,0,0,0,1.5,0.979,0.966,4.4,0.705,1.0
OPS-101893,2026-03-28,South West,Workplace Services,1049,46,1095,21,1074,0,0,8.0,0.6,0.956,2.5,0.681,0.019
OPS-101894,2026-03-28,South West,Facilities Response,0,47,47,47,0,0,0,0.8,0.996,1.0,4.4,0.675,1.0
OPS-101895,2026-03-28,South West,Estates Support,0,34,34,34,0,0,0,2.2,0.964,0.995,4.6,0.835,1.0
OPS-101896,2026-03-28,South West,Workplace Projects,0,19,19,19,0,0,0,1.3,0.969,0.981,4.5,0.668,1.0
OPS-101897,2026-03-28,South East,Workplace Services,0,50,50,45,5,0,0,2.0,0.909,0.97,4.1,0.685,0.9
OPS-101898,2026-03-28,South East,Facilities Response,1743,45,1788,21,1767,0,0,8.0,0.6,0.971,2.5,0.696,0.012
OPS-101899,2026-03-28,South East,Estates Support,0,47,47,47,0,0,0,1.3,0.928,0.993,4.6,0.749,1.0
OPS-101900,2026-03-28,South East,Workplace Projects,545,38,583,31,552,0,0,8.0,0.6,0.995,2.5,0.67,0.053
OPS-101901,2026-03-28,Wales,Workplace Services,960,46,1006,29,977,0,0,8.0,0.6,1.0,2.5,0.754,0.029
OPS-101902,2026-03-28,Wales,Facilities Response,1051,61,1112,30,1082,0,0,8.0,0.6,0.947,2.5,0.716,0.027
OPS-101903,2026-03-28,Wales,Estates Support,734,35,769,29,740,0,0,8.0,0.6,0.973,2.5,0.79,0.038
OPS-101904,2026-03-28,Wales,Workplace Projects,0,35,35,35,0,0,0,1.6,0.968,0.958,4.5,0.727,1.0
OPS-101905,2026-03-30,Scotland,Workplace Services,262,62,324,40,284,0,0,8.0,0.6,1.0,2.5,0.674,0.123
OPS-101906,2026-03-30,Scotland,Facilities Response,4,41,45,45,0,0,0,1.4,0.978,0.953,4.3,0.681,1.0
OPS-101907,2026-03-30,Scotland,Estates Support,520,46,566,36,530,0,0,8.0,0.6,1.0,2.5,0.738,0.064
OPS-101908,2026-03-30,Scotland,Workplace Projects,11,33,44,37,7,0,0,2.4,0.907,0.995,4.5,0.659,0.841
OPS-101909,2026-03-30,North East,Workplace Services,0,57,57,48,9,0,0,2.2,0.898,0.98,4.5,0.796,0.842
OPS-101910,2026-03-30,North East,Facilities Response,0,42,42,42,0,0,0,2.2,0.991,0.986,4.8,0.681,1.0
OPS-101911,2026-03-30,North East,Estates Support,1195,49,1244,24,1220,0,0,8.0,0.6,0.968,2.5,0.672,0.019
OPS-101912,2026-03-30,North East,Workplace Projects,15,23,38,25,13,0,0,2.5,0.861,0.987,4.3,0.732,0.658
OPS-101913,2026-03-30,North West,Workplace Services,506,43,549,30,519,0,0,8.0,0.6,1.0,2.5,0.819,0.055
OPS-101914,2026-03-30,North West,Facilities Response,1346,62,1408,19,1389,0,0,8.0,0.6,0.959,2.5,0.737,0.013
OPS-101915,2026-03-30,North West,Estates Support,1452,45,1497,25,1472,0,0,8.0,0.6,1.0,2.5,0.645,0.017
OPS-101916,2026-03-30,North West,Workplace Projects,0,34,34,34,0,0,0,1.7,0.996,1.0,4.7,0.752,1.0
OPS-101917,2026-03-30,Midlands,Workplace Services,0,40,40,40,0,0,0,1.6,0.953,1.0,4.6,0.747,1.0
OPS-101918,2026-03-30,Midlands,Facilities Response,639,42,681,31,650,1,0,8.0,0.6,0.994,2.5,0.756,0.046
OPS-101919,2026-03-30,Midlands,Estates Support,450,47,497,36,461,0,0,8.0,0.6,1.0,2.5,0.654,0.072
OPS-101920,2026-03-30,Midlands,Workplace Projects,0,31,31,31,0,0,0,1.8,0.976,0.977,4.6,0.705,1.0
OPS-101921,2026-03-30,South West,Workplace Services,1074,42,1116,21,1095,0,0,8.0,0.6,0.988,2.5,0.681,0.019
OPS-101922,2026-03-30,South West,Facilities Response,0,43,43,43,0,0,0,2.0,0.977,0.99,4.7,0.675,1.0
OPS-101923,2026-03-30,South West,Estates Support,0,48,48,48,0,0,0,1.9,1.0,0.981,4.5,0.835,1.0
OPS-101924,2026-03-30,South West,Workplace Projects,0,21,21,21,0,0,0,1.4,0.99,1.0,4.3,0.668,1.0
OPS-101925,2026-03-30,South East,Workplace Services,5,43,48,48,0,0,0,1.3,1.0,0.984,4.6,0.685,1.0
OPS-101926,2026-03-30,South East,Facilities Response,1767,44,1811,23,1788,0,0,8.0,0.6,0.971,2.5,0.696,0.013
OPS-101927,2026-03-30,South East,Estates Support,0,45,45,45,0,0,0,1.8,0.978,0.988,4.6,0.749,1.0
OPS-101928,2026-03-30,South East,Workplace Projects,552,36,588,27,561,0,0,8.0,0.6,0.983,2.5,0.67,0.046
OPS-101929,2026-03-30,Wales,Workplace Services,977,44,1021,30,991,0,0,8.0,0.6,0.997,2.5,0.754,0.029
OPS-101930,2026-03-30,Wales,Facilities Response,1082,52,1134,31,1103,0,0,8.0,0.6,0.971,2.5,0.716,0.027
OPS-101931,2026-03-30,Wales,Estates Support,740,26,766,27,739,0,0,8.0,0.6,0.995,2.5,0.79,0.035
OPS-101932,2026-03-30,Wales,Workplace Projects,0,22,22,22,0,0,0,1.3,0.965,1.0,4.4,0.727,1.0
OPS-101933,2026-03-31,Scotland,Workplace Services,284,53,337,41,296,0,0,8.0,0.6,1.0,2.5,0.674,0.122
OPS-101934,2026-03-31,Scotland,Facilities Response,0,44,44,44,0,0,0,1.0,0.938,0.976,4.6,0.681,1.0
OPS-101935,2026-03-31,Scotland,Estates Support,530,29,559,38,521,0,0,8.0,0.6,0.976,2.5,0.738,0.068
OPS-101936,2026-03-31,Scotland,Workplace Projects,7,29,36,34,2,0,0,1.5,0.937,0.981,4.6,0.659,0.944
OPS-101937,2026-03-31,North East,Workplace Services,9,47,56,53,3,0,0,1.5,0.949,0.994,4.3,0.796,0.946
OPS-101938,2026-03-31,North East,Facilities Response,0,45,45,45,0,0,0,1.3,1.0,0.977,4.6,0.681,1.0
OPS-101939,2026-03-31,North East,Estates Support,1220,48,1268,27,1241,0,0,8.0,0.6,0.988,2.5,0.672,0.021
OPS-101940,2026-03-31,North East,Workplace Projects,13,37,50,26,24,0,0,3.2,0.8,0.983,3.4,0.732,0.52
OPS-101941,2026-03-31,North West,Workplace Services,519,52,571,38,533,0,0,8.0,0.6,0.986,2.5,0.819,0.067
OPS-101942,2026-03-31,North West,Facilities Response,1389,48,1437,24,1413,0,0,8.0,0.6,0.979,2.5,0.737,0.017
OPS-101943,2026-03-31,North West,Estates Support,1472,45,1517,27,1490,0,0,8.0,0.6,0.997,2.5,0.645,0.018
OPS-101944,2026-03-31,North West,Workplace Projects,0,30,30,30,0,0,0,1.3,0.939,0.947,4.4,0.752,1.0
OPS-101945,2026-03-31,Midlands,Workplace Services,0,34,34,34,0,1,0,1.7,0.925,0.994,4.8,0.747,1.0
OPS-101946,2026-03-31,Midlands,Facilities Response,650,32,682,31,651,1,0,8.0,0.6,0.99,2.5,0.756,0.045
OPS-101947,2026-03-31,Midlands,Estates Support,461,36,497,36,461,0,0,8.0,0.6,0.978,2.5,0.654,0.072
OPS-101948,2026-03-31,Midlands,Workplace Projects,0,25,25,25,0,0,0,2.2,0.988,0.987,4.5,0.705,1.0
OPS-101949,2026-03-31,South West,Workplace Services,1095,56,1151,21,1130,0,0,8.0,0.6,1.0,2.5,0.681,0.018
OPS-101950,2026-03-31,South West,Facilities Response,0,39,39,39,0,0,0,1.6,0.96,0.988,4.4,0.675,1.0
OPS-101951,2026-03-31,South West,Estates Support,0,62,62,54,8,0,0,1.8,0.91,0.999,4.3,0.835,0.871
OPS-101952,2026-03-31,South West,Workplace Projects,0,27,27,27,0,1,0,2.0,0.946,0.972,4.6,0.668,1.0
OPS-101953,2026-03-31,South East,Workplace Services,0,58,58,51,7,0,0,1.9,0.96,0.989,4.4,0.685,0.879
OPS-101954,2026-03-31,South East,Facilities Response,1788,37,1825,23,1802,1,0,8.0,0.6,0.978,2.5,0.696,0.013
OPS-101955,2026-03-31,South East,Estates Support,0,22,22,22,0,0,0,1.4,0.968,0.981,4.3,0.749,1.0
OPS-101956,2026-03-31,South East,Workplace Projects,561,31,592,25,567,0,0,8.0,0.6,0.984,2.5,0.67,0.042
OPS-101957,2026-03-31,Wales,Workplace Services,991,42,1033,34,999,1,0,8.0,0.6,0.943,2.5,0.754,0.033
OPS-101958,2026-03-31,Wales,Facilities Response,1103,41,1144,32,1112,0,0,8.0,0.6,0.967,2.5,0.716,0.028
OPS-101959,2026-03-31,Wales,Estates Support,739,24,763,28,735,0,0,8.0,0.6,0.992,2.5,0.79,0.037
OPS-101960,2026-03-31,Wales,Workplace Projects,0,47,47,47,0,0,0,1.3,0.983,1.0,4.7,0.727,1.0
OPS-101961,2026-04-01,Scotland,Workplace Services,296,32,328,34,294,0,0,8.0,0.6,0.981,2.5,0.786,0.104
OPS-101962,2026-04-01,Scotland,Facilities Response,0,34,34,34,0,0,0,1.9,1.0,0.957,4.6,0.732,1.0
OPS-101963,2026-04-01,Scotland,Estates Support,521,43,564,40,524,0,0,8.0,0.6,0.983,2.5,0.786,0.071
OPS-101964,2026-04-01,Scotland,Workplace Projects,2,25,27,27,0,0,0,1.7,0.966,0.969,4.7,0.761,1.0
OPS-101965,2026-04-01,North East,Workplace Services,3,45,48,41,7,0,0,2.1,0.911,0.979,4.4,0.718,0.854
OPS-101966,2026-04-01,North East,Facilities Response,0,37,37,37,0,0,0,1.2,0.975,0.976,4.5,0.707,1.0
OPS-101967,2026-04-01,North East,Estates Support,1241,60,1301,20,1281,0,0,8.0,0.6,1.0,2.5,0.713,0.015
OPS-101968,2026-04-01,North East,Workplace Projects,24,36,60,29,31,0,0,4.2,0.802,1.0,3.4,0.655,0.483
OPS-101969,2026-04-01,North West,Workplace Services,533,34,567,34,533,0,0,8.0,0.6,0.979,2.5,0.787,0.06
OPS-101970,2026-04-01,North West,Facilities Response,1413,20,1433,26,1407,0,0,8.0,0.6,0.991,2.5,0.702,0.018
OPS-101971,2026-04-01,North West,Estates Support,1490,44,1534,26,1508,0,0,8.0,0.6,0.997,2.5,0.693,0.017
OPS-101972,2026-04-01,North West,Workplace Projects,0,28,28,28,0,0,0,2.0,0.97,1.0,4.9,0.702,1.0
OPS-101973,2026-04-01,Midlands,Workplace Services,0,51,51,39,12,0,0,2.4,0.899,0.963,3.9,0.67,0.765
OPS-101974,2026-04-01,Midlands,Facilities Response,651,51,702,37,665,0,0,8.0,0.6,0.982,2.5,0.684,0.053
OPS-101975,2026-04-01,Midlands,Estates Support,461,43,504,35,469,0,0,8.0,0.6,1.0,2.5,0.768,0.069
OPS-101976,2026-04-01,Midlands,Workplace Projects,0,27,27,27,0,0,0,1.8,0.943,0.998,4.4,0.722,1.0
OPS-101977,2026-04-01,South West,Workplace Services,1130,52,1182,31,1151,0,0,8.0,0.6,1.0,2.5,0.768,0.026
OPS-101978,2026-04-01,South West,Facilities Response,0,49,49,49,0,0,0,1.5,0.943,0.968,4.3,0.641,1.0
OPS-101979,2026-04-01,South West,Estates Support,8,43,51,49,2,0,0,1.6,0.958,0.999,4.2,0.786,0.961
OPS-101980,2026-04-01,South West,Workplace Projects,0,35,35,35,0,0,0,1.7,0.996,0.959,4.5,0.792,1.0
OPS-101981,2026-04-01,South East,Workplace Services,7,55,62,49,13,0,0,2.3,0.895,1.0,3.8,0.702,0.79
OPS-101982,2026-04-01,South East,Facilities Response,1802,49,1851,21,1830,0,0,8.0,0.6,0.978,2.5,0.719,0.011
OPS-101983,2026-04-01,South East,Estates Support,0,46,46,46,0,0,0,1.3,0.979,0.982,4.4,0.685,1.0
OPS-101984,2026-04-01,South East,Workplace Projects,567,24,591,22,569,0,0,8.0,0.6,0.983,2.5,0.713,0.037
OPS-101985,2026-04-01,Wales,Workplace Services,999,41,1040,26,1014,0,0,8.0,0.6,1.0,2.5,0.703,0.025
OPS-101986,2026-04-01,Wales,Facilities Response,1112,17,1129,26,1103,0,0,8.0,0.6,1.0,2.5,0.772,0.023
OPS-101987,2026-04-01,Wales,Estates Support,735,42,777,27,750,0,0,8.0,0.6,0.992,2.5,0.727,0.035
OPS-101988,2026-04-01,Wales,Workplace Projects,0,31,31,31,0,0,0,0.8,0.936,1.0,4.4,0.762,1.0
OPS-101989,2026-04-02,Scotland,Workplace Services,294,58,352,43,309,0,0,8.0,0.6,1.0,2.5,0.786,0.122
OPS-101990,2026-04-02,Scotland,Facilities Response,0,40,40,40,0,0,0,1.7,0.927,0.984,4.3,0.732,1.0
OPS-101991,2026-04-02,Scotland,Estates Support,524,57,581,35,546,0,0,8.0,0.6,0.975,2.5,0.786,0.06
OPS-101992,2026-04-02,Scotland,Workplace Projects,0,25,25,25,0,0,0,1.5,1.0,0.972,4.4,0.761,1.0
OPS-101993,2026-04-02,North East,Workplace Services,7,26,33,33,0,0,0,1.6,0.987,0.98,4.7,0.718,1.0
OPS-101994,2026-04-02,North East,Facilities Response,0,49,49,49,0,0,0,1.3,0.987,0.945,4.6,0.707,1.0
OPS-101995,2026-04-02,North East,Estates Support,1281,60,1341,24,1317,1,0,8.0,0.6,0.977,2.5,0.713,0.018
OPS-101996,2026-04-02,North East,Workplace Projects,31,32,63,30,33,0,0,4.7,0.772,0.965,3.2,0.655,0.476
OPS-101997,2026-04-02,North West,Workplace Services,533,46,579,29,550,0,0,8.0,0.6,0.992,2.5,0.787,0.05
OPS-101998,2026-04-02,North West,Facilities Response,1407,33,1440,23,1417,0,0,8.0,0.6,0.974,2.5,0.702,0.016
OPS-101999,2026-04-02,North West,Estates Support,1508,56,1564,24,1540,0,0,8.0,0.6,0.96,2.5,0.693,0.015
OPS-102000,2026-04-02,North West,Workplace Projects,0,31,31,31,0,0,0,1.8,0.986,1.0,4.5,0.702,1.0
OPS-102001,2026-04-02,Midlands,Workplace Services,12,48,60,45,15,0,0,2.9,0.89,0.983,4.5,0.67,0.75
OPS-102002,2026-04-02,Midlands,Facilities Response,665,32,697,36,661,0,0,8.0,0.6,0.982,2.5,0.684,0.052
OPS-102003,2026-04-02,Midlands,Estates Support,469,47,516,35,481,0,0,8.0,0.6,0.991,2.5,0.768,0.068
OPS-102004,2026-04-02,Midlands,Workplace Projects,0,27,27,27,0,0,0,1.3,0.983,1.0,4.5,0.722,1.0
OPS-102005,2026-04-02,South West,Workplace Services,1151,43,1194,27,1167,0,0,8.0,0.6,0.976,2.5,0.768,0.023
OPS-102006,2026-04-02,South West,Facilities Response,0,46,46,46,0,0,0,1.2,0.967,1.0,4.4,0.641,1.0
OPS-102007,2026-04-02,South West,Estates Support,2,27,29,29,0,0,0,1.1,0.959,0.958,4.5,0.786,1.0
OPS-102008,2026-04-02,South West,Workplace Projects,0,34,34,34,0,0,0,1.1,0.955,1.0,4.4,0.792,1.0
OPS-102009,2026-04-02,South East,Workplace Services,13,66,79,55,24,0,0,3.8,0.822,0.949,3.8,0.702,0.696
OPS-102010,2026-04-02,South East,Facilities Response,1830,60,1890,19,1871,0,0,8.0,0.6,0.977,2.5,0.719,0.01
OPS-102011,2026-04-02,South East,Estates Support,0,60,60,56,4,0,0,1.8,0.955,0.991,4.5,0.685,0.933
OPS-102012,2026-04-02,South East,Workplace Projects,569,49,618,27,591,0,0,8.0,0.6,0.965,2.5,0.713,0.044
OPS-102013,2026-04-02,Wales,Workplace Services,1014,37,1051,25,1026,0,0,8.0,0.6,0.992,2.5,0.703,0.024
OPS-102014,2026-04-02,Wales,Facilities Response,1103,41,1144,23,1121,0,0,8.0,0.6,0.985,2.5,0.772,0.02
OPS-102015,2026-04-02,Wales,Estates Support,750,38,788,31,757,0,0,8.0,0.6,1.0,2.5,0.727,0.039
OPS-102016,2026-04-02,Wales,Workplace Projects,0,38,38,38,0,0,0,0.9,0.992,1.0,4.7,0.762,1.0
OPS-102017,2026-04-03,Scotland,Workplace Services,309,26,335,44,291,0,0,8.0,0.6,1.0,2.5,0.786,0.131
OPS-102018,2026-04-03,Scotland,Facilities Response,0,32,32,32,0,1,0,1.4,0.968,0.98,4.4,0.732,1.0
OPS-102019,2026-04-03,Scotland,Estates Support,546,46,592,31,561,0,0,8.0,0.6,0.976,2.5,0.786,0.052
OPS-102020,2026-04-03,Scotland,Workplace Projects,0,15,15,15,0,1,1,1.9,0.865,0.936,4.3,0.761,1.0
OPS-102021,2026-04-03,North East,Workplace Services,0,54,54,48,6,0,0,2.3,0.931,0.988,4.6,0.718,0.889
OPS-102022,2026-04-03,North East,Facilities Response,0,43,43,43,0,0,0,1.7,0.958,1.0,4.4,0.707,1.0
OPS-102023,2026-04-03,North East,Estates Support,1317,42,1359,22,1337,0,0,8.0,0.6,1.0,2.5,0.713,0.016
OPS-102024,2026-04-03,North East,Workplace Projects,33,29,62,30,32,0,0,4.3,0.781,0.985,3.5,0.655,0.484
OPS-102025,2026-04-03,North West,Workplace Services,550,69,619,37,582,0,0,8.0,0.6,0.997,2.5,0.787,0.06
OPS-102026,2026-04-03,North West,Facilities Response,1417,29,1446,22,1424,0,0,8.0,0.6,0.954,2.5,0.702,0.015
OPS-102027,2026-04-03,North West,Estates Support,1540,34,1574,26,1548,0,0,8.0,0.6,0.96,2.5,0.693,0.017
OPS-102028,2026-04-03,North West,Workplace Projects,0,29,29,29,0,0,0,1.9,0.974,0.998,4.5,0.702,1.0
OPS-102029,2026-04-03,Midlands,Workplace Services,15,49,64,42,22,0,0,3.2,0.837,1.0,3.4,0.67,0.656
OPS-102030,2026-04-03,Midlands,Facilities Response,661,47,708,39,669,0,0,8.0,0.6,0.976,2.5,0.684,0.055
OPS-102031,2026-04-03,Midlands,Estates Support,481,43,524,35,489,1,0,8.0,0.6,0.951,2.5,0.768,0.067
OPS-102032,2026-04-03,Midlands,Workplace Projects,0,16,16,16,0,0,0,1.7,0.94,0.998,4.4,0.722,1.0
OPS-102033,2026-04-03,South West,Workplace Services,1167,56,1223,27,1196,0,0,8.0,0.6,0.97,2.5,0.768,0.022
OPS-102034,2026-04-03,South West,Facilities Response,0,40,40,40,0,0,0,2.1,0.976,0.997,4.5,0.641,1.0
OPS-102035,2026-04-03,South West,Estates Support,0,49,49,49,0,0,0,1.9,0.902,1.0,4.2,0.786,1.0
OPS-102036,2026-04-03,South West,Workplace Projects,0,29,29,29,0,0,0,1.4,0.986,0.97,4.6,0.792,1.0
OPS-102037,2026-04-03,South East,Workplace Services,24,51,75,59,16,0,0,2.6,0.904,1.0,4.2,0.702,0.787
OPS-102038,2026-04-03,South East,Facilities Response,1871,52,1923,23,1900,0,0,8.0,0.6,0.979,2.5,0.719,0.012
OPS-102039,2026-04-03,South East,Estates Support,4,44,48,48,0,0,0,1.4,0.972,0.988,4.4,0.685,1.0
OPS-102040,2026-04-03,South East,Workplace Projects,591,46,637,25,612,0,0,8.0,0.6,0.967,2.5,0.713,0.039
OPS-102041,2026-04-03,Wales,Workplace Services,1026,40,1066,24,1042,0,0,8.0,0.6,0.978,2.5,0.703,0.023
OPS-102042,2026-04-03,Wales,Facilities Response,1121,41,1162,23,1139,1,0,8.0,0.6,0.982,2.5,0.772,0.02
OPS-102043,2026-04-03,Wales,Estates Support,757,43,800,32,768,0,0,8.0,0.6,0.985,2.5,0.727,0.04
OPS-102044,2026-04-03,Wales,Workplace Projects,0,43,43,43,0,0,0,1.3,0.988,0.994,4.3,0.762,1.0
OPS-102045,2026-04-06,Scotland,Workplace Services,291,30,321,38,283,0,0,8.0,0.6,1.0,2.5,0.786,0.118
OPS-102046,2026-04-06,Scotland,Facilities Response,0,41,41,41,0,0,0,0.9,0.949,1.0,4.5,0.732,1.0
OPS-102047,2026-04-06,Scotland,Estates Support,561,43,604,42,562,0,0,8.0,0.6,0.989,2.5,0.786,0.07
OPS-102048,2026-04-06,Scotland,Workplace Projects,0,23,23,23,0,0,0,2.1,0.984,0.977,4.4,0.761,1.0
OPS-102049,2026-04-06,North East,Workplace Services,6,23,29,29,0,0,0,1.5,0.926,0.991,4.8,0.718,1.0
OPS-102050,2026-04-06,North East,Facilities Response,0,44,44,44,0,0,0,1.4,0.981,0.984,5.0,0.707,1.0
OPS-102051,2026-04-06,North East,Estates Support,1337,33,1370,19,1351,0,0,8.0,0.6,1.0,2.5,0.713,0.014
OPS-102052,2026-04-06,North East,Workplace Projects,32,23,55,27,28,0,0,3.9,0.765,0.983,3.7,0.655,0.491
OPS-102053,2026-04-06,North West,Workplace Services,582,33,615,30,585,0,0,8.0,0.6,0.958,2.5,0.787,0.049
OPS-102054,2026-04-06,North West,Facilities Response,1424,50,1474,28,1446,0,0,8.0,0.6,0.948,2.5,0.702,0.019
OPS-102055,2026-04-06,North West,Estates Support,1548,45,1593,23,1570,0,0,8.0,0.6,0.981,2.5,0.693,0.014
OPS-102056,2026-04-06,North West,Workplace Projects,0,30,30,30,0,0,0,1.3,0.977,1.0,4.3,0.702,1.0
OPS-102057,2026-04-06,Midlands,Workplace Services,22,44,66,51,15,0,0,3.2,0.871,0.97,4.0,0.67,0.773
OPS-102058,2026-04-06,Midlands,Facilities Response,669,21,690,31,659,0,0,8.0,0.6,1.0,2.5,0.684,0.045
OPS-102059,2026-04-06,Midlands,Estates Support,489,64,553,34,519,0,0,8.0,0.6,0.998,2.5,0.768,0.061
OPS-102060,2026-04-06,Midlands,Workplace Projects,0,31,31,31,0,1,0,2.0,0.923,0.968,4.5,0.722,1.0
OPS-102061,2026-04-06,South West,Workplace Services,1196,33,1229,27,1202,0,0,8.0,0.6,0.97,2.5,0.768,0.022
OPS-102062,2026-04-06,South West,Facilities Response,0,50,50,47,3,1,0,1.4,0.944,0.964,4.1,0.641,0.94
OPS-102063,2026-04-06,South West,Estates Support,0,30,30,30,0,1,0,1.8,0.946,1.0,4.3,0.786,1.0
OPS-102064,2026-04-06,South West,Workplace Projects,0,30,30,30,0,0,0,1.0,0.96,0.99,4.6,0.792,1.0
OPS-102065,2026-04-06,South East,Workplace Services,16,44,60,52,8,0,0,1.8,0.923,0.99,4.2,0.702,0.867
OPS-102066,2026-04-06,South East,Facilities Response,1900,64,1964,25,1939,0,0,8.0,0.6,0.999,2.5,0.719,0.013
OPS-102067,2026-04-06,South East,Estates Support,0,63,63,49,14,0,0,2.5,0.845,0.981,4.1,0.685,0.778
OPS-102068,2026-04-06,South East,Workplace Projects,612,25,637,22,615,0,0,8.0,0.6,0.965,2.5,0.713,0.035
OPS-102069,2026-04-06,Wales,Workplace Services,1042,39,1081,29,1052,0,0,8.0,0.6,0.981,2.5,0.703,0.027
OPS-102070,2026-04-06,Wales,Facilities Response,1139,45,1184,21,1163,0,0,8.0,0.6,0.984,2.5,0.772,0.018
OPS-102071,2026-04-06,Wales,Estates Support,768,37,805,28,777,0,0,8.0,0.6,0.961,2.5,0.727,0.035
OPS-102072,2026-04-06,Wales,Workplace Projects,0,21,21,21,0,0,0,1.9,0.979,0.963,4.4,0.762,1.0
OPS-102073,2026-04-07,Scotland,Workplace Services,283,49,332,40,292,0,0,8.0,0.6,0.992,2.5,0.786,0.12
OPS-102074,2026-04-07,Scotland,Facilities Response,0,50,50,49,1,0,0,2.3,0.982,0.984,4.7,0.732,0.98
OPS-102075,2026-04-07,Scotland,Estates Support,562,43,605,41,564,0,0,8.0,0.6,0.996,2.5,0.786,0.068
OPS-102076,2026-04-07,Scotland,Workplace Projects,0,32,32,32,0,0,0,1.9,0.953,0.98,4.5,0.761,1.0
OPS-102077,2026-04-07,North East,Workplace Services,0,43,43,43,0,0,0,1.3,0.915,0.974,4.7,0.718,1.0
OPS-102078,2026-04-07,North East,Facilities Response,0,55,55,55,0,0,0,0.8,0.947,0.987,4.5,0.707,1.0
OPS-102079,2026-04-07,North East,Estates Support,1351,51,1402,21,1381,0,0,8.0,0.6,0.959,2.5,0.713,0.015
OPS-102080,2026-04-07,North East,Workplace Projects,28,44,72,27,45,0,0,5.3,0.693,0.978,2.9,0.655,0.375
OPS-102081,2026-04-07,North West,Workplace Services,585,36,621,39,582,0,0,8.0,0.6,0.97,2.5,0.787,0.063
OPS-102082,2026-04-07,North West,Facilities Response,1446,42,1488,24,1464,0,0,8.0,0.6,0.997,2.5,0.702,0.016
OPS-102083,2026-04-07,North West,Estates Support,1570,30,1600,22,1578,0,0,8.0,0.6,0.946,2.5,0.693,0.014
OPS-102084,2026-04-07,North West,Workplace Projects,0,18,18,18,0,0,0,1.9,0.982,0.975,4.7,0.702,1.0
OPS-102085,2026-04-07,Midlands,Workplace Services,15,32,47,47,0,0,0,0.9,0.973,0.98,4.9,0.67,1.0
OPS-102086,2026-04-07,Midlands,Facilities Response,659,41,700,33,667,0,0,8.0,0.6,1.0,2.5,0.684,0.047
OPS-102087,2026-04-07,Midlands,Estates Support,519,30,549,34,515,1,0,8.0,0.6,0.977,2.5,0.768,0.062
OPS-102088,2026-04-07,Midlands,Workplace Projects,0,36,36,36,0,0,0,2.4,0.967,0.996,4.3,0.722,1.0
OPS-102089,2026-04-07,South West,Workplace Services,1202,42,1244,27,1217,0,0,8.0,0.6,0.969,2.5,0.768,0.022
OPS-102090,2026-04-07,South West,Facilities Response,3,27,30,30,0,0,0,0.8,1.0,0.977,4.6,0.641,1.0
OPS-102091,2026-04-07,South West,Estates Support,0,34,34,34,0,0,0,1.4,0.917,0.998,4.3,0.786,1.0
OPS-102092,2026-04-07,South West,Workplace Projects,0,35,35,35,0,0,0,1.6,0.961,0.983,4.7,0.792,1.0
OPS-102093,2026-04-07,South East,Workplace Services,8,53,61,55,6,0,0,1.8,0.946,0.979,4.0,0.702,0.902
OPS-102094,2026-04-07,South East,Facilities Response,1939,47,1986,25,1961,0,0,8.0,0.6,0.954,2.5,0.719,0.013
OPS-102095,2026-04-07,South East,Estates Support,14,51,65,58,7,0,0,2.4,0.923,1.0,4.4,0.685,0.892
OPS-102096,2026-04-07,South East,Workplace Projects,615,35,650,26,624,0,0,8.0,0.6,1.0,2.5,0.713,0.04
OPS-102097,2026-04-07,Wales,Workplace Services,1052,24,1076,25,1051,0,0,8.0,0.6,0.997,2.5,0.703,0.023
OPS-102098,2026-04-07,Wales,Facilities Response,1163,36,1199,25,1174,0,0,8.0,0.6,0.976,2.5,0.772,0.021
OPS-102099,2026-04-07,Wales,Estates Support,777,33,810,29,781,0,0,8.0,0.6,0.976,2.5,0.727,0.036
OPS-102100,2026-04-07,Wales,Workplace Projects,0,34,34,34,0,0,0,2.1,0.958,0.998,4.4,0.762,1.0
OPS-102101,2026-04-08,Scotland,Workplace Services,292,30,322,37,285,0,0,8.0,0.6,1.0,2.5,0.786,0.115
OPS-102102,2026-04-08,Scotland,Facilities Response,1,42,43,43,0,0,0,1.9,0.984,0.972,4.7,0.732,1.0
OPS-102103,2026-04-08,Scotland,Estates Support,564,41,605,37,568,0,0,8.0,0.6,1.0,2.5,0.786,0.061
OPS-102104,2026-04-08,Scotland,Workplace Projects,0,31,31,31,0,1,0,1.8,0.944,0.975,4.6,0.761,1.0
OPS-102105,2026-04-08,North East,Workplace Services,0,43,43,43,0,0,0,2.2,0.903,0.997,4.5,0.718,1.0
OPS-102106,2026-04-08,North East,Facilities Response,0,56,56,56,0,0,0,1.8,0.977,1.0,4.4,0.707,1.0
OPS-102107,2026-04-08,North East,Estates Support,1381,50,1431,23,1408,0,0,8.0,0.6,1.0,2.5,0.713,0.016
OPS-102108,2026-04-08,North East,Workplace Projects,45,32,77,29,48,0,0,5.5,0.673,0.961,3.0,0.655,0.377
OPS-102109,2026-04-08,North West,Workplace Services,582,29,611,31,580,0,0,8.0,0.6,1.0,2.5,0.787,0.051
OPS-102110,2026-04-08,North West,Facilities Response,1464,33,1497,24,1473,1,1,8.0,0.6,0.975,2.5,0.702,0.016
OPS-102111,2026-04-08,North West,Estates Support,1578,59,1637,20,1617,1,1,8.0,0.6,0.949,2.5,0.693,0.012
OPS-102112,2026-04-08,North West,Workplace Projects,0,24,24,24,0,0,0,1.4,0.977,0.976,4.8,0.702,1.0
OPS-102113,2026-04-08,Midlands,Workplace Services,0,52,52,52,0,1,0,2.0,0.963,0.98,4.4,0.67,1.0
OPS-102114,2026-04-08,Midlands,Facilities Response,667,38,705,33,672,0,0,8.0,0.6,1.0,2.5,0.684,0.047
OPS-102115,2026-04-08,Midlands,Estates Support,515,42,557,28,529,1,1,8.0,0.6,0.967,2.5,0.768,0.05
OPS-102116,2026-04-08,Midlands,Workplace Projects,0,31,31,31,0,0,0,1.3,0.982,0.948,4.6,0.722,1.0
OPS-102117,2026-04-08,South West,Workplace Services,1217,29,1246,31,1215,0,0,8.0,0.6,0.964,2.5,0.768,0.025
OPS-102118,2026-04-08,South West,Facilities Response,0,39,39,39,0,0,0,1.4,0.98,0.967,4.5,0.641,1.0
OPS-102119,2026-04-08,South West,Estates Support,0,24,24,24,0,1,0,1.3,0.977,0.985,4.3,0.786,1.0
OPS-102120,2026-04-08,South West,Workplace Projects,0,41,41,38,3,0,0,1.3,0.971,1.0,4.6,0.792,0.927
OPS-102121,2026-04-08,South East,Workplace Services,6,33,39,39,0,1,0,2.1,0.976,0.958,4.4,0.702,1.0
OPS-102122,2026-04-08,South East,Facilities Response,1961,38,1999,24,1975,0,0,8.0,0.6,1.0,2.5,0.719,0.012
OPS-102123,2026-04-08,South East,Estates Support,7,48,55,55,0,0,0,1.1,1.0,1.0,4.6,0.685,1.0
OPS-102124,2026-04-08,South East,Workplace Projects,624,20,644,25,619,0,0,8.0,0.6,0.973,2.5,0.713,0.039
OPS-102125,2026-04-08,Wales,Workplace Services,1051,61,1112,29,1083,0,0,8.0,0.6,0.974,2.5,0.703,0.026
OPS-102126,2026-04-08,Wales,Facilities Response,1174,31,1205,26,1179,0,0,8.0,0.6,1.0,2.5,0.772,0.022
OPS-102127,2026-04-08,Wales,Estates Support,781,33,814,30,784,0,0,8.0,0.6,0.98,2.5,0.727,0.037
OPS-102128,2026-04-08,Wales,Workplace Projects,0,34,34,34,0,0,0,0.8,0.995,1.0,4.3,0.762,1.0
OPS-102129,2026-04-09,Scotland,Workplace Services,285,46,331,41,290,0,0,8.0,0.6,1.0,2.5,0.786,0.124
OPS-102130,2026-04-09,Scotland,Facilities Response,0,43,43,43,0,0,0,0.8,0.966,0.984,4.8,0.732,1.0
OPS-102131,2026-04-09,Scotland,Estates Support,568,47,615,40,575,0,0,8.0,0.6,0.979,2.5,0.786,0.065
OPS-102132,2026-04-09,Scotland,Workplace Projects,0,23,23,23,0,1,0,1.4,0.947,0.95,4.8,0.761,1.0
OPS-102133,2026-04-09,North East,Workplace Services,0,34,34,34,0,0,0,1.0,1.0,1.0,4.7,0.718,1.0
OPS-102134,2026-04-09,North East,Facilities Response,0,31,31,31,0,0,0,1.5,0.96,0.977,4.2,0.707,1.0
OPS-102135,2026-04-09,North East,Estates Support,1408,52,1460,18,1442,0,0,8.0,0.6,0.964,2.5,0.713,0.012
OPS-102136,2026-04-09,North East,Workplace Projects,48,24,72,24,48,0,0,4.8,0.722,0.98,3.0,0.655,0.333
OPS-102137,2026-04-09,North West,Workplace Services,580,32,612,32,580,1,1,8.0,0.6,0.962,2.5,0.787,0.052
OPS-102138,2026-04-09,North West,Facilities Response,1473,34,1507,21,1486,0,0,8.0,0.6,0.985,2.5,0.702,0.014
OPS-102139,2026-04-09,North West,Estates Support,1617,41,1658,28,1630,0,0,8.0,0.6,0.989,2.5,0.693,0.017
OPS-102140,2026-04-09,North West,Workplace Projects,0,39,39,39,0,0,0,1.3,0.992,0.998,4.6,0.702,1.0
OPS-102141,2026-04-09,Midlands,Workplace Services,0,39,39,39,0,0,0,1.2,0.948,0.996,4.6,0.67,1.0
OPS-102142,2026-04-09,Midlands,Facilities Response,672,40,712,31,681,0,0,8.0,0.6,0.977,2.5,0.684,0.044
OPS-102143,2026-04-09,Midlands,Estates Support,529,36,565,28,537,1,0,8.0,0.6,0.991,2.5,0.768,0.05
OPS-102144,2026-04-09,Midlands,Workplace Projects,0,29,29,29,0,0,0,1.6,0.971,1.0,4.7,0.722,1.0
OPS-102145,2026-04-09,South West,Workplace Services,1215,42,1257,27,1230,0,0,8.0,0.6,0.973,2.5,0.768,0.021
OPS-102146,2026-04-09,South West,Facilities Response,0,45,45,45,0,0,0,1.5,0.983,0.96,4.4,0.641,1.0
OPS-102147,2026-04-09,South West,Estates Support,0,34,34,34,0,0,0,1.3,0.978,0.974,4.3,0.786,1.0
OPS-102148,2026-04-09,South West,Workplace Projects,3,32,35,35,0,1,0,2.0,0.955,0.974,4.8,0.792,1.0
OPS-102149,2026-04-09,South East,Workplace Services,0,50,50,44,6,0,0,1.6,0.927,0.985,4.4,0.702,0.88
OPS-102150,2026-04-09,South East,Facilities Response,1975,40,2015,21,1994,0,0,8.0,0.6,0.986,2.5,0.719,0.01
OPS-102151,2026-04-09,South East,Estates Support,0,39,39,39,0,0,0,1.3,0.965,1.0,4.4,0.685,1.0
OPS-102152,2026-04-09,South East,Workplace Projects,619,27,646,22,624,0,0,8.0,0.6,0.995,2.5,0.713,0.034
OPS-102153,2026-04-09,Wales,Workplace Services,1083,40,1123,28,1095,1,1,8.0,0.6,0.96,2.5,0.703,0.025
OPS-102154,2026-04-09,Wales,Facilities Response,1179,34,1213,24,1189,0,0,8.0,0.6,0.982,2.5,0.772,0.02
OPS-102155,2026-04-09,Wales,Estates Support,784,36,820,30,790,0,0,8.0,0.6,0.994,2.5,0.727,0.037
OPS-102156,2026-04-09,Wales,Workplace Projects,0,27,27,27,0,0,0,1.6,0.919,0.993,4.6,0.762,1.0
OPS-102157,2026-04-10,Scotland,Workplace Services,290,46,336,42,294,0,0,8.0,0.6,0.984,2.5,0.786,0.125
OPS-102158,2026-04-10,Scotland,Facilities Response,0,40,40,40,0,0,0,1.6,0.975,0.988,4.6,0.732,1.0
OPS-102159,2026-04-10,Scotland,Estates Support,575,32,607,39,568,0,0,8.0,0.6,1.0,2.5,0.786,0.064
OPS-102160,2026-04-10,Scotland,Workplace Projects,0,29,29,29,0,0,0,1.5,0.972,0.983,4.4,0.761,1.0
OPS-102161,2026-04-10,North East,Workplace Services,0,18,18,18,0,0,0,1.2,0.914,0.945,4.4,0.718,1.0
OPS-102162,2026-04-10,North East,Facilities Response,0,60,60,47,13,0,0,2.5,0.868,1.0,4.0,0.707,0.783
OPS-102163,2026-04-10,North East,Estates Support,1442,41,1483,19,1464,0,0,8.0,0.6,0.972,2.5,0.713,0.013
OPS-102164,2026-04-10,North East,Workplace Projects,48,19,67,29,38,0,0,4.6,0.706,0.965,3.2,0.655,0.433
OPS-102165,2026-04-10,North West,Workplace Services,580,34,614,38,576,0,0,8.0,0.6,0.979,2.5,0.787,0.062
OPS-102166,2026-04-10,North West,Facilities Response,1486,35,1521,28,1493,0,0,8.0,0.6,0.996,2.5,0.702,0.018
OPS-102167,2026-04-10,North West,Estates Support,1630,23,1653,27,1626,0,0,8.0,0.6,1.0,2.5,0.693,0.016
OPS-102168,2026-04-10,North West,Workplace Projects,0,31,31,31,0,0,0,1.9,0.955,0.984,4.6,0.702,1.0
OPS-102169,2026-04-10,Midlands,Workplace Services,0,41,41,41,0,1,0,1.6,0.901,0.994,4.0,0.67,1.0
OPS-102170,2026-04-10,Midlands,Facilities Response,681,41,722,33,689,0,0,8.0,0.6,0.955,2.5,0.684,0.046
OPS-102171,2026-04-10,Midlands,Estates Support,537,42,579,37,542,1,0,8.0,0.6,0.975,2.5,0.768,0.064
OPS-102172,2026-04-10,Midlands,Workplace Projects,0,36,36,36,0,0,0,1.1,0.946,0.974,4.8,0.722,1.0
OPS-102173,2026-04-10,South West,Workplace Services,1230,34,1264,31,1233,1,0,8.0,0.6,0.962,2.5,0.768,0.025
OPS-102174,2026-04-10,South West,Facilities Response,0,67,67,59,8,0,0,2.3,0.952,0.964,4.3,0.641,0.881
OPS-102175,2026-04-10,South West,Estates Support,0,50,50,50,0,0,0,0.9,0.957,0.971,4.5,0.786,1.0
OPS-102176,2026-04-10,South West,Workplace Projects,0,31,31,31,0,0,0,2.2,1.0,0.971,4.7,0.792,1.0
OPS-102177,2026-04-10,South East,Workplace Services,6,37,43,43,0,0,0,1.7,0.955,0.979,4.5,0.702,1.0
OPS-102178,2026-04-10,South East,Facilities Response,1994,40,2034,19,2015,0,0,8.0,0.6,0.987,2.5,0.719,0.009
OPS-102179,2026-04-10,South East,Estates Support,0,70,70,48,22,0,0,2.7,0.827,0.963,3.6,0.685,0.686
OPS-102180,2026-04-10,South East,Workplace Projects,624,33,657,26,631,0,0,8.0,0.6,0.987,2.5,0.713,0.04
OPS-102181,2026-04-10,Wales,Workplace Services,1095,41,1136,28,1108,0,0,8.0,0.6,0.988,2.5,0.703,0.025
OPS-102182,2026-04-10,Wales,Facilities Response,1189,46,1235,28,1207,0,0,8.0,0.6,0.989,2.5,0.772,0.023
OPS-102183,2026-04-10,Wales,Estates Support,790,45,835,24,811,0,0,8.0,0.6,0.996,2.5,0.727,0.029
OPS-102184,2026-04-10,Wales,Workplace Projects,0,36,36,36,0,0,0,1.8,0.967,1.0,4.8,0.762,1.0
OPS-102185,2026-04-11,Scotland,Workplace Services,294,47,341,39,302,1,0,8.0,0.6,0.993,2.5,0.786,0.114
OPS-102186,2026-04-11,Scotland,Facilities Response,0,45,45,45,0,0,0,2.1,0.981,0.985,4.8,0.732,1.0
OPS-102187,2026-04-11,Scotland,Estates Support,568,52,620,42,578,0,0,8.0,0.6,0.973,2.5,0.786,0.068
OPS-102188,2026-04-11,Scotland,Workplace Projects,0,31,31,31,0,0,0,1.7,0.987,0.96,4.7,0.761,1.0
OPS-102189,2026-04-11,North East,Workplace Services,0,32,32,32,0,0,0,1.2,0.971,0.955,4.4,0.718,1.0
OPS-102190,2026-04-11,North East,Facilities Response,13,42,55,55,0,0,0,1.1,0.99,1.0,4.5,0.707,1.0
OPS-102191,2026-04-11,North East,Estates Support,1464,35,1499,18,1481,0,0,8.0,0.6,0.983,2.5,0.713,0.012
OPS-102192,2026-04-11,North East,Workplace Projects,38,23,61,23,38,0,0,4.9,0.745,0.948,3.1,0.655,0.377
OPS-102193,2026-04-11,North West,Workplace Services,576,45,621,32,589,0,0,8.0,0.6,1.0,2.5,0.787,0.052
OPS-102194,2026-04-11,North West,Facilities Response,1493,59,1552,22,1530,1,1,8.0,0.6,0.958,2.5,0.702,0.014
OPS-102195,2026-04-11,North West,Estates Support,1626,29,1655,21,1634,0,0,8.0,0.6,1.0,2.5,0.693,0.013
OPS-102196,2026-04-11,North West,Workplace Projects,0,34,34,34,0,0,0,0.9,1.0,1.0,4.6,0.702,1.0
OPS-102197,2026-04-11,Midlands,Workplace Services,0,67,67,44,23,0,0,3.0,0.832,0.996,3.7,0.67,0.657
OPS-102198,2026-04-11,Midlands,Facilities Response,689,35,724,35,689,0,0,8.0,0.6,0.97,2.5,0.684,0.048
OPS-102199,2026-04-11,Midlands,Estates Support,542,28,570,36,534,0,0,8.0,0.6,0.983,2.5,0.768,0.063
OPS-102200,2026-04-11,Midlands,Workplace Projects,0,31,31,31,0,0,0,0.8,1.0,0.936,4.9,0.722,1.0
OPS-102201,2026-04-11,South West,Workplace Services,1233,30,1263,29,1234,0,0,8.0,0.6,0.953,2.5,0.768,0.023
OPS-102202,2026-04-11,South West,Facilities Response,8,26,34,34,0,0,0,1.4,0.95,0.981,4.8,0.641,1.0
OPS-102203,2026-04-11,South West,Estates Support,0,47,47,47,0,0,0,1.5,0.977,0.995,4.3,0.786,1.0
OPS-102204,2026-04-11,South West,Workplace Projects,0,30,30,30,0,0,0,1.7,0.968,0.962,4.4,0.792,1.0
OPS-102205,2026-04-11,South East,Workplace Services,0,41,41,41,0,0,0,1.6,0.974,0.981,4.4,0.702,1.0
OPS-102206,2026-04-11,South East,Facilities Response,2015,49,2064,19,2045,0,0,8.0,0.6,0.974,2.5,0.719,0.009
OPS-102207,2026-04-11,South East,Estates Support,22,55,77,54,23,0,0,3.0,0.825,0.96,3.7,0.685,0.701
OPS-102208,2026-04-11,South East,Workplace Projects,631,45,676,26,650,1,0,8.0,0.6,0.992,2.5,0.713,0.038
OPS-102209,2026-04-11,Wales,Workplace Services,1108,56,1164,30,1134,0,0,8.0,0.6,1.0,2.5,0.703,0.026
OPS-102210,2026-04-11,Wales,Facilities Response,1207,34,1241,26,1215,0,0,8.0,0.6,0.978,2.5,0.772,0.021
OPS-102211,2026-04-11,Wales,Estates Support,811,41,852,30,822,0,0,8.0,0.6,0.979,2.5,0.727,0.035
OPS-102212,2026-04-11,Wales,Workplace Projects,0,40,40,40,0,0,0,1.4,0.971,0.963,4.5,0.762,1.0
OPS-102213,2026-04-13,Scotland,Workplace Services,302,40,342,45,297,0,0,8.0,0.6,0.957,2.5,0.786,0.132
OPS-102214,2026-04-13,Scotland,Facilities Response,0,48,48,47,1,0,0,1.4,0.963,1.0,4.5,0.732,0.979
OPS-102215,2026-04-13,Scotland,Estates Support,578,20,598,38,560,0,0,8.0,0.6,0.999,2.5,0.786,0.064
OPS-102216,2026-04-13,Scotland,Workplace Projects,0,41,41,38,3,0,0,2.0,0.92,0.983,4.5,0.761,0.927
OPS-102217,2026-04-13,North East,Workplace Services,0,33,33,33,0,0,0,1.4,0.982,0.992,4.4,0.718,1.0
OPS-102218,2026-04-13,North East,Facilities Response,0,34,34,34,0,0,0,1.7,0.969,1.0,4.4,0.707,1.0
OPS-102219,2026-04-13,North East,Estates Support,1481,37,1518,19,1499,0,0,8.0,0.6,0.969,2.5,0.713,0.013
OPS-102220,2026-04-13,North East,Workplace Projects,38,29,67,27,40,0,0,4.4,0.723,0.987,3.1,0.655,0.403
OPS-102221,2026-04-13,North West,Workplace Services,589,31,620,31,589,0,0,8.0,0.6,0.961,2.5,0.787,0.05
OPS-102222,2026-04-13,North West,Facilities Response,1530,34,1564,22,1542,0,0,8.0,0.6,0.98,2.5,0.702,0.014
OPS-102223,2026-04-13,North West,Estates Support,1634,40,1674,23,1651,0,0,8.0,0.6,0.962,2.5,0.693,0.014
OPS-102224,2026-04-13,North West,Workplace Projects,0,26,26,26,0,0,0,1.8,0.916,0.993,4.9,0.702,1.0
OPS-102225,2026-04-13,Midlands,Workplace Services,23,26,49,44,5,0,0,2.0,0.956,0.987,4.4,0.67,0.898
OPS-102226,2026-04-13,Midlands,Facilities Response,689,48,737,34,703,0,0,8.0,0.6,0.994,2.5,0.684,0.046
OPS-102227,2026-04-13,Midlands,Estates Support,534,29,563,30,533,0,0,8.0,0.6,1.0,2.5,0.768,0.053
OPS-102228,2026-04-13,Midlands,Workplace Projects,0,20,20,20,0,0,0,1.7,0.968,0.966,4.5,0.722,1.0
OPS-102229,2026-04-13,South West,Workplace Services,1234,22,1256,31,1225,0,0,8.0,0.6,1.0,2.5,0.768,0.025
OPS-102230,2026-04-13,South West,Facilities Response,0,48,48,48,0,0,0,1.4,0.981,0.968,4.7,0.641,1.0
OPS-102231,2026-04-13,South West,Estates Support,0,45,45,45,0,0,0,0.9,0.978,0.992,4.4,0.786,1.0
OPS-102232,2026-04-13,South West,Workplace Projects,0,26,26,26,0,0,0,1.4,0.979,0.956,4.7,0.792,1.0
OPS-102233,2026-04-13,South East,Workplace Services,0,46,46,46,0,0,0,1.4,0.982,1.0,4.8,0.702,1.0
OPS-102234,2026-04-13,South East,Facilities Response,2045,40,2085,23,2062,0,0,8.0,0.6,1.0,2.5,0.719,0.011
OPS-102235,2026-04-13,South East,Estates Support,23,53,76,54,22,0,0,3.3,0.831,0.991,4.0,0.685,0.711
OPS-102236,2026-04-13,South East,Workplace Projects,650,26,676,28,648,0,0,8.0,0.6,1.0,2.5,0.713,0.041
OPS-102237,2026-04-13,Wales,Workplace Services,1134,37,1171,23,1148,0,0,8.0,0.6,0.977,2.5,0.703,0.02
OPS-102238,2026-04-13,Wales,Facilities Response,1215,43,1258,28,1230,0,0,8.0,0.6,0.978,2.5,0.772,0.022
OPS-102239,2026-04-13,Wales,Estates Support,822,37,859,31,828,0,0,8.0,0.6,0.965,2.5,0.727,0.036
OPS-102240,2026-04-13,Wales,Workplace Projects,0,28,28,28,0,0,0,1.5,0.952,0.986,4.8,0.762,1.0
OPS-102241,2026-04-14,Scotland,Workplace Services,297,33,330,36,294,0,0,8.0,0.6,0.933,2.5,0.786,0.109
OPS-102242,2026-04-14,Scotland,Facilities Response,1,41,42,42,0,0,0,1.8,0.983,0.998,4.8,0.732,1.0
OPS-102243,2026-04-14,Scotland,Estates Support,560,43,603,36,567,0,0,8.0,0.6,0.982,2.5,0.786,0.06
OPS-102244,2026-04-14,Scotland,Workplace Projects,3,30,33,33,0,0,0,1.6,0.986,0.985,4.6,0.761,1.0
OPS-102245,2026-04-14,North East,Workplace Services,0,28,28,28,0,0,0,2.1,0.976,0.996,4.7,0.718,1.0
OPS-102246,2026-04-14,North East,Facilities Response,0,27,27,27,0,0,0,1.5,0.945,0.982,4.6,0.707,1.0
OPS-102247,2026-04-14,North East,Estates Support,1499,39,1538,24,1514,1,0,8.0,0.6,0.977,2.5,0.713,0.016
OPS-102248,2026-04-14,North East,Workplace Projects,40,39,79,21,58,1,1,6.4,0.6,0.958,2.5,0.655,0.266
OPS-102249,2026-04-14,North West,Workplace Services,589,43,632,29,603,0,0,8.0,0.6,0.996,2.5,0.787,0.046
OPS-102250,2026-04-14,North West,Facilities Response,1542,31,1573,23,1550,0,0,8.0,0.6,1.0,2.5,0.702,0.015
OPS-102251,2026-04-14,North West,Estates Support,1651,52,1703,25,1678,0,0,8.0,0.6,1.0,2.5,0.693,0.015
OPS-102252,2026-04-14,North West,Workplace Projects,0,35,35,35,0,0,0,1.3,0.941,0.962,4.3,0.702,1.0
OPS-102253,2026-04-14,Midlands,Workplace Services,5,36,41,38,3,1,0,1.7,0.901,0.973,4.5,0.67,0.927
OPS-102254,2026-04-14,Midlands,Facilities Response,703,33,736,33,703,0,0,8.0,0.6,0.994,2.5,0.684,0.045
OPS-102255,2026-04-14,Midlands,Estates Support,533,46,579,38,541,0,0,8.0,0.6,0.969,2.5,0.768,0.066
OPS-102256,2026-04-14,Midlands,Workplace Projects,0,31,31,31,0,0,0,1.9,1.0,1.0,4.6,0.722,1.0
OPS-102257,2026-04-14,South West,Workplace Services,1225,53,1278,28,1250,0,0,8.0,0.6,0.977,2.5,0.768,0.022
OPS-102258,2026-04-14,South West,Facilities Response,0,32,32,32,0,2,1,2.7,0.821,0.922,4.2,0.641,1.0
OPS-102259,2026-04-14,South West,Estates Support,0,43,43,43,0,0,0,1.6,0.92,0.942,4.7,0.786,1.0
OPS-102260,2026-04-14,South West,Workplace Projects,0,32,32,32,0,0,0,2.2,0.983,0.99,4.5,0.792,1.0
OPS-102261,2026-04-14,South East,Workplace Services,0,55,55,54,1,1,0,1.5,0.896,1.0,4.4,0.702,0.982
OPS-102262,2026-04-14,South East,Facilities Response,2062,66,2128,20,2108,0,0,8.0,0.6,0.986,2.5,0.719,0.009
OPS-102263,2026-04-14,South East,Estates Support,22,63,85,63,22,0,0,2.6,0.855,0.996,3.6,0.685,0.741
OPS-102264,2026-04-14,South East,Workplace Projects,648,42,690,22,668,1,1,8.0,0.6,0.974,2.5,0.713,0.032
OPS-102265,2026-04-14,Wales,Workplace Services,1148,39,1187,26,1161,0,0,8.0,0.6,0.96,2.5,0.703,0.022
OPS-102266,2026-04-14,Wales,Facilities Response,1230,31,1261,23,1238,0,0,8.0,0.6,1.0,2.5,0.772,0.018
OPS-102267,2026-04-14,Wales,Estates Support,828,44,872,28,844,0,0,8.0,0.6,0.977,2.5,0.727,0.032
OPS-102268,2026-04-14,Wales,Workplace Projects,0,33,33,33,0,1,0,2.2,0.952,0.97,4.6,0.762,1.0
OPS-102269,2026-04-15,Scotland,Workplace Services,294,48,342,38,304,0,0,8.0,0.6,1.0,2.5,0.786,0.111
OPS-102270,2026-04-15,Scotland,Facilities Response,0,33,33,33,0,0,0,1.4,0.987,0.967,4.6,0.732,1.0
OPS-102271,2026-04-15,Scotland,Estates Support,567,30,597,42,555,0,0,8.0,0.6,0.956,2.5,0.786,0.07
OPS-102272,2026-04-15,Scotland,Workplace Projects,0,19,19,19,0,0,0,1.1,0.964,0.979,4.4,0.761,1.0
OPS-102273,2026-04-15,North East,Workplace Services,0,24,24,24,0,0,0,1.2,0.973,0.979,4.4,0.718,1.0
OPS-102274,2026-04-15,North East,Facilities Response,0,45,45,45,0,0,0,1.2,0.994,0.98,4.4,0.707,1.0
OPS-102275,2026-04-15,North East,Estates Support,1514,31,1545,20,1525,0,0,8.0,0.6,0.961,2.5,0.713,0.013
OPS-102276,2026-04-15,North East,Workplace Projects,58,22,80,25,55,0,0,6.1,0.6,0.968,2.6,0.655,0.312
OPS-102277,2026-04-15,North West,Workplace Services,603,36,639,30,609,0,0,8.0,0.6,0.969,2.5,0.787,0.047
OPS-102278,2026-04-15,North West,Facilities Response,1550,50,1600,22,1578,0,0,8.0,0.6,0.984,2.5,0.702,0.014
OPS-102279,2026-04-15,North West,Estates Support,1678,33,1711,22,1689,0,0,8.0,0.6,1.0,2.5,0.693,0.013
OPS-102280,2026-04-15,North West,Workplace Projects,0,33,33,33,0,0,0,1.7,0.966,0.962,4.5,0.702,1.0
OPS-102281,2026-04-15,Midlands,Workplace Services,3,50,53,43,10,0,0,2.6,0.928,0.976,4.4,0.67,0.811
OPS-102282,2026-04-15,Midlands,Facilities Response,703,32,735,39,696,0,0,8.0,0.6,0.983,2.5,0.684,0.053
OPS-102283,2026-04-15,Midlands,Estates Support,541,42,583,32,551,0,0,8.0,0.6,0.971,2.5,0.768,0.055
OPS-102284,2026-04-15,Midlands,Workplace Projects,0,19,19,19,0,0,0,1.9,0.99,0.975,4.7,0.722,1.0
OPS-102285,2026-04-15,South West,Workplace Services,1250,47,1297,25,1272,0,0,8.0,0.6,0.997,2.5,0.768,0.019
OPS-102286,2026-04-15,South West,Facilities Response,0,53,53,53,0,1,0,2.0,0.925,0.993,4.5,0.641,1.0
OPS-102287,2026-04-15,South West,Estates Support,0,42,42,42,0,0,0,1.6,0.954,0.967,4.5,0.786,1.0
OPS-102288,2026-04-15,South West,Workplace Projects,0,36,36,36,0,0,0,2.2,0.992,0.986,4.5,0.792,1.0
OPS-102289,2026-04-15,South East,Workplace Services,1,41,42,42,0,0,0,1.7,0.967,0.986,4.5,0.702,1.0
OPS-102290,2026-04-15,South East,Facilities Response,2108,59,2167,25,2142,0,0,8.0,0.6,1.0,2.5,0.719,0.012
OPS-102291,2026-04-15,South East,Estates Support,22,50,72,61,11,0,0,2.2,0.882,0.989,4.1,0.685,0.847
OPS-102292,2026-04-15,South East,Workplace Projects,668,38,706,25,681,1,0,8.0,0.6,0.955,2.5,0.713,0.035
OPS-102293,2026-04-15,Wales,Workplace Services,1161,51,1212,31,1181,0,0,8.0,0.6,0.969,2.5,0.703,0.026
OPS-102294,2026-04-15,Wales,Facilities Response,1238,43,1281,22,1259,0,0,8.0,0.6,0.994,2.5,0.772,0.017
OPS-102295,2026-04-15,Wales,Estates Support,844,33,877,26,851,0,0,8.0,0.6,0.981,2.5,0.727,0.03
OPS-102296,2026-04-15,Wales,Workplace Projects,0,39,39,39,0,0,0,1.6,0.985,1.0,4.8,0.762,1.0
OPS-102297,2026-04-16,Scotland,Workplace Services,304,39,343,37,306,1,1,8.0,0.6,0.989,2.5,0.786,0.108
OPS-102298,2026-04-16,Scotland,Facilities Response,0,47,47,47,0,0,0,1.7,0.972,0.975,4.3,0.732,1.0
OPS-102299,2026-04-16,Scotland,Estates Support,555,48,603,41,562,0,0,8.0,0.6,0.978,2.5,0.786,0.068
OPS-102300,2026-04-16,Scotland,Workplace Projects,0,25,25,25,0,0,0,1.9,0.981,1.0,4.6,0.761,1.0
OPS-102301,2026-04-16,North East,Workplace Services,0,49,49,49,0,0,0,1.9,0.987,1.0,4.7,0.718,1.0
OPS-102302,2026-04-16,North East,Facilities Response,0,43,43,43,0,0,0,1.9,0.941,0.985,5.0,0.707,1.0
OPS-102303,2026-04-16,North East,Estates Support,1525,25,1550,18,1532,0,0,8.0,0.6,1.0,2.5,0.713,0.012
OPS-102304,2026-04-16,North East,Workplace Projects,55,29,84,27,57,0,0,5.9,0.636,0.982,2.5,0.655,0.321
OPS-102305,2026-04-16,North West,Workplace Services,609,60,669,31,638,0,0,8.0,0.6,0.975,2.5,0.787,0.046
OPS-102306,2026-04-16,North West,Facilities Response,1578,66,1644,25,1619,0,0,8.0,0.6,0.991,2.5,0.702,0.015
OPS-102307,2026-04-16,North West,Estates Support,1689,42,1731,28,1703,0,0,8.0,0.6,0.999,2.5,0.693,0.016
OPS-102308,2026-04-16,North West,Workplace Projects,0,28,28,28,0,1,0,1.6,0.965,0.976,4.5,0.702,1.0
OPS-102309,2026-04-16,Midlands,Workplace Services,10,37,47,39,8,0,0,2.0,0.911,1.0,4.3,0.67,0.83
OPS-102310,2026-04-16,Midlands,Facilities Response,696,41,737,37,700,1,0,8.0,0.6,0.981,2.5,0.684,0.05
OPS-102311,2026-04-16,Midlands,Estates Support,551,35,586,30,556,0,0,8.0,0.6,0.99,2.5,0.768,0.051
OPS-102312,2026-04-16,Midlands,Workplace Projects,0,38,38,38,0,0,0,1.4,0.972,0.951,4.7,0.722,1.0
OPS-102313,2026-04-16,South West,Workplace Services,1272,35,1307,26,1281,0,0,8.0,0.6,0.973,2.5,0.768,0.02
OPS-102314,2026-04-16,South West,Facilities Response,0,33,33,33,0,0,0,1.4,0.979,0.949,4.4,0.641,1.0
OPS-102315,2026-04-16,South West,Estates Support,0,56,56,56,0,0,0,0.8,0.892,0.972,4.4,0.786,1.0
OPS-102316,2026-04-16,South West,Workplace Projects,0,21,21,21,0,0,0,1.3,0.993,1.0,4.6,0.792,1.0
OPS-102317,2026-04-16,South East,Workplace Services,0,15,15,15,0,0,0,1.6,0.949,0.995,4.6,0.702,1.0
OPS-102318,2026-04-16,South East,Facilities Response,2142,37,2179,19,2160,0,0,8.0,0.6,0.994,2.5,0.719,0.009
OPS-102319,2026-04-16,South East,Estates Support,11,61,72,47,25,0,0,3.2,0.795,0.991,3.8,0.685,0.653
OPS-102320,2026-04-16,South East,Workplace Projects,681,31,712,22,690,0,0,8.0,0.6,0.959,2.5,0.713,0.031
OPS-102321,2026-04-16,Wales,Workplace Services,1181,52,1233,28,1205,0,0,8.0,0.6,0.984,2.5,0.703,0.023
OPS-102322,2026-04-16,Wales,Facilities Response,1259,36,1295,24,1271,0,0,8.0,0.6,1.0,2.5,0.772,0.019
OPS-102323,2026-04-16,Wales,Estates Support,851,41,892,25,867,0,0,8.0,0.6,0.984,2.5,0.727,0.028
OPS-102324,2026-04-16,Wales,Workplace Projects,0,25,25,25,0,0,0,1.4,0.931,0.979,4.5,0.762,1.0
OPS-102325,2026-04-17,Scotland,Workplace Services,306,49,355,34,321,1,0,8.0,0.6,1.0,2.5,0.786,0.096
OPS-102326,2026-04-17,Scotland,Facilities Response,0,39,39,39,0,1,0,1.4,0.975,0.971,4.5,0.732,1.0
OPS-102327,2026-04-17,Scotland,Estates Support,562,43,605,33,572,0,0,8.0,0.6,0.963,2.5,0.786,0.055
OPS-102328,2026-04-17,Scotland,Workplace Projects,0,16,16,16,0,0,0,2.1,0.986,1.0,4.7,0.761,1.0
OPS-102329,2026-04-17,North East,Workplace Services,0,62,62,46,16,1,0,3.1,0.78,0.979,4.2,0.718,0.742
OPS-102330,2026-04-17,North East,Facilities Response,0,29,29,29,0,1,0,1.5,0.974,0.986,4.6,0.707,1.0
OPS-102331,2026-04-17,North East,Estates Support,1532,22,1554,21,1533,0,0,8.0,0.6,1.0,2.5,0.713,0.014
OPS-102332,2026-04-17,North East,Workplace Projects,57,24,81,25,56,0,0,5.5,0.617,0.996,2.5,0.655,0.309
OPS-102333,2026-04-17,North West,Workplace Services,638,53,691,38,653,0,0,8.0,0.6,1.0,2.5,0.787,0.055
OPS-102334,2026-04-17,North West,Facilities Response,1619,43,1662,24,1638,1,0,8.0,0.6,0.958,2.5,0.702,0.014
OPS-102335,2026-04-17,North West,Estates Support,1703,32,1735,22,1713,1,1,8.0,0.6,0.953,2.5,0.693,0.013
OPS-102336,2026-04-17,North West,Workplace Projects,0,26,26,26,0,0,0,1.3,1.0,0.964,4.6,0.702,1.0
OPS-102337,2026-04-17,Midlands,Workplace Services,8,57,65,39,26,0,0,3.6,0.816,1.0,3.9,0.67,0.6
OPS-102338,2026-04-17,Midlands,Facilities Response,700,48,748,31,717,0,0,8.0,0.6,0.975,2.5,0.684,0.041
OPS-102339,2026-04-17,Midlands,Estates Support,556,32,588,37,551,0,0,8.0,0.6,0.983,2.5,0.768,0.063
OPS-102340,2026-04-17,Midlands,Workplace Projects,0,22,22,22,0,1,0,1.7,0.932,0.993,4.5,0.722,1.0
OPS-102341,2026-04-17,South West,Workplace Services,1281,28,1309,25,1284,0,0,8.0,0.6,0.986,2.5,0.768,0.019
OPS-102342,2026-04-17,South West,Facilities Response,0,25,25,25,0,0,0,1.5,0.946,0.991,4.4,0.641,1.0
OPS-102343,2026-04-17,South West,Estates Support,0,35,35,35,0,0,0,1.0,0.993,0.979,4.6,0.786,1.0
OPS-102344,2026-04-17,South West,Workplace Projects,0,30,30,30,0,0,0,2.0,0.992,1.0,4.6,0.792,1.0
OPS-102345,2026-04-17,South East,Workplace Services,0,51,51,44,7,1,0,2.1,0.922,0.973,4.1,0.702,0.863
OPS-102346,2026-04-17,South East,Facilities Response,2160,26,2186,20,2166,0,0,8.0,0.6,0.984,2.5,0.719,0.009
OPS-102347,2026-04-17,South East,Estates Support,25,57,82,63,19,0,0,3.4,0.862,0.967,4.0,0.685,0.768
OPS-102348,2026-04-17,South East,Workplace Projects,690,39,729,22,707,0,0,8.0,0.6,0.953,2.5,0.713,0.03
OPS-102349,2026-04-17,Wales,Workplace Services,1205,47,1252,28,1224,0,0,8.0,0.6,0.983,2.5,0.703,0.022
OPS-102350,2026-04-17,Wales,Facilities Response,1271,59,1330,22,1308,0,0,8.0,0.6,0.987,2.5,0.772,0.017
OPS-102351,2026-04-17,Wales,Estates Support,867,31,898,29,869,0,0,8.0,0.6,0.983,2.5,0.727,0.032
OPS-102352,2026-04-17,Wales,Workplace Projects,0,23,23,23,0,0,0,1.2,0.944,1.0,4.2,0.762,1.0
OPS-102353,2026-04-18,Scotland,Workplace Services,321,42,363,40,323,0,0,8.0,0.6,1.0,2.5,0.786,0.11
OPS-102354,2026-04-18,Scotland,Facilities Response,0,46,46,46,0,0,0,1.5,0.986,0.988,4.6,0.732,1.0
OPS-102355,2026-04-18,Scotland,Estates Support,572,41,613,37,576,1,1,8.0,0.6,0.941,2.5,0.786,0.06
OPS-102356,2026-04-18,Scotland,Workplace Projects,0,36,36,36,0,0,0,1.4,1.0,0.97,4.5,0.761,1.0
OPS-102357,2026-04-18,North East,Workplace Services,16,40,56,48,8,0,0,2.6,0.956,0.972,4.2,0.718,0.857
OPS-102358,2026-04-18,North East,Facilities Response,0,33,33,33,0,0,0,1.2,0.931,0.974,4.9,0.707,1.0
OPS-102359,2026-04-18,North East,Estates Support,1533,40,1573,24,1549,0,0,8.0,0.6,0.953,2.5,0.713,0.015
OPS-102360,2026-04-18,North East,Workplace Projects,56,31,87,28,59,0,0,6.4,0.649,0.98,2.6,0.655,0.322
OPS-102361,2026-04-18,North West,Workplace Services,653,46,699,32,667,1,0,8.0,0.6,0.974,2.5,0.787,0.046
OPS-102362,2026-04-18,North West,Facilities Response,1638,41,1679,24,1655,0,0,8.0,0.6,0.984,2.5,0.702,0.014
OPS-102363,2026-04-18,North West,Estates Support,1713,49,1762,24,1738,0,0,8.0,0.6,0.948,2.5,0.693,0.014
OPS-102364,2026-04-18,North West,Workplace Projects,0,30,30,30,0,0,0,2.1,0.993,0.973,4.2,0.702,1.0
OPS-102365,2026-04-18,Midlands,Workplace Services,26,46,72,51,21,1,0,3.6,0.814,0.956,3.7,0.67,0.708
OPS-102366,2026-04-18,Midlands,Facilities Response,717,43,760,31,729,0,0,8.0,0.6,0.968,2.5,0.684,0.041
OPS-102367,2026-04-18,Midlands,Estates Support,551,33,584,33,551,1,0,8.0,0.6,0.963,2.5,0.768,0.057
OPS-102368,2026-04-18,Midlands,Workplace Projects,0,29,29,29,0,0,0,1.3,0.954,0.985,4.4,0.722,1.0
OPS-102369,2026-04-18,South West,Workplace Services,1284,48,1332,26,1306,1,0,8.0,0.6,0.992,2.5,0.768,0.02
OPS-102370,2026-04-18,South West,Facilities Response,0,42,42,42,0,1,1,2.1,0.874,0.981,4.3,0.641,1.0
OPS-102371,2026-04-18,South West,Estates Support,0,28,28,28,0,0,0,1.8,0.988,0.972,4.4,0.786,1.0
OPS-102372,2026-04-18,South West,Workplace Projects,0,25,25,25,0,0,0,1.6,0.95,0.98,4.5,0.792,1.0
OPS-102373,2026-04-18,South East,Workplace Services,7,42,49,49,0,0,0,2.1,0.963,1.0,4.7,0.702,1.0
OPS-102374,2026-04-18,South East,Facilities Response,2166,60,2226,25,2201,0,0,8.0,0.6,0.978,2.5,0.719,0.011
OPS-102375,2026-04-18,South East,Estates Support,19,52,71,49,22,0,0,3.3,0.829,0.967,3.9,0.685,0.69
OPS-102376,2026-04-18,South East,Workplace Projects,707,32,739,25,714,0,0,8.0,0.6,0.998,2.5,0.713,0.034
OPS-102377,2026-04-18,Wales,Workplace Services,1224,40,1264,30,1234,0,0,8.0,0.6,0.995,2.5,0.703,0.024
OPS-102378,2026-04-18,Wales,Facilities Response,1308,32,1340,28,1312,0,0,8.0,0.6,0.98,2.5,0.772,0.021
OPS-102379,2026-04-18,Wales,Estates Support,869,33,902,26,876,0,0,8.0,0.6,0.978,2.5,0.727,0.029
OPS-102380,2026-04-18,Wales,Workplace Projects,0,37,37,37,0,0,0,1.3,0.952,0.993,4.6,0.762,1.0
OPS-102381,2026-04-19,Scotland,Workplace Services,323,56,379,33,346,0,0,8.0,0.6,0.987,2.5,0.786,0.087
OPS-102382,2026-04-19,Scotland,Facilities Response,0,47,47,47,0,0,0,1.2,0.931,0.959,4.4,0.732,1.0
OPS-102383,2026-04-19,Scotland,Estates Support,576,54,630,34,596,0,0,8.0,0.6,1.0,2.5,0.786,0.054
OPS-102384,2026-04-19,Scotland,Workplace Projects,0,29,29,29,0,0,0,1.4,0.915,0.986,4.8,0.761,1.0
OPS-102385,2026-04-19,North East,Workplace Services,8,35,43,41,2,0,0,0.8,0.966,0.972,4.2,0.718,0.953
OPS-102386,2026-04-19,North East,Facilities Response,0,41,41,41,0,0,0,1.0,0.983,1.0,4.3,0.707,1.0
OPS-102387,2026-04-19,North East,Estates Support,1549,38,1587,24,1563,0,0,8.0,0.6,1.0,2.5,0.713,0.015
OPS-102388,2026-04-19,North East,Workplace Projects,59,27,86,25,61,0,0,5.9,0.614,0.958,2.5,0.655,0.291
OPS-102389,2026-04-19,North West,Workplace Services,667,38,705,32,673,0,0,8.0,0.6,0.993,2.5,0.787,0.045
OPS-102390,2026-04-19,North West,Facilities Response,1655,35,1690,25,1665,0,0,8.0,0.6,1.0,2.5,0.702,0.015
OPS-102391,2026-04-19,North West,Estates Support,1738,39,1777,27,1750,0,0,8.0,0.6,0.988,2.5,0.693,0.015
OPS-102392,2026-04-19,North West,Workplace Projects,0,31,31,31,0,0,0,2.0,0.945,0.963,4.6,0.702,1.0
OPS-102393,2026-04-19,Midlands,Workplace Services,21,24,45,45,0,0,0,1.9,0.972,0.991,4.4,0.67,1.0
OPS-102394,2026-04-19,Midlands,Facilities Response,729,27,756,37,719,1,0,8.0,0.6,1.0,2.5,0.684,0.049
OPS-102395,2026-04-19,Midlands,Estates Support,551,44,595,32,563,0,0,8.0,0.6,0.989,2.5,0.768,0.054
OPS-102396,2026-04-19,Midlands,Workplace Projects,0,24,24,24,0,0,0,1.6,0.93,1.0,4.4,0.722,1.0
OPS-102397,2026-04-19,South West,Workplace Services,1306,41,1347,24,1323,0,0,8.0,0.6,0.984,2.5,0.768,0.018
OPS-102398,2026-04-19,South West,Facilities Response,0,36,36,36,0,0,0,2.0,0.92,0.975,4.6,0.641,1.0
OPS-102399,2026-04-19,South West,Estates Support,0,40,40,40,0,0,0,0.5,0.963,0.97,4.7,0.786,1.0
OPS-102400,2026-04-19,South West,Workplace Projects,0,41,41,38,3,0,0,1.4,0.958,0.984,4.4,0.792,0.927
OPS-102401,2026-04-19,South East,Workplace Services,0,30,30,30,0,0,0,1.3,0.981,0.99,4.3,0.702,1.0
OPS-102402,2026-04-19,South East,Facilities Response,2201,48,2249,19,2230,0,0,8.0,0.6,0.99,2.5,0.719,0.008
OPS-102403,2026-04-19,South East,Estates Support,22,47,69,55,14,1,0,2.5,0.844,0.997,4.1,0.685,0.797
OPS-102404,2026-04-19,South East,Workplace Projects,714,37,751,27,724,1,0,8.0,0.6,0.979,2.5,0.713,0.036
OPS-102405,2026-04-19,Wales,Workplace Services,1234,42,1276,26,1250,0,0,8.0,0.6,1.0,2.5,0.703,0.02
OPS-102406,2026-04-19,Wales,Facilities Response,1312,40,1352,25,1327,0,0,8.0,0.6,1.0,2.5,0.772,0.018
OPS-102407,2026-04-19,Wales,Estates Support,876,33,909,30,879,0,0,8.0,0.6,1.0,2.5,0.727,0.033
OPS-102408,2026-04-19,Wales,Workplace Projects,0,40,40,40,0,1,0,1.5,0.955,1.0,4.6,0.762,1.0
OPS-102409,2026-04-20,Scotland,Workplace Services,346,34,380,40,340,0,0,8.0,0.6,0.988,2.5,0.786,0.105
OPS-102410,2026-04-20,Scotland,Facilities Response,0,42,42,42,0,0,0,2.0,0.988,0.984,4.1,0.732,1.0
OPS-102411,2026-04-20,Scotland,Estates Support,596,54,650,38,612,0,0,8.0,0.6,0.957,2.5,0.786,0.058
OPS-102412,2026-04-20,Scotland,Workplace Projects,0,30,30,30,0,0,0,1.9,0.929,0.97,4.6,0.761,1.0
OPS-102413,2026-04-20,North East,Workplace Services,2,49,51,41,10,0,0,2.4,0.812,0.943,4.2,0.718,0.804
OPS-102414,2026-04-20,North East,Facilities Response,0,47,47,47,0,0,0,1.8,0.953,0.966,4.6,0.707,1.0
OPS-102415,2026-04-20,North East,Estates Support,1563,52,1615,24,1591,0,0,8.0,0.6,0.992,2.5,0.713,0.015
OPS-102416,2026-04-20,North East,Workplace Projects,61,27,88,24,64,1,1,7.4,0.6,0.951,2.5,0.655,0.273
OPS-102417,2026-04-20,North West,Workplace Services,673,40,713,38,675,0,0,8.0,0.6,0.988,2.5,0.787,0.053
OPS-102418,2026-04-20,North West,Facilities Response,1665,51,1716,25,1691,0,0,8.0,0.6,1.0,2.5,0.702,0.015
OPS-102419,2026-04-20,North West,Estates Support,1750,51,1801,23,1778,0,0,8.0,0.6,1.0,2.5,0.693,0.013
OPS-102420,2026-04-20,North West,Workplace Projects,0,24,24,24,0,0,0,1.2,0.952,0.985,4.5,0.702,1.0
OPS-102421,2026-04-20,Midlands,Workplace Services,0,31,31,31,0,1,0,1.3,0.91,0.957,4.4,0.67,1.0
OPS-102422,2026-04-20,Midlands,Facilities Response,719,42,761,38,723,0,0,8.0,0.6,0.999,2.5,0.684,0.05
OPS-102423,2026-04-20,Midlands,Estates Support,563,40,603,35,568,0,0,8.0,0.6,0.977,2.5,0.768,0.058
OPS-102424,2026-04-20,Midlands,Workplace Projects,0,25,25,25,0,0,0,1.6,0.953,0.999,4.5,0.722,1.0
OPS-102425,2026-04-20,South West,Workplace Services,1323,36,1359,28,1331,1,0,8.0,0.6,0.964,2.5,0.768,0.021
OPS-102426,2026-04-20,South West,Facilities Response,0,43,43,43,0,0,0,1.8,0.983,0.995,4.7,0.641,1.0
OPS-102427,2026-04-20,South West,Estates Support,0,35,35,35,0,0,0,2.2,0.994,0.976,4.7,0.786,1.0
OPS-102428,2026-04-20,South West,Workplace Projects,3,39,42,42,0,0,0,2.1,0.948,0.996,4.2,0.792,1.0
OPS-102429,2026-04-20,South East,Workplace Services,0,48,48,48,0,0,0,1.3,1.0,0.997,4.5,0.702,1.0
OPS-102430,2026-04-20,South East,Facilities Response,2230,45,2275,23,2252,0,0,8.0,0.6,0.96,2.5,0.719,0.01
OPS-102431,2026-04-20,South East,Estates Support,14,34,48,48,0,0,0,1.4,1.0,0.974,4.7,0.685,1.0
OPS-102432,2026-04-20,South East,Workplace Projects,724,41,765,22,743,0,0,8.0,0.6,0.986,2.5,0.713,0.029
OPS-102433,2026-04-20,Wales,Workplace Services,1250,71,1321,30,1291,0,0,8.0,0.6,0.956,2.5,0.703,0.023
OPS-102434,2026-04-20,Wales,Facilities Response,1327,53,1380,24,1356,0,0,8.0,0.6,0.971,2.5,0.772,0.017
OPS-102435,2026-04-20,Wales,Estates Support,879,43,922,28,894,0,0,8.0,0.6,0.987,2.5,0.727,0.03
OPS-102436,2026-04-20,Wales,Workplace Projects,0,32,32,32,0,0,0,1.6,0.968,0.989,4.3,0.762,1.0
OPS-102437,2026-04-21,Scotland,Workplace Services,340,54,394,45,349,0,0,8.0,0.6,0.99,2.5,0.786,0.114
OPS-102438,2026-04-21,Scotland,Facilities Response,0,21,21,21,0,0,0,1.3,0.965,0.958,4.6,0.732,1.0
OPS-102439,2026-04-21,Scotland,Estates Support,612,50,662,41,621,0,0,8.0,0.6,0.97,2.5,0.786,0.062
OPS-102440,2026-04-21,Scotland,Workplace Projects,0,16,16,16,0,0,0,1.4,0.973,0.974,4.6,0.761,1.0
OPS-102441,2026-04-21,North East,Workplace Services,10,49,59,43,16,0,0,2.8,0.859,0.941,3.8,0.718,0.729
OPS-102442,2026-04-21,North East,Facilities Response,0,47,47,46,1,0,0,1.4,1.0,0.949,4.7,0.707,0.979
OPS-102443,2026-04-21,North East,Estates Support,1591,34,1625,25,1600,0,0,8.0,0.6,0.995,2.5,0.713,0.015
OPS-102444,2026-04-21,North East,Workplace Projects,64,33,97,25,72,0,0,7.8,0.6,1.0,2.5,0.655,0.258
OPS-102445,2026-04-21,North West,Workplace Services,675,33,708,36,672,0,0,8.0,0.6,1.0,2.5,0.787,0.051
OPS-102446,2026-04-21,North West,Facilities Response,1691,34,1725,27,1698,0,0,8.0,0.6,0.961,2.5,0.702,0.016
OPS-102447,2026-04-21,North West,Estates Support,1778,30,1808,27,1781,0,0,8.0,0.6,0.965,2.5,0.693,0.015
OPS-102448,2026-04-21,North West,Workplace Projects,0,32,32,32,0,1,0,1.8,0.933,0.986,4.5,0.702,1.0
OPS-102449,2026-04-21,Midlands,Workplace Services,0,39,39,39,0,0,0,1.6,0.986,0.977,4.1,0.67,1.0
OPS-102450,2026-04-21,Midlands,Facilities Response,723,52,775,31,744,0,0,8.0,0.6,1.0,2.5,0.684,0.04
OPS-102451,2026-04-21,Midlands,Estates Support,568,38,606,39,567,0,0,8.0,0.6,0.983,2.5,0.768,0.064
OPS-102452,2026-04-21,Midlands,Workplace Projects,0,25,25,25,0,0,0,1.1,0.987,0.998,4.6,0.722,1.0
OPS-102453,2026-04-21,South West,Workplace Services,1331,33,1364,28,1336,0,0,8.0,0.6,0.998,2.5,0.768,0.021
OPS-102454,2026-04-21,South West,Facilities Response,0,43,43,43,0,0,0,1.6,0.934,0.983,4.5,0.641,1.0
OPS-102455,2026-04-21,South West,Estates Support,0,34,34,34,0,0,0,1.6,0.979,0.977,4.5,0.786,1.0
OPS-102456,2026-04-21,South West,Workplace Projects,0,24,24,24,0,0,0,1.3,0.968,0.981,4.5,0.792,1.0
OPS-102457,2026-04-21,South East,Workplace Services,0,48,48,48,0,0,0,2.0,0.923,0.995,4.4,0.702,1.0
OPS-102458,2026-04-21,South East,Facilities Response,2252,45,2297,23,2274,0,0,8.0,0.6,0.997,2.5,0.719,0.01
OPS-102459,2026-04-21,South East,Estates Support,0,46,46,46,0,0,0,1.7,0.995,0.992,4.6,0.685,1.0
OPS-102460,2026-04-21,South East,Workplace Projects,743,41,784,22,762,0,0,8.0,0.6,0.998,2.5,0.713,0.028
OPS-102461,2026-04-21,Wales,Workplace Services,1291,45,1336,27,1309,0,0,8.0,0.6,0.957,2.5,0.703,0.02
OPS-102462,2026-04-21,Wales,Facilities Response,1356,42,1398,22,1376,0,0,8.0,0.6,0.978,2.5,0.772,0.016
OPS-102463,2026-04-21,Wales,Estates Support,894,40,934,26,908,0,0,8.0,0.6,0.955,2.5,0.727,0.028
OPS-102464,2026-04-21,Wales,Workplace Projects,0,37,37,37,0,0,0,1.4,0.956,1.0,4.6,0.762,1.0
OPS-102465,2026-04-22,Scotland,Workplace Services,349,46,395,35,360,0,0,8.0,0.6,1.0,2.5,0.786,0.089
OPS-102466,2026-04-22,Scotland,Facilities Response,0,42,42,42,0,0,0,1.8,1.0,0.975,4.6,0.732,1.0
OPS-102467,2026-04-22,Scotland,Estates Support,621,49,670,36,634,0,0,8.0,0.6,0.99,2.5,0.786,0.054
OPS-102468,2026-04-22,Scotland,Workplace Projects,0,27,27,27,0,0,0,1.5,0.955,1.0,4.3,0.761,1.0
OPS-102469,2026-04-22,North East,Workplace Services,16,37,53,43,10,0,0,2.6,0.907,0.989,4.0,0.718,0.811
OPS-102470,2026-04-22,North East,Facilities Response,1,19,20,20,0,0,0,0.5,0.964,0.986,4.3,0.707,1.0
OPS-102471,2026-04-22,North East,Estates Support,1600,42,1642,22,1620,1,0,8.0,0.6,0.953,2.5,0.713,0.013
OPS-102472,2026-04-22,North East,Workplace Projects,72,29,101,28,73,0,0,7.2,0.6,0.983,2.5,0.655,0.277
OPS-102473,2026-04-22,North West,Workplace Services,672,43,715,37,678,0,0,8.0,0.6,0.979,2.5,0.787,0.052
OPS-102474,2026-04-22,North West,Facilities Response,1698,46,1744,26,1718,0,0,8.0,0.6,0.992,2.5,0.702,0.015
OPS-102475,2026-04-22,North West,Estates Support,1781,50,1831,28,1803,0,0,8.0,0.6,0.973,2.5,0.693,0.015
OPS-102476,2026-04-22,North West,Workplace Projects,0,30,30,30,0,0,0,2.4,0.992,0.973,4.6,0.702,1.0
OPS-102477,2026-04-22,Midlands,Workplace Services,0,50,50,43,7,0,0,2.5,0.901,0.963,3.9,0.67,0.86
OPS-102478,2026-04-22,Midlands,Facilities Response,744,37,781,35,746,0,0,8.0,0.6,1.0,2.5,0.684,0.045
OPS-102479,2026-04-22,Midlands,Estates Support,567,50,617,35,582,0,0,8.0,0.6,0.96,2.5,0.768,0.057
OPS-102480,2026-04-22,Midlands,Workplace Projects,0,42,42,36,6,0,0,1.8,0.902,0.964,4.6,0.722,0.857
OPS-102481,2026-04-22,South West,Workplace Services,1336,18,1354,27,1327,0,0,8.0,0.6,0.985,2.5,0.768,0.02
OPS-102482,2026-04-22,South West,Facilities Response,0,45,45,45,0,0,0,1.6,0.979,0.985,4.5,0.641,1.0
OPS-102483,2026-04-22,South West,Estates Support,0,39,39,39,0,0,0,1.2,0.947,0.987,4.4,0.786,1.0
OPS-102484,2026-04-22,South West,Workplace Projects,0,20,20,20,0,0,0,1.7,1.0,1.0,4.5,0.792,1.0
OPS-102485,2026-04-22,South East,Workplace Services,0,34,34,34,0,0,0,2.1,0.978,0.985,4.7,0.702,1.0
OPS-102486,2026-04-22,South East,Facilities Response,2274,50,2324,23,2301,0,0,8.0,0.6,0.98,2.5,0.719,0.01
OPS-102487,2026-04-22,South East,Estates Support,0,41,41,41,0,0,0,1.6,0.957,0.978,4.6,0.685,1.0
OPS-102488,2026-04-22,South East,Workplace Projects,762,21,783,28,755,0,0,8.0,0.6,1.0,2.5,0.713,0.036
OPS-102489,2026-04-22,Wales,Workplace Services,1309,50,1359,27,1332,0,0,8.0,0.6,0.988,2.5,0.703,0.02
OPS-102490,2026-04-22,Wales,Facilities Response,1376,23,1399,24,1375,0,0,8.0,0.6,0.996,2.5,0.772,0.017
OPS-102491,2026-04-22,Wales,Estates Support,908,46,954,27,927,0,0,8.0,0.6,0.995,2.5,0.727,0.028
OPS-102492,2026-04-22,Wales,Workplace Projects,0,23,23,23,0,0,0,2.0,0.958,0.973,4.4,0.762,1.0
OPS-102493,2026-04-23,Scotland,Workplace Services,360,39,399,45,354,0,0,8.0,0.6,0.992,2.5,0.786,0.113
OPS-102494,2026-04-23,Scotland,Facilities Response,0,36,36,36,0,0,0,1.3,0.99,0.998,4.5,0.732,1.0
OPS-102495,2026-04-23,Scotland,Estates Support,634,54,688,41,647,0,0,8.0,0.6,0.983,2.5,0.786,0.06
OPS-102496,2026-04-23,Scotland,Workplace Projects,0,27,27,27,0,0,0,1.3,0.919,0.971,4.5,0.761,1.0
OPS-102497,2026-04-23,North East,Workplace Services,10,41,51,48,3,0,0,2.0,0.981,0.986,4.4,0.718,0.941
OPS-102498,2026-04-23,North East,Facilities Response,0,43,43,43,0,0,0,1.4,0.992,0.963,4.9,0.707,1.0
OPS-102499,2026-04-23,North East,Estates Support,1620,42,1662,23,1639,1,1,8.0,0.6,0.979,2.5,0.713,0.014
OPS-102500,2026-04-23,North East,Workplace Projects,73,25,98,30,68,0,0,6.9,0.6,0.999,2.5,0.655,0.306
OPS-102501,2026-04-23,North West,Workplace Services,678,46,724,36,688,0,0,8.0,0.6,0.994,2.5,0.787,0.05
OPS-102502,2026-04-23,North West,Facilities Response,1718,36,1754,21,1733,1,0,8.0,0.6,0.954,2.5,0.702,0.012
OPS-102503,2026-04-23,North West,Estates Support,1803,34,1837,22,1815,0,0,8.0,0.6,0.987,2.5,0.693,0.012
OPS-102504,2026-04-23,North West,Workplace Projects,0,30,30,30,0,0,0,0.9,0.969,0.968,4.8,0.702,1.0
OPS-102505,2026-04-23,Midlands,Workplace Services,7,38,45,43,2,0,0,1.4,0.952,1.0,4.5,0.67,0.956
OPS-102506,2026-04-23,Midlands,Facilities Response,746,56,802,33,769,0,0,8.0,0.6,0.938,2.5,0.684,0.041
OPS-102507,2026-04-23,Midlands,Estates Support,582,39,621,33,588,1,1,8.0,0.6,0.946,2.5,0.768,0.053
OPS-102508,2026-04-23,Midlands,Workplace Projects,6,39,45,35,10,0,0,2.3,0.872,0.979,4.2,0.722,0.778
OPS-102509,2026-04-23,South West,Workplace Services,1327,39,1366,26,1340,0,0,8.0,0.6,0.99,2.5,0.768,0.019
OPS-102510,2026-04-23,South West,Facilities Response,0,33,33,33,0,0,0,1.2,0.961,0.993,4.6,0.641,1.0
OPS-102511,2026-04-23,South West,Estates Support,0,41,41,41,0,0,0,1.8,0.965,0.984,4.4,0.786,1.0
OPS-102512,2026-04-23,South West,Workplace Projects,0,30,30,30,0,0,0,1.4,0.988,0.976,4.7,0.792,1.0
OPS-102513,2026-04-23,South East,Workplace Services,0,43,43,43,0,0,0,1.7,0.933,0.986,4.7,0.702,1.0
OPS-102514,2026-04-23,South East,Facilities Response,2301,51,2352,23,2329,0,0,8.0,0.6,0.965,2.5,0.719,0.01
OPS-102515,2026-04-23,South East,Estates Support,0,36,36,36,0,0,0,2.1,0.973,0.983,4.5,0.685,1.0
OPS-102516,2026-04-23,South East,Workplace Projects,755,32,787,25,762,0,0,8.0,0.6,0.979,2.5,0.713,0.032
OPS-102517,2026-04-23,Wales,Workplace Services,1332,33,1365,28,1337,0,0,8.0,0.6,0.967,2.5,0.703,0.021
OPS-102518,2026-04-23,Wales,Facilities Response,1375,42,1417,22,1395,0,0,8.0,0.6,0.985,2.5,0.772,0.016
OPS-102519,2026-04-23,Wales,Estates Support,927,25,952,27,925,0,0,8.0,0.6,0.973,2.5,0.727,0.028
OPS-102520,2026-04-23,Wales,Workplace Projects,0,34,34,34,0,0,0,0.9,1.0,0.989,4.6,0.762,1.0
OPS-102521,2026-04-24,Scotland,Workplace Services,354,41,395,39,356,0,0,8.0,0.6,0.991,2.5,0.786,0.099
OPS-102522,2026-04-24,Scotland,Facilities Response,0,42,42,42,0,0,0,1.1,0.962,0.981,4.3,0.732,1.0
OPS-102523,2026-04-24,Scotland,Estates Support,647,43,690,34,656,0,0,8.0,0.6,0.977,2.5,0.786,0.049
OPS-102524,2026-04-24,Scotland,Workplace Projects,0,31,31,31,0,0,0,1.6,0.926,0.952,4.4,0.761,1.0
OPS-102525,2026-04-24,North East,Workplace Services,3,31,34,34,0,0,0,2.1,0.982,0.972,4.7,0.718,1.0
OPS-102526,2026-04-24,North East,Facilities Response,0,41,41,41,0,0,0,1.7,0.965,0.985,4.7,0.707,1.0
OPS-102527,2026-04-24,North East,Estates Support,1639,43,1682,24,1658,0,0,8.0,0.6,1.0,2.5,0.713,0.014
OPS-102528,2026-04-24,North East,Workplace Projects,68,35,103,28,75,0,0,7.7,0.6,1.0,2.5,0.655,0.272
OPS-102529,2026-04-24,North West,Workplace Services,688,38,726,39,687,0,0,8.0,0.6,0.994,2.5,0.787,0.054
OPS-102530,2026-04-24,North West,Facilities Response,1733,41,1774,21,1753,0,0,8.0,0.6,0.968,2.5,0.702,0.012
OPS-102531,2026-04-24,North West,Estates Support,1815,36,1851,26,1825,0,0,8.0,0.6,1.0,2.5,0.693,0.014
OPS-102532,2026-04-24,North West,Workplace Projects,0,40,40,40,0,0,0,1.2,1.0,0.998,4.5,0.702,1.0
OPS-102533,2026-04-24,Midlands,Workplace Services,2,33,35,35,0,0,0,0.8,0.932,1.0,4.4,0.67,1.0
OPS-102534,2026-04-24,Midlands,Facilities Response,769,33,802,31,771,0,0,8.0,0.6,0.986,2.5,0.684,0.039
OPS-102535,2026-04-24,Midlands,Estates Support,588,46,634,38,596,0,0,8.0,0.6,0.968,2.5,0.768,0.06
OPS-102536,2026-04-24,Midlands,Workplace Projects,10,35,45,36,9,1,0,2.6,0.923,0.988,4.1,0.722,0.8
OPS-102537,2026-04-24,South West,Workplace Services,1340,34,1374,26,1348,0,0,8.0,0.6,0.96,2.5,0.768,0.019
OPS-102538,2026-04-24,South West,Facilities Response,0,28,28,28,0,0,0,1.5,1.0,0.988,4.7,0.641,1.0
OPS-102539,2026-04-24,South West,Estates Support,0,33,33,33,0,1,0,1.9,0.966,0.959,4.4,0.786,1.0
OPS-102540,2026-04-24,South West,Workplace Projects,0,28,28,28,0,0,0,1.7,1.0,1.0,4.6,0.792,1.0
OPS-102541,2026-04-24,South East,Workplace Services,0,52,52,47,5,0,0,1.6,0.929,0.952,4.4,0.702,0.904
OPS-102542,2026-04-24,South East,Facilities Response,2329,39,2368,21,2347,0,0,8.0,0.6,0.944,2.5,0.719,0.009
OPS-102543,2026-04-24,South East,Estates Support,0,44,44,44,0,0,0,1.2,0.953,0.965,4.6,0.685,1.0
OPS-102544,2026-04-24,South East,Workplace Projects,762,21,783,25,758,0,0,8.0,0.6,0.983,2.5,0.713,0.032
OPS-102545,2026-04-24,Wales,Workplace Services,1337,43,1380,29,1351,0,0,8.0,0.6,0.985,2.5,0.703,0.021
OPS-102546,2026-04-24,Wales,Facilities Response,1395,34,1429,21,1408,0,0,8.0,0.6,0.986,2.5,0.772,0.015
OPS-102547,2026-04-24,Wales,Estates Support,925,35,960,28,932,0,0,8.0,0.6,0.96,2.5,0.727,0.029
OPS-102548,2026-04-24,Wales,Workplace Projects,0,18,18,18,0,2,0,1.5,0.91,0.967,4.6,0.762,1.0
OPS-102549,2026-04-25,Scotland,Workplace Services,356,62,418,39,379,0,0,8.0,0.6,0.99,2.5,0.786,0.093
OPS-102550,2026-04-25,Scotland,Facilities Response,0,34,34,34,0,0,0,1.3,0.971,0.961,4.9,0.732,1.0
OPS-102551,2026-04-25,Scotland,Estates Support,656,54,710,32,678,0,0,8.0,0.6,0.975,2.5,0.786,0.045
OPS-102552,2026-04-25,Scotland,Workplace Projects,0,24,24,24,0,0,0,1.2,0.948,0.979,4.5,0.761,1.0
OPS-102553,2026-04-25,North East,Workplace Services,0,43,43,43,0,0,0,1.6,0.976,0.987,4.8,0.718,1.0
OPS-102554,2026-04-25,North East,Facilities Response,0,48,48,48,0,0,0,1.9,0.974,0.982,4.6,0.707,1.0
OPS-102555,2026-04-25,North East,Estates Support,1658,44,1702,23,1679,0,0,8.0,0.6,0.99,2.5,0.713,0.014
OPS-102556,2026-04-25,North East,Workplace Projects,75,32,107,24,83,0,0,8.0,0.6,0.977,2.5,0.655,0.224
OPS-102557,2026-04-25,North West,Workplace Services,687,49,736,35,701,0,0,8.0,0.6,0.99,2.5,0.787,0.048
OPS-102558,2026-04-25,North West,Facilities Response,1753,42,1795,27,1768,0,0,8.0,0.6,0.985,2.5,0.702,0.015
OPS-102559,2026-04-25,North West,Estates Support,1825,34,1859,28,1831,0,0,8.0,0.6,1.0,2.5,0.693,0.015
OPS-102560,2026-04-25,North West,Workplace Projects,0,42,42,42,0,0,0,1.2,0.928,0.977,4.6,0.702,1.0
OPS-102561,2026-04-25,Midlands,Workplace Services,0,35,35,35,0,0,0,1.4,0.945,0.97,4.5,0.67,1.0
OPS-102562,2026-04-25,Midlands,Facilities Response,771,40,811,34,777,0,0,8.0,0.6,0.957,2.5,0.684,0.042
OPS-102563,2026-04-25,Midlands,Estates Support,596,48,644,36,608,0,0,8.0,0.6,0.991,2.5,0.768,0.056
OPS-102564,2026-04-25,Midlands,Workplace Projects,9,35,44,44,0,0,0,1.5,0.945,0.975,4.3,0.722,1.0
OPS-102565,2026-04-25,South West,Workplace Services,1348,49,1397,31,1366,0,0,8.0,0.6,0.97,2.5,0.768,0.022
OPS-102566,2026-04-25,South West,Facilities Response,0,26,26,26,0,0,0,1.5,0.963,0.983,4.7,0.641,1.0
OPS-102567,2026-04-25,South West,Estates Support,0,41,41,41,0,0,0,1.5,0.954,0.997,4.7,0.786,1.0
OPS-102568,2026-04-25,South West,Workplace Projects,0,18,18,18,0,0,0,1.1,0.922,1.0,4.5,0.792,1.0
OPS-102569,2026-04-25,South East,Workplace Services,5,76,81,51,30,0,0,3.5,0.814,0.97,3.8,0.702,0.63
OPS-102570,2026-04-25,South East,Facilities Response,2347,60,2407,25,2382,0,0,8.0,0.6,0.983,2.5,0.719,0.01
OPS-102571,2026-04-25,South East,Estates Support,0,36,36,36,0,0,0,1.8,0.939,0.98,4.8,0.685,1.0
OPS-102572,2026-04-25,South East,Workplace Projects,758,34,792,27,765,0,0,8.0,0.6,0.982,2.5,0.713,0.034
OPS-102573,2026-04-25,Wales,Workplace Services,1351,43,1394,31,1363,0,0,8.0,0.6,0.994,2.5,0.703,0.022
OPS-102574,2026-04-25,Wales,Facilities Response,1408,37,1445,29,1416,0,0,8.0,0.6,0.959,2.5,0.772,0.02
OPS-102575,2026-04-25,Wales,Estates Support,932,41,973,31,942,0,0,8.0,0.6,1.0,2.5,0.727,0.032
OPS-102576,2026-04-25,Wales,Workplace Projects,0,32,32,32,0,0,0,1.4,0.928,0.978,4.4,0.762,1.0
OPS-102577,2026-04-26,Scotland,Workplace Services,379,38,417,44,373,0,0,8.0,0.6,0.994,2.5,0.786,0.106
OPS-102578,2026-04-26,Scotland,Facilities Response,0,42,42,42,0,1,0,1.6,0.922,0.978,4.8,0.732,1.0
OPS-102579,2026-04-26,Scotland,Estates Support,678,55,733,32,701,0,0,8.0,0.6,0.964,2.5,0.786,0.044
OPS-102580,2026-04-26,Scotland,Workplace Projects,0,22,22,22,0,0,0,2.4,0.959,1.0,4.5,0.761,1.0
OPS-102581,2026-04-26,North East,Workplace Services,0,54,54,44,10,0,0,2.1,0.906,0.956,4.2,0.718,0.815
OPS-102582,2026-04-26,North East,Facilities Response,0,39,39,39,0,0,0,1.9,0.906,0.964,4.6,0.707,1.0
OPS-102583,2026-04-26,North East,Estates Support,1679,43,1722,23,1699,1,0,8.0,0.6,0.974,2.5,0.713,0.013
OPS-102584,2026-04-26,North East,Workplace Projects,83,27,110,28,82,0,0,8.0,0.6,1.0,2.5,0.655,0.255
OPS-102585,2026-04-26,North West,Workplace Services,701,43,744,31,713,1,0,8.0,0.6,0.952,2.5,0.787,0.042
OPS-102586,2026-04-26,North West,Facilities Response,1768,52,1820,25,1795,0,0,8.0,0.6,0.982,2.5,0.702,0.014
OPS-102587,2026-04-26,North West,Estates Support,1831,38,1869,24,1845,0,0,8.0,0.6,1.0,2.5,0.693,0.013
OPS-102588,2026-04-26,North West,Workplace Projects,0,25,25,25,0,0,0,1.5,0.97,1.0,4.5,0.702,1.0
OPS-102589,2026-04-26,Midlands,Workplace Services,0,24,24,24,0,0,0,1.8,0.975,0.941,4.5,0.67,1.0
OPS-102590,2026-04-26,Midlands,Facilities Response,777,38,815,40,775,0,0,8.0,0.6,1.0,2.5,0.684,0.049
OPS-102591,2026-04-26,Midlands,Estates Support,608,58,666,36,630,0,0,8.0,0.6,0.97,2.5,0.768,0.054
OPS-102592,2026-04-26,Midlands,Workplace Projects,0,37,37,37,0,0,0,1.4,0.964,0.976,4.6,0.722,1.0
OPS-102593,2026-04-26,South West,Workplace Services,1366,58,1424,26,1398,0,0,8.0,0.6,0.99,2.5,0.768,0.018
OPS-102594,2026-04-26,South West,Facilities Response,0,48,48,48,0,0,0,1.4,1.0,0.976,4.8,0.641,1.0
OPS-102595,2026-04-26,South West,Estates Support,0,42,42,42,0,0,0,1.2,0.959,0.98,4.4,0.786,1.0
OPS-102596,2026-04-26,South West,Workplace Projects,0,24,24,24,0,0,0,1.5,0.953,0.967,4.6,0.792,1.0
OPS-102597,2026-04-26,South East,Workplace Services,30,50,80,44,36,0,0,4.2,0.772,0.991,3.2,0.702,0.55
OPS-102598,2026-04-26,South East,Facilities Response,2382,36,2418,19,2399,0,0,8.0,0.6,1.0,2.5,0.719,0.008
OPS-102599,2026-04-26,South East,Estates Support,0,28,28,28,0,0,0,1.2,0.926,0.963,4.5,0.685,1.0
OPS-102600,2026-04-26,South East,Workplace Projects,765,25,790,27,763,0,0,8.0,0.6,1.0,2.5,0.713,0.034
OPS-102601,2026-04-26,Wales,Workplace Services,1363,44,1407,26,1381,0,0,8.0,0.6,0.945,2.5,0.703,0.018
OPS-102602,2026-04-26,Wales,Facilities Response,1416,38,1454,22,1432,0,0,8.0,0.6,1.0,2.5,0.772,0.015
OPS-102603,2026-04-26,Wales,Estates Support,942,41,983,25,958,0,0,8.0,0.6,0.963,2.5,0.727,0.025
OPS-102604,2026-04-26,Wales,Workplace Projects,0,29,29,29,0,0,0,1.3,0.957,0.955,4.3,0.762,1.0
OPS-102605,2026-04-27,Scotland,Workplace Services,373,39,412,40,372,1,0,8.0,0.6,0.982,2.5,0.786,0.097
OPS-102606,2026-04-27,Scotland,Facilities Response,0,21,21,21,0,0,0,1.0,0.977,0.984,4.7,0.732,1.0
OPS-102607,2026-04-27,Scotland,Estates Support,701,42,743,34,709,0,0,8.0,0.6,0.991,2.5,0.786,0.046
OPS-102608,2026-04-27,Scotland,Workplace Projects,0,25,25,25,0,0,0,1.3,0.963,0.992,4.7,0.761,1.0
OPS-102609,2026-04-27,North East,Workplace Services,10,44,54,40,14,0,0,3.0,0.85,0.973,4.2,0.718,0.741
OPS-102610,2026-04-27,North East,Facilities Response,0,52,52,50,2,0,0,1.8,0.954,0.99,4.3,0.707,0.962
OPS-102611,2026-04-27,North East,Estates Support,1699,60,1759,21,1738,0,0,8.0,0.6,0.979,2.5,0.713,0.012
OPS-102612,2026-04-27,North East,Workplace Projects,82,29,111,26,85,0,0,8.0,0.6,0.971,2.5,0.655,0.234
OPS-102613,2026-04-27,North West,Workplace Services,713,56,769,30,739,0,0,8.0,0.6,1.0,2.5,0.787,0.039
OPS-102614,2026-04-27,North West,Facilities Response,1795,43,1838,27,1811,0,0,8.0,0.6,0.993,2.5,0.702,0.015
OPS-102615,2026-04-27,North West,Estates Support,1845,44,1889,25,1864,0,0,8.0,0.6,0.962,2.5,0.693,0.013
OPS-102616,2026-04-27,North West,Workplace Projects,0,22,22,22,0,0,0,1.3,0.998,1.0,4.4,0.702,1.0
OPS-102617,2026-04-27,Midlands,Workplace Services,0,35,35,35,0,0,0,1.6,0.965,0.978,4.8,0.67,1.0
OPS-102618,2026-04-27,Midlands,Facilities Response,775,44,819,33,786,0,0,8.0,0.6,0.996,2.5,0.684,0.04
OPS-102619,2026-04-27,Midlands,Estates Support,630,55,685,31,654,0,0,8.0,0.6,0.998,2.5,0.768,0.045
OPS-102620,2026-04-27,Midlands,Workplace Projects,0,28,28,28,0,0,0,1.6,0.948,0.998,4.6,0.722,1.0
OPS-102621,2026-04-27,South West,Workplace Services,1398,28,1426,31,1395,0,0,8.0,0.6,0.987,2.5,0.768,0.022
OPS-102622,2026-04-27,South West,Facilities Response,0,44,44,44,0,1,0,2.2,0.964,0.987,4.4,0.641,1.0
OPS-102623,2026-04-27,South West,Estates Support,0,49,49,49,0,0,0,1.8,1.0,1.0,4.8,0.786,1.0
OPS-102624,2026-04-27,South West,Workplace Projects,0,30,30,30,0,0,0,1.1,1.0,0.956,4.9,0.792,1.0
OPS-102625,2026-04-27,South East,Workplace Services,36,37,73,47,26,0,0,3.4,0.787,0.987,3.3,0.702,0.644
OPS-102626,2026-04-27,South East,Facilities Response,2399,55,2454,19,2435,0,0,8.0,0.6,0.985,2.5,0.719,0.008
OPS-102627,2026-04-27,South East,Estates Support,0,55,55,54,1,0,0,1.5,0.972,0.977,4.3,0.685,0.982
OPS-102628,2026-04-27,South East,Workplace Projects,763,31,794,27,767,1,0,8.0,0.6,0.986,2.5,0.713,0.034
OPS-102629,2026-04-27,Wales,Workplace Services,1381,49,1430,28,1402,0,0,8.0,0.6,1.0,2.5,0.703,0.02
OPS-102630,2026-04-27,Wales,Facilities Response,1432,39,1471,23,1448,0,0,8.0,0.6,0.984,2.5,0.772,0.016
OPS-102631,2026-04-27,Wales,Estates Support,958,34,992,25,967,0,0,8.0,0.6,0.987,2.5,0.727,0.025
OPS-102632,2026-04-27,Wales,Workplace Projects,0,31,31,31,0,0,0,0.8,0.97,0.948,4.6,0.762,1.0
OPS-102633,2026-04-28,Scotland,Workplace Services,372,40,412,35,377,0,0,8.0,0.6,0.995,2.5,0.786,0.085
OPS-102634,2026-04-28,Scotland,Facilities Response,0,47,47,47,0,0,0,2.1,0.956,1.0,4.5,0.732,1.0
OPS-102635,2026-04-28,Scotland,Estates Support,709,31,740,36,704,0,0,8.0,0.6,0.998,2.5,0.786,0.049
OPS-102636,2026-04-28,Scotland,Workplace Projects,0,31,31,31,0,0,0,1.0,0.965,0.981,4.3,0.761,1.0
OPS-102637,2026-04-28,North East,Workplace Services,14,42,56,38,18,0,0,4.0,0.848,1.0,4.0,0.718,0.679
OPS-102638,2026-04-28,North East,Facilities Response,2,36,38,38,0,0,0,1.4,1.0,0.995,4.7,0.707,1.0
OPS-102639,2026-04-28,North East,Estates Support,1738,32,1770,20,1750,0,0,8.0,0.6,0.964,2.5,0.713,0.011
OPS-102640,2026-04-28,North East,Workplace Projects,85,30,115,30,85,1,0,8.0,0.6,0.982,2.5,0.655,0.261
OPS-102641,2026-04-28,North West,Workplace Services,739,52,791,32,759,0,0,8.0,0.6,0.962,2.5,0.787,0.04
OPS-102642,2026-04-28,North West,Facilities Response,1811,41,1852,25,1827,0,0,8.0,0.6,0.99,2.5,0.702,0.013
OPS-102643,2026-04-28,North West,Estates Support,1864,50,1914,21,1893,0,0,8.0,0.6,0.982,2.5,0.693,0.011
OPS-102644,2026-04-28,North West,Workplace Projects,0,24,24,24,0,1,0,1.4,0.91,0.964,4.4,0.702,1.0
OPS-102645,2026-04-28,Midlands,Workplace Services,0,53,53,49,4,1,0,1.9,0.914,0.992,4.5,0.67,0.925
OPS-102646,2026-04-28,Midlands,Facilities Response,786,46,832,35,797,0,0,8.0,0.6,0.983,2.5,0.684,0.042
OPS-102647,2026-04-28,Midlands,Estates Support,654,50,704,37,667,0,0,8.0,0.6,0.967,2.5,0.768,0.053
OPS-102648,2026-04-28,Midlands,Workplace Projects,0,34,34,34,0,1,0,1.7,0.964,0.938,4.7,0.722,1.0
OPS-102649,2026-04-28,South West,Workplace Services,1395,41,1436,29,1407,0,0,8.0,0.6,0.977,2.5,0.768,0.02
OPS-102650,2026-04-28,South West,Facilities Response,0,46,46,46,0,1,0,1.9,0.913,0.953,4.3,0.641,1.0
OPS-102651,2026-04-28,South West,Estates Support,0,64,64,64,0,0,0,1.6,0.966,1.0,4.3,0.786,1.0
OPS-102652,2026-04-28,South West,Workplace Projects,0,19,19,19,0,1,0,1.7,0.998,0.962,4.3,0.792,1.0
OPS-102653,2026-04-28,South East,Workplace Services,26,32,58,50,8,0,0,1.9,0.941,0.984,4.3,0.702,0.862
OPS-102654,2026-04-28,South East,Facilities Response,2435,29,2464,22,2442,0,0,8.0,0.6,0.995,2.5,0.719,0.009
OPS-102655,2026-04-28,South East,Estates Support,1,57,58,47,11,0,0,2.1,0.947,0.995,4.1,0.685,0.81
OPS-102656,2026-04-28,South East,Workplace Projects,767,40,807,27,780,0,0,8.0,0.6,0.977,2.5,0.713,0.033
OPS-102657,2026-04-28,Wales,Workplace Services,1402,37,1439,28,1411,0,0,8.0,0.6,1.0,2.5,0.703,0.019
OPS-102658,2026-04-28,Wales,Facilities Response,1448,49,1497,23,1474,0,0,8.0,0.6,1.0,2.5,0.772,0.015
OPS-102659,2026-04-28,Wales,Estates Support,967,29,996,27,969,0,0,8.0,0.6,1.0,2.5,0.727,0.027
OPS-102660,2026-04-28,Wales,Workplace Projects,0,20,20,20,0,0,0,1.9,0.976,0.974,4.2,0.762,1.0
OPS-102661,2026-04-29,Scotland,Workplace Services,377,34,411,44,367,0,0,8.0,0.6,0.975,2.5,0.786,0.107
OPS-102662,2026-04-29,Scotland,Facilities Response,0,43,43,43,0,0,0,1.0,0.981,1.0,4.9,0.732,1.0
OPS-102663,2026-04-29,Scotland,Estates Support,704,35,739,36,703,0,0,8.0,0.6,0.988,2.5,0.786,0.049
OPS-102664,2026-04-29,Scotland,Workplace Projects,0,19,19,19,0,0,0,1.7,1.0,0.959,4.3,0.761,1.0
OPS-102665,2026-04-29,North East,Workplace Services,18,44,62,45,17,0,0,2.9,0.859,0.979,3.8,0.718,0.726
OPS-102666,2026-04-29,North East,Facilities Response,0,49,49,49,0,0,0,1.2,0.953,0.975,4.6,0.707,1.0
OPS-102667,2026-04-29,North East,Estates Support,1750,55,1805,25,1780,0,0,8.0,0.6,0.99,2.5,0.713,0.014
OPS-102668,2026-04-29,North East,Workplace Projects,85,34,119,30,89,0,0,8.0,0.6,0.975,2.5,0.655,0.252
OPS-102669,2026-04-29,North West,Workplace Services,759,34,793,36,757,0,0,8.0,0.6,0.986,2.5,0.787,0.045
OPS-102670,2026-04-29,North West,Facilities Response,1827,41,1868,25,1843,0,0,8.0,0.6,0.99,2.5,0.702,0.013
OPS-102671,2026-04-29,North West,Estates Support,1893,25,1918,21,1897,0,0,8.0,0.6,1.0,2.5,0.693,0.011
OPS-102672,2026-04-29,North West,Workplace Projects,0,35,35,35,0,0,0,1.8,1.0,0.954,4.5,0.702,1.0
OPS-102673,2026-04-29,Midlands,Workplace Services,4,48,52,49,3,0,0,2.3,0.924,1.0,4.7,0.67,0.942
OPS-102674,2026-04-29,Midlands,Facilities Response,797,38,835,33,802,0,0,8.0,0.6,0.982,2.5,0.684,0.04
OPS-102675,2026-04-29,Midlands,Estates Support,667,42,709,35,674,0,0,8.0,0.6,1.0,2.5,0.768,0.049
OPS-102676,2026-04-29,Midlands,Workplace Projects,0,29,29,29,0,0,0,1.5,0.972,1.0,4.4,0.722,1.0
OPS-102677,2026-04-29,South West,Workplace Services,1407,49,1456,30,1426,0,0,8.0,0.6,0.993,2.5,0.768,0.021
OPS-102678,2026-04-29,South West,Facilities Response,0,33,33,33,0,0,0,1.6,0.958,1.0,4.4,0.641,1.0
OPS-102679,2026-04-29,South West,Estates Support,0,44,44,44,0,0,0,1.0,0.93,0.996,4.6,0.786,1.0
OPS-102680,2026-04-29,South West,Workplace Projects,0,29,29,29,0,0,0,0.6,0.983,1.0,4.6,0.792,1.0
OPS-102681,2026-04-29,South East,Workplace Services,8,30,38,38,0,0,0,1.9,0.939,0.945,4.6,0.702,1.0
OPS-102682,2026-04-29,South East,Facilities Response,2442,62,2504,22,2482,0,0,8.0,0.6,0.976,2.5,0.719,0.009
OPS-102683,2026-04-29,South East,Estates Support,11,58,69,61,8,0,0,1.9,0.908,0.962,4.6,0.685,0.884
OPS-102684,2026-04-29,South East,Workplace Projects,780,43,823,28,795,0,0,8.0,0.6,0.977,2.5,0.713,0.034
OPS-102685,2026-04-29,Wales,Workplace Services,1411,64,1475,27,1448,0,0,8.0,0.6,0.986,2.5,0.703,0.018
OPS-102686,2026-04-29,Wales,Facilities Response,1474,28,1502,28,1474,0,0,8.0,0.6,0.98,2.5,0.772,0.019
OPS-102687,2026-04-29,Wales,Estates Support,969,32,1001,29,972,0,0,8.0,0.6,0.987,2.5,0.727,0.029
OPS-102688,2026-04-29,Wales,Workplace Projects,0,31,31,31,0,0,0,1.3,0.938,0.967,4.5,0.762,1.0
OPS-102689,2026-04-30,Scotland,Workplace Services,367,34,401,42,359,0,0,8.0,0.6,0.992,2.5,0.786,0.105
OPS-102690,2026-04-30,Scotland,Facilities Response,0,57,57,48,9,0,0,3.0,0.927,0.944,4.4,0.732,0.842
OPS-102691,2026-04-30,Scotland,Estates Support,703,48,751,37,714,0,0,8.0,0.6,0.999,2.5,0.786,0.049
OPS-102692,2026-04-30,Scotland,Workplace Projects,0,16,16,16,0,0,0,1.4,0.936,0.989,4.3,0.761,1.0
OPS-102693,2026-04-30,North East,Workplace Services,17,32,49,46,3,0,0,1.6,0.958,0.954,4.2,0.718,0.939
OPS-102694,2026-04-30,North East,Facilities Response,0,47,47,44,3,0,0,1.2,0.921,0.988,4.3,0.707,0.936
OPS-102695,2026-04-30,North East,Estates Support,1780,49,1829,19,1810,0,0,8.0,0.6,0.996,2.5,0.713,0.01
OPS-102696,2026-04-30,North East,Workplace Projects,89,28,117,30,87,0,0,8.0,0.6,1.0,2.5,0.655,0.256
OPS-102697,2026-04-30,North West,Workplace Services,757,48,805,36,769,0,0,8.0,0.6,0.974,2.5,0.787,0.045
OPS-102698,2026-04-30,North West,Facilities Response,1843,42,1885,21,1864,0,0,8.0,0.6,0.992,2.5,0.702,0.011
OPS-102699,2026-04-30,North West,Estates Support,1897,40,1937,22,1915,1,0,8.0,0.6,0.989,2.5,0.693,0.011
OPS-102700,2026-04-30,North West,Workplace Projects,0,32,32,32,0,0,0,1.7,0.978,0.96,4.9,0.702,1.0
OPS-102701,2026-04-30,Midlands,Workplace Services,3,42,45,41,4,0,0,1.6,0.953,0.964,4.6,0.67,0.911
OPS-102702,2026-04-30,Midlands,Facilities Response,802,37,839,39,800,0,0,8.0,0.6,0.953,2.5,0.684,0.046
OPS-102703,2026-04-30,Midlands,Estates Support,674,33,707,31,676,0,0,8.0,0.6,0.955,2.5,0.768,0.044
OPS-102704,2026-04-30,Midlands,Workplace Projects,0,23,23,23,0,0,0,1.6,0.975,0.987,4.4,0.722,1.0
OPS-102705,2026-04-30,South West,Workplace Services,1426,38,1464,27,1437,0,0,8.0,0.6,0.983,2.5,0.768,0.018
OPS-102706,2026-04-30,South West,Facilities Response,0,54,54,51,3,0,0,2.6,0.991,0.996,4.6,0.641,0.944
OPS-102707,2026-04-30,South West,Estates Support,0,36,36,36,0,0,0,1.7,0.973,1.0,4.5,0.786,1.0
OPS-102708,2026-04-30,South West,Workplace Projects,0,24,24,24,0,0,0,1.6,0.995,1.0,4.1,0.792,1.0
OPS-102709,2026-04-30,South East,Workplace Services,0,34,34,34,0,0,0,1.0,0.961,1.0,4.7,0.702,1.0
OPS-102710,2026-04-30,South East,Facilities Response,2482,43,2525,20,2505,0,0,8.0,0.6,0.987,2.5,0.719,0.008
OPS-102711,2026-04-30,South East,Estates Support,8,37,45,45,0,0,0,1.2,1.0,1.0,4.8,0.685,1.0
OPS-102712,2026-04-30,South East,Workplace Projects,795,30,825,23,802,0,0,8.0,0.6,0.943,2.5,0.713,0.028
OPS-102713,2026-04-30,Wales,Workplace Services,1448,38,1486,29,1457,1,0,8.0,0.6,0.987,2.5,0.703,0.02
OPS-102714,2026-04-30,Wales,Facilities Response,1474,50,1524,24,1500,0,0,8.0,0.6,0.971,2.5,0.772,0.016
OPS-102715,2026-04-30,Wales,Estates Support,972,37,1009,29,980,1,0,8.0,0.6,0.976,2.5,0.727,0.029
OPS-102716,2026-04-30,Wales,Workplace Projects,0,33,33,33,0,0,0,1.5,1.0,0.985,4.8,0.762,1.0
OPS-102717,2026-05-01,Scotland,Workplace Services,359,37,396,36,360,0,0,8.0,0.6,0.972,2.5,0.724,0.091
OPS-102718,2026-05-01,Scotland,Facilities Response,9,41,50,50,0,0,0,1.6,1.0,0.994,4.7,0.8,1.0
OPS-102719,2026-05-01,Scotland,Estates Support,714,48,762,40,722,0,0,8.0,0.6,0.972,2.5,0.777,0.052
OPS-102720,2026-05-01,Scotland,Workplace Projects,0,22,22,22,0,0,0,1.5,0.941,1.0,4.4,0.765,1.0
OPS-102721,2026-05-01,North East,Workplace Services,3,45,48,43,5,0,0,1.2,0.95,0.976,4.8,0.705,0.896
OPS-102722,2026-05-01,North East,Facilities Response,3,43,46,46,0,0,0,1.8,0.934,0.986,4.5,0.707,1.0
OPS-102723,2026-05-01,North East,Estates Support,1810,66,1876,22,1854,0,0,8.0,0.6,0.998,2.5,0.717,0.012
OPS-102724,2026-05-01,North East,Workplace Projects,87,33,120,27,93,0,0,8.0,0.6,1.0,2.5,0.729,0.225
OPS-102725,2026-05-01,North West,Workplace Services,769,41,810,33,777,0,0,8.0,0.6,0.99,2.5,0.77,0.041
OPS-102726,2026-05-01,North West,Facilities Response,1864,37,1901,26,1875,0,0,8.0,0.6,0.963,2.5,0.72,0.014
OPS-102727,2026-05-01,North West,Estates Support,1915,49,1964,22,1942,0,0,8.0,0.6,0.995,2.5,0.735,0.011
OPS-102728,2026-05-01,North West,Workplace Projects,0,25,25,25,0,0,0,1.5,0.982,1.0,4.4,0.729,1.0
OPS-102729,2026-05-01,Midlands,Workplace Services,4,45,49,48,1,0,0,2.2,0.939,0.964,4.8,0.627,0.98
OPS-102730,2026-05-01,Midlands,Facilities Response,800,48,848,35,813,0,0,8.0,0.6,0.986,2.5,0.669,0.041
OPS-102731,2026-05-01,Midlands,Estates Support,676,42,718,34,684,0,0,8.0,0.6,0.985,2.5,0.773,0.047
OPS-102732,2026-05-01,Midlands,Workplace Projects,0,30,30,30,0,0,0,1.9,0.979,1.0,4.6,0.654,1.0
OPS-102733,2026-05-01,South West,Workplace Services,1437,39,1476,25,1451,0,0,8.0,0.6,1.0,2.5,0.734,0.017
OPS-102734,2026-05-01,South West,Facilities Response,3,27,30,30,0,0,0,1.6,0.956,0.981,4.4,0.621,1.0
OPS-102735,2026-05-01,South West,Estates Support,0,39,39,39,0,0,0,1.5,1.0,1.0,4.8,0.754,1.0
OPS-102736,2026-05-01,South West,Workplace Projects,0,27,27,27,0,0,0,2.1,1.0,1.0,4.4,0.781,1.0
OPS-102737,2026-05-01,South East,Workplace Services,0,35,35,35,0,0,0,1.8,0.996,0.993,4.9,0.743,1.0
OPS-102738,2026-05-01,South East,Facilities Response,2505,43,2548,20,2528,0,0,8.0,0.6,0.961,2.5,0.692,0.008
OPS-102739,2026-05-01,South East,Estates Support,0,48,48,48,0,1,0,2.0,0.975,0.978,4.3,0.802,1.0
OPS-102740,2026-05-01,South East,Workplace Projects,802,31,833,25,808,0,0,8.0,0.6,0.986,2.5,0.747,0.03
OPS-102741,2026-05-01,Wales,Workplace Services,1457,33,1490,24,1466,0,0,8.0,0.6,0.987,2.5,0.693,0.016
OPS-102742,2026-05-01,Wales,Facilities Response,1500,35,1535,18,1517,0,0,8.0,0.6,0.979,2.5,0.664,0.012
OPS-102743,2026-05-01,Wales,Estates Support,980,46,1026,28,998,0,0,8.0,0.6,0.993,2.5,0.778,0.027
OPS-102744,2026-05-01,Wales,Workplace Projects,0,46,46,46,0,0,0,1.4,1.0,0.984,4.6,0.713,1.0
OPS-102745,2026-05-02,Scotland,Workplace Services,360,29,389,37,352,0,0,8.0,0.6,0.991,2.5,0.724,0.095
OPS-102746,2026-05-02,Scotland,Facilities Response,0,54,54,54,0,1,0,1.9,0.959,0.956,4.4,0.8,1.0
OPS-102747,2026-05-02,Scotland,Estates Support,722,31,753,32,721,0,0,8.0,0.6,0.974,2.5,0.777,0.042
OPS-102748,2026-05-02,Scotland,Workplace Projects,0,31,31,31,0,0,0,1.2,0.978,1.0,4.4,0.765,1.0
OPS-102749,2026-05-02,North East,Workplace Services,5,43,48,47,1,0,0,1.0,0.991,0.984,4.7,0.705,0.979
OPS-102750,2026-05-02,North East,Facilities Response,0,29,29,29,0,0,0,1.5,0.966,0.995,5.0,0.707,1.0
OPS-102751,2026-05-02,North East,Estates Support,1854,37,1891,25,1866,0,0,8.0,0.6,0.981,2.5,0.717,0.013
OPS-102752,2026-05-02,North East,Workplace Projects,93,23,116,29,87,0,0,8.0,0.6,0.988,2.5,0.729,0.25
OPS-102753,2026-05-02,North West,Workplace Services,777,30,807,33,774,0,0,8.0,0.6,0.997,2.5,0.77,0.041
OPS-102754,2026-05-02,North West,Facilities Response,1875,33,1908,24,1884,1,0,8.0,0.6,0.985,2.5,0.72,0.013
OPS-102755,2026-05-02,North West,Estates Support,1942,58,2000,23,1977,0,0,8.0,0.6,1.0,2.5,0.735,0.011
OPS-102756,2026-05-02,North West,Workplace Projects,0,18,18,18,0,0,0,1.9,0.958,0.989,4.7,0.729,1.0
OPS-102757,2026-05-02,Midlands,Workplace Services,1,54,55,49,6,0,0,2.2,0.946,0.999,4.1,0.627,0.891
OPS-102758,2026-05-02,Midlands,Facilities Response,813,44,857,36,821,0,0,8.0,0.6,0.973,2.5,0.669,0.042
OPS-102759,2026-05-02,Midlands,Estates Support,684,37,721,41,680,0,0,8.0,0.6,0.994,2.5,0.773,0.057
OPS-102760,2026-05-02,Midlands,Workplace Projects,0,33,33,33,0,0,0,1.7,0.939,0.983,4.7,0.654,1.0
OPS-102761,2026-05-02,South West,Workplace Services,1451,45,1496,23,1473,0,0,8.0,0.6,1.0,2.5,0.734,0.015
OPS-102762,2026-05-02,South West,Facilities Response,0,49,49,49,0,0,0,2.1,0.925,0.983,4.5,0.621,1.0
OPS-102763,2026-05-02,South West,Estates Support,0,53,53,44,9,0,0,1.8,0.947,0.963,4.2,0.754,0.83
OPS-102764,2026-05-02,South West,Workplace Projects,0,20,20,20,0,0,0,1.1,0.923,1.0,4.9,0.781,1.0
OPS-102765,2026-05-02,South East,Workplace Services,0,51,51,50,1,0,0,1.6,0.971,0.974,4.5,0.743,0.98
OPS-102766,2026-05-02,South East,Facilities Response,2528,32,2560,19,2541,0,0,8.0,0.6,0.987,2.5,0.692,0.007
OPS-102767,2026-05-02,South East,Estates Support,0,45,45,44,1,1,1,2.3,0.865,0.956,4.1,0.802,0.978
OPS-102768,2026-05-02,South East,Workplace Projects,808,25,833,25,808,0,0,8.0,0.6,0.974,2.5,0.747,0.03
OPS-102769,2026-05-02,Wales,Workplace Services,1466,34,1500,30,1470,1,0,8.0,0.6,0.964,2.5,0.693,0.02
OPS-102770,2026-05-02,Wales,Facilities Response,1517,36,1553,24,1529,0,0,8.0,0.6,0.998,2.5,0.664,0.015
OPS-102771,2026-05-02,Wales,Estates Support,998,45,1043,25,1018,0,0,8.0,0.6,1.0,2.5,0.778,0.024
OPS-102772,2026-05-02,Wales,Workplace Projects,0,29,29,29,0,0,0,1.7,0.967,0.964,4.4,0.713,1.0
OPS-102773,2026-05-04,Scotland,Workplace Services,352,49,401,36,365,0,0,8.0,0.6,0.986,2.5,0.724,0.09
OPS-102774,2026-05-04,Scotland,Facilities Response,0,55,55,53,2,0,0,1.6,0.944,0.988,4.8,0.8,0.964
OPS-102775,2026-05-04,Scotland,Estates Support,721,50,771,36,735,1,0,8.0,0.6,0.965,2.5,0.777,0.047
OPS-102776,2026-05-04,Scotland,Workplace Projects,0,34,34,34,0,0,0,1.4,1.0,0.977,4.5,0.765,1.0
OPS-102777,2026-05-04,North East,Workplace Services,1,46,47,39,8,0,0,2.1,0.91,0.999,4.2,0.705,0.83
OPS-102778,2026-05-04,North East,Facilities Response,0,46,46,45,1,0,0,1.0,0.959,0.998,4.8,0.707,0.978
OPS-102779,2026-05-04,North East,Estates Support,1866,29,1895,28,1867,0,0,8.0,0.6,1.0,2.5,0.717,0.015
OPS-102780,2026-05-04,North East,Workplace Projects,87,29,116,24,92,0,0,8.0,0.6,0.999,2.5,0.729,0.207
OPS-102781,2026-05-04,North West,Workplace Services,774,44,818,35,783,0,0,8.0,0.6,1.0,2.5,0.77,0.043
OPS-102782,2026-05-04,North West,Facilities Response,1884,29,1913,24,1889,0,0,8.0,0.6,0.98,2.5,0.72,0.013
OPS-102783,2026-05-04,North West,Estates Support,1977,43,2020,20,2000,0,0,8.0,0.6,1.0,2.5,0.735,0.01
OPS-102784,2026-05-04,North West,Workplace Projects,0,26,26,26,0,0,0,1.7,0.972,0.968,4.6,0.729,1.0
OPS-102785,2026-05-04,Midlands,Workplace Services,6,33,39,39,0,0,0,1.3,0.953,0.99,4.2,0.627,1.0
OPS-102786,2026-05-04,Midlands,Facilities Response,821,64,885,34,851,0,0,8.0,0.6,0.985,2.5,0.669,0.038
OPS-102787,2026-05-04,Midlands,Estates Support,680,31,711,42,669,0,0,8.0,0.6,0.999,2.5,0.773,0.059
OPS-102788,2026-05-04,Midlands,Workplace Projects,0,39,39,39,0,0,0,2.1,0.945,0.964,4.4,0.654,1.0
OPS-102789,2026-05-04,South West,Workplace Services,1473,38,1511,22,1489,0,0,8.0,0.6,0.988,2.5,0.734,0.015
OPS-102790,2026-05-04,South West,Facilities Response,0,29,29,29,0,1,0,1.9,0.947,0.968,4.5,0.621,1.0
OPS-102791,2026-05-04,South West,Estates Support,9,21,30,30,0,0,0,1.2,0.999,0.971,4.4,0.754,1.0
OPS-102792,2026-05-04,South West,Workplace Projects,0,34,34,34,0,0,0,1.5,0.952,0.988,4.5,0.781,1.0
OPS-102793,2026-05-04,South East,Workplace Services,1,37,38,38,0,0,0,1.3,0.936,1.0,4.6,0.743,1.0
OPS-102794,2026-05-04,South East,Facilities Response,2541,29,2570,16,2554,1,0,8.0,0.6,0.979,2.5,0.692,0.006
OPS-102795,2026-05-04,South East,Estates Support,1,59,60,49,11,0,0,2.3,0.923,0.956,4.1,0.802,0.817
OPS-102796,2026-05-04,South East,Workplace Projects,808,38,846,23,823,0,0,8.0,0.6,0.997,2.5,0.747,0.027
OPS-102797,2026-05-04,Wales,Workplace Services,1470,46,1516,28,1488,0,0,8.0,0.6,0.962,2.5,0.693,0.018
OPS-102798,2026-05-04,Wales,Facilities Response,1529,44,1573,24,1549,0,0,8.0,0.6,0.996,2.5,0.664,0.015
OPS-102799,2026-05-04,Wales,Estates Support,1018,33,1051,26,1025,0,0,8.0,0.6,0.96,2.5,0.778,0.025
OPS-102800,2026-05-04,Wales,Workplace Projects,0,40,40,40,0,0,0,1.6,0.988,0.983,4.5,0.713,1.0
OPS-102801,2026-05-05,Scotland,Workplace Services,365,51,416,36,380,0,0,8.0,0.6,0.994,2.5,0.724,0.087
OPS-102802,2026-05-05,Scotland,Facilities Response,2,40,42,42,0,0,0,1.5,0.963,1.0,4.5,0.8,1.0
OPS-102803,2026-05-05,Scotland,Estates Support,735,52,787,40,747,0,0,8.0,0.6,0.965,2.5,0.777,0.051
OPS-102804,2026-05-05,Scotland,Workplace Projects,0,21,21,21,0,0,0,2.0,0.961,0.998,4.6,0.765,1.0
OPS-102805,2026-05-05,North East,Workplace Services,8,41,49,39,10,0,0,2.1,0.883,0.999,4.1,0.705,0.796
OPS-102806,2026-05-05,North East,Facilities Response,1,36,37,37,0,0,0,1.4,0.98,1.0,4.7,0.707,1.0
OPS-102807,2026-05-05,North East,Estates Support,1867,38,1905,22,1883,0,0,8.0,0.6,0.958,2.5,0.717,0.012
OPS-102808,2026-05-05,North East,Workplace Projects,92,37,129,29,100,0,0,8.0,0.6,1.0,2.5,0.729,0.225
OPS-102809,2026-05-05,North West,Workplace Services,783,35,818,33,785,0,0,8.0,0.6,1.0,2.5,0.77,0.04
OPS-102810,2026-05-05,North West,Facilities Response,1889,33,1922,22,1900,0,0,8.0,0.6,0.968,2.5,0.72,0.011
OPS-102811,2026-05-05,North West,Estates Support,2000,32,2032,18,2014,1,0,8.0,0.6,0.972,2.5,0.735,0.009
OPS-102812,2026-05-05,North West,Workplace Projects,0,33,33,33,0,0,0,1.7,0.976,0.977,4.5,0.729,1.0
OPS-102813,2026-05-05,Midlands,Workplace Services,0,34,34,34,0,0,0,1.1,0.984,0.987,4.6,0.627,1.0
OPS-102814,2026-05-05,Midlands,Facilities Response,851,38,889,33,856,0,0,8.0,0.6,0.972,2.5,0.669,0.037
OPS-102815,2026-05-05,Midlands,Estates Support,669,40,709,34,675,0,0,8.0,0.6,0.988,2.5,0.773,0.048
OPS-102816,2026-05-05,Midlands,Workplace Projects,0,26,26,26,0,1,0,1.4,0.922,1.0,4.5,0.654,1.0
OPS-102817,2026-05-05,South West,Workplace Services,1489,31,1520,25,1495,0,0,8.0,0.6,0.974,2.5,0.734,0.016
OPS-102818,2026-05-05,South West,Facilities Response,0,36,36,36,0,0,0,1.9,0.986,1.0,4.8,0.621,1.0
OPS-102819,2026-05-05,South West,Estates Support,0,60,60,56,4,0,0,1.6,0.89,1.0,4.2,0.754,0.933
OPS-102820,2026-05-05,South West,Workplace Projects,0,43,43,43,0,0,0,1.6,0.95,0.968,4.6,0.781,1.0
OPS-102821,2026-05-05,South East,Workplace Services,0,50,50,47,3,0,0,1.4,0.988,0.994,4.2,0.743,0.94
OPS-102822,2026-05-05,South East,Facilities Response,2554,50,2604,17,2587,0,0,8.0,0.6,0.958,2.5,0.692,0.007
OPS-102823,2026-05-05,South East,Estates Support,11,49,60,52,8,0,0,2.0,0.922,1.0,4.2,0.802,0.867
OPS-102824,2026-05-05,South East,Workplace Projects,823,34,857,22,835,1,0,8.0,0.6,0.983,2.5,0.747,0.026
OPS-102825,2026-05-05,Wales,Workplace Services,1488,61,1549,25,1524,0,0,8.0,0.6,0.996,2.5,0.693,0.016
OPS-102826,2026-05-05,Wales,Facilities Response,1549,46,1595,19,1576,0,0,8.0,0.6,1.0,2.5,0.664,0.012
OPS-102827,2026-05-05,Wales,Estates Support,1025,54,1079,32,1047,0,0,8.0,0.6,1.0,2.5,0.778,0.03
OPS-102828,2026-05-05,Wales,Workplace Projects,0,20,20,20,0,0,0,1.3,0.953,1.0,4.7,0.713,1.0
OPS-102829,2026-05-06,Scotland,Workplace Services,380,34,414,32,382,0,0,8.0,0.6,0.995,2.5,0.724,0.077
OPS-102830,2026-05-06,Scotland,Facilities Response,0,26,26,26,0,0,0,1.9,0.979,1.0,4.1,0.8,1.0
OPS-102831,2026-05-06,Scotland,Estates Support,747,46,793,34,759,0,0,8.0,0.6,1.0,2.5,0.777,0.043
OPS-102832,2026-05-06,Scotland,Workplace Projects,0,40,40,34,6,0,0,1.8,0.931,1.0,4.4,0.765,0.85
OPS-102833,2026-05-06,North East,Workplace Services,10,52,62,47,15,0,0,2.7,0.869,0.99,3.9,0.705,0.758
OPS-102834,2026-05-06,North East,Facilities Response,0,39,39,39,0,0,0,1.9,0.957,0.98,4.6,0.707,1.0
OPS-102835,2026-05-06,North East,Estates Support,1883,29,1912,25,1887,0,0,8.0,0.6,0.97,2.5,0.717,0.013
OPS-102836,2026-05-06,North East,Workplace Projects,100,21,121,29,92,0,0,8.0,0.6,0.973,2.5,0.729,0.24
OPS-102837,2026-05-06,North West,Workplace Services,785,43,828,26,802,0,0,8.0,0.6,1.0,2.5,0.77,0.031
OPS-102838,2026-05-06,North West,Facilities Response,1900,43,1943,26,1917,0,0,8.0,0.6,1.0,2.5,0.72,0.013
OPS-102839,2026-05-06,North West,Estates Support,2014,53,2067,22,2045,1,1,8.0,0.6,0.96,2.5,0.735,0.011
OPS-102840,2026-05-06,North West,Workplace Projects,0,26,26,26,0,0,0,1.6,0.956,0.983,4.7,0.729,1.0
OPS-102841,2026-05-06,Midlands,Workplace Services,0,60,60,52,8,1,0,1.9,0.888,0.956,4.2,0.627,0.867
OPS-102842,2026-05-06,Midlands,Facilities Response,856,36,892,30,862,0,0,8.0,0.6,1.0,2.5,0.669,0.034
OPS-102843,2026-05-06,Midlands,Estates Support,675,34,709,41,668,0,0,8.0,0.6,0.977,2.5,0.773,0.058
OPS-102844,2026-05-06,Midlands,Workplace Projects,0,38,38,38,0,0,0,1.5,0.939,0.964,4.3,0.654,1.0
OPS-102845,2026-05-06,South West,Workplace Services,1495,46,1541,22,1519,0,0,8.0,0.6,0.946,2.5,0.734,0.014
OPS-102846,2026-05-06,South West,Facilities Response,0,45,45,45,0,0,0,1.2,0.928,0.982,4.4,0.621,1.0
OPS-102847,2026-05-06,South West,Estates Support,4,59,63,45,18,0,0,2.9,0.866,0.996,3.9,0.754,0.714
OPS-102848,2026-05-06,South West,Workplace Projects,0,37,37,37,0,0,0,1.4,0.976,0.953,4.6,0.781,1.0
OPS-102849,2026-05-06,South East,Workplace Services,3,24,27,27,0,0,0,1.6,0.949,0.952,4.8,0.743,1.0
OPS-102850,2026-05-06,South East,Facilities Response,2587,23,2610,19,2591,1,1,8.0,0.6,0.947,2.5,0.692,0.007
OPS-102851,2026-05-06,South East,Estates Support,8,37,45,45,0,0,0,2.3,0.995,0.976,4.8,0.802,1.0
OPS-102852,2026-05-06,South East,Workplace Projects,835,28,863,21,842,2,0,8.0,0.6,0.943,2.5,0.747,0.024
OPS-102853,2026-05-06,Wales,Workplace Services,1524,37,1561,26,1535,0,0,8.0,0.6,0.977,2.5,0.693,0.017
OPS-102854,2026-05-06,Wales,Facilities Response,1576,40,1616,24,1592,0,0,8.0,0.6,0.953,2.5,0.664,0.015
OPS-102855,2026-05-06,Wales,Estates Support,1047,59,1106,28,1078,0,0,8.0,0.6,1.0,2.5,0.778,0.025
OPS-102856,2026-05-06,Wales,Workplace Projects,0,22,22,22,0,0,0,1.5,0.948,0.933,4.4,0.713,1.0
OPS-102857,2026-05-07,Scotland,Workplace Services,382,35,417,37,380,0,0,8.0,0.6,0.971,2.5,0.724,0.089
OPS-102858,2026-05-07,Scotland,Facilities Response,0,58,58,47,11,0,0,2.4,0.887,0.985,4.2,0.8,0.81
OPS-102859,2026-05-07,Scotland,Estates Support,759,50,809,36,773,0,0,8.0,0.6,0.989,2.5,0.777,0.044
OPS-102860,2026-05-07,Scotland,Workplace Projects,6,35,41,38,3,0,0,2.3,0.938,0.971,4.6,0.765,0.927
OPS-102861,2026-05-07,North East,Workplace Services,15,44,59,46,13,0,0,2.5,0.903,0.994,3.9,0.705,0.78
OPS-102862,2026-05-07,North East,Facilities Response,0,31,31,31,0,0,0,1.5,0.951,0.971,4.8,0.707,1.0
OPS-102863,2026-05-07,North East,Estates Support,1887,64,1951,21,1930,0,0,8.0,0.6,0.985,2.5,0.717,0.011
OPS-102864,2026-05-07,North East,Workplace Projects,92,33,125,26,99,0,0,8.0,0.6,0.996,2.5,0.729,0.208
OPS-102865,2026-05-07,North West,Workplace Services,802,48,850,33,817,0,0,8.0,0.6,0.971,2.5,0.77,0.039
OPS-102866,2026-05-07,North West,Facilities Response,1917,52,1969,26,1943,0,0,8.0,0.6,1.0,2.5,0.72,0.013
OPS-102867,2026-05-07,North West,Estates Support,2045,42,2087,22,2065,0,0,8.0,0.6,0.99,2.5,0.735,0.011
OPS-102868,2026-05-07,North West,Workplace Projects,0,37,37,37,0,0,0,1.8,0.917,0.956,4.8,0.729,1.0
OPS-102869,2026-05-07,Midlands,Workplace Services,8,33,41,41,0,0,0,1.0,0.966,1.0,4.3,0.627,1.0
OPS-102870,2026-05-07,Midlands,Facilities Response,862,35,897,31,866,0,0,8.0,0.6,0.994,2.5,0.669,0.035
OPS-102871,2026-05-07,Midlands,Estates Support,668,52,720,32,688,0,0,8.0,0.6,0.998,2.5,0.773,0.044
OPS-102872,2026-05-07,Midlands,Workplace Projects,0,19,19,19,0,0,0,1.7,1.0,0.985,4.6,0.654,1.0
OPS-102873,2026-05-07,South West,Workplace Services,1519,45,1564,22,1542,0,0,8.0,0.6,0.983,2.5,0.734,0.014
OPS-102874,2026-05-07,South West,Facilities Response,0,62,62,43,19,0,0,2.7,0.826,1.0,3.8,0.621,0.694
OPS-102875,2026-05-07,South West,Estates Support,18,56,74,44,30,0,0,4.1,0.761,0.994,3.5,0.754,0.595
OPS-102876,2026-05-07,South West,Workplace Projects,0,21,21,21,0,1,0,1.5,0.936,0.979,4.8,0.781,1.0
OPS-102877,2026-05-07,South East,Workplace Services,0,44,44,44,0,0,0,1.3,0.988,0.971,4.6,0.743,1.0
OPS-102878,2026-05-07,South East,Facilities Response,2591,46,2637,19,2618,0,0,8.0,0.6,0.952,2.5,0.692,0.007
OPS-102879,2026-05-07,South East,Estates Support,0,34,34,34,0,1,0,1.7,0.945,0.946,4.6,0.802,1.0
OPS-102880,2026-05-07,South East,Workplace Projects,842,47,889,28,861,0,0,8.0,0.6,0.978,2.5,0.747,0.031
OPS-102881,2026-05-07,Wales,Workplace Services,1535,53,1588,24,1564,0,0,8.0,0.6,1.0,2.5,0.693,0.015
OPS-102882,2026-05-07,Wales,Facilities Response,1592,61,1653,18,1635,0,0,8.0,0.6,0.974,2.5,0.664,0.011
OPS-102883,2026-05-07,Wales,Estates Support,1078,27,1105,28,1077,0,0,8.0,0.6,1.0,2.5,0.778,0.025
OPS-102884,2026-05-07,Wales,Workplace Projects,0,23,23,23,0,0,0,1.7,0.961,1.0,4.4,0.713,1.0
OPS-102885,2026-05-08,Scotland,Workplace Services,380,59,439,41,398,0,0,8.0,0.6,0.977,2.5,0.724,0.093
OPS-102886,2026-05-08,Scotland,Facilities Response,11,50,61,60,1,0,0,1.8,0.983,0.957,4.5,0.8,0.984
OPS-102887,2026-05-08,Scotland,Estates Support,773,40,813,34,779,1,0,8.0,0.6,0.97,2.5,0.777,0.042
OPS-102888,2026-05-08,Scotland,Workplace Projects,3,29,32,32,0,0,0,1.7,0.989,0.968,4.8,0.765,1.0
OPS-102889,2026-05-08,North East,Workplace Services,13,35,48,42,6,0,0,1.9,0.92,0.995,4.3,0.705,0.875
OPS-102890,2026-05-08,North East,Facilities Response,0,40,40,40,0,0,0,1.2,0.949,0.996,4.7,0.707,1.0
OPS-102891,2026-05-08,North East,Estates Support,1930,32,1962,22,1940,0,0,8.0,0.6,0.957,2.5,0.717,0.011
OPS-102892,2026-05-08,North East,Workplace Projects,99,26,125,24,101,0,0,8.0,0.6,0.988,2.5,0.729,0.192
OPS-102893,2026-05-08,North West,Workplace Services,817,32,849,28,821,0,0,8.0,0.6,1.0,2.5,0.77,0.033
OPS-102894,2026-05-08,North West,Facilities Response,1943,31,1974,26,1948,0,0,8.0,0.6,0.981,2.5,0.72,0.013
OPS-102895,2026-05-08,North West,Estates Support,2065,27,2092,20,2072,0,0,8.0,0.6,0.979,2.5,0.735,0.01
OPS-102896,2026-05-08,North West,Workplace Projects,0,28,28,28,0,0,0,1.9,0.967,0.98,4.7,0.729,1.0
OPS-102897,2026-05-08,Midlands,Workplace Services,0,37,37,37,0,0,0,2.0,0.963,0.979,4.6,0.627,1.0
OPS-102898,2026-05-08,Midlands,Facilities Response,866,38,904,30,874,0,0,8.0,0.6,1.0,2.5,0.669,0.033
OPS-102899,2026-05-08,Midlands,Estates Support,688,47,735,40,695,0,0,8.0,0.6,0.984,2.5,0.773,0.054
OPS-102900,2026-05-08,Midlands,Workplace Projects,0,36,36,36,0,0,0,1.3,0.99,0.999,4.5,0.654,1.0
OPS-102901,2026-05-08,South West,Workplace Services,1542,52,1594,25,1569,0,0,8.0,0.6,0.96,2.5,0.734,0.016
OPS-102902,2026-05-08,South West,Facilities Response,19,38,57,51,6,0,0,1.6,0.956,0.995,4.5,0.621,0.895
OPS-102903,2026-05-08,South West,Estates Support,30,42,72,46,26,0,0,3.6,0.849,0.978,3.6,0.754,0.639
OPS-102904,2026-05-08,South West,Workplace Projects,0,31,31,31,0,0,0,1.7,0.998,0.968,4.6,0.781,1.0
OPS-102905,2026-05-08,South East,Workplace Services,0,40,40,37,3,2,2,2.9,0.736,0.935,4.1,0.743,0.925
OPS-102906,2026-05-08,South East,Facilities Response,2618,35,2653,20,2633,0,0,8.0,0.6,0.977,2.5,0.692,0.008
OPS-102907,2026-05-08,South East,Estates Support,0,47,47,47,0,0,0,1.6,0.988,0.986,4.7,0.802,1.0
OPS-102908,2026-05-08,South East,Workplace Projects,861,35,896,24,872,0,0,8.0,0.6,0.981,2.5,0.747,0.027
OPS-102909,2026-05-08,Wales,Workplace Services,1564,37,1601,23,1578,0,0,8.0,0.6,0.961,2.5,0.693,0.014
OPS-102910,2026-05-08,Wales,Facilities Response,1635,27,1662,24,1638,0,0,8.0,0.6,1.0,2.5,0.664,0.014
OPS-102911,2026-05-08,Wales,Estates Support,1077,44,1121,28,1093,0,0,8.0,0.6,0.979,2.5,0.778,0.025
OPS-102912,2026-05-08,Wales,Workplace Projects,0,28,28,28,0,0,0,1.6,0.966,0.975,4.5,0.713,1.0
OPS-102913,2026-05-11,Scotland,Workplace Services,398,61,459,34,425,0,0,8.0,0.6,1.0,2.5,0.724,0.074
OPS-102914,2026-05-11,Scotland,Facilities Response,1,43,44,44,0,0,0,1.5,0.988,1.0,4.6,0.8,1.0
OPS-102915,2026-05-11,Scotland,Estates Support,779,33,812,37,775,1,0,8.0,0.6,1.0,2.5,0.777,0.046
OPS-102916,2026-05-11,Scotland,Workplace Projects,0,22,22,22,0,1,0,2.1,0.988,1.0,4.2,0.765,1.0
OPS-102917,2026-05-11,North East,Workplace Services,6,50,56,44,12,0,0,2.6,0.865,0.992,3.8,0.705,0.786
OPS-102918,2026-05-11,North East,Facilities Response,0,57,57,50,7,0,0,2.4,0.89,0.961,4.4,0.707,0.877
OPS-102919,2026-05-11,North East,Estates Support,1940,51,1991,21,1970,0,0,8.0,0.6,0.977,2.5,0.717,0.011
OPS-102920,2026-05-11,North East,Workplace Projects,101,27,128,26,102,0,0,8.0,0.6,1.0,2.5,0.729,0.203
OPS-102921,2026-05-11,North West,Workplace Services,821,68,889,25,864,1,1,8.0,0.6,0.938,2.5,0.77,0.028
OPS-102922,2026-05-11,North West,Facilities Response,1948,38,1986,22,1964,0,0,8.0,0.6,0.995,2.5,0.72,0.011
OPS-102923,2026-05-11,North West,Estates Support,2072,48,2120,21,2099,0,0,8.0,0.6,0.957,2.5,0.735,0.01
OPS-102924,2026-05-11,North West,Workplace Projects,0,38,38,38,0,0,0,1.5,0.931,0.962,4.6,0.729,1.0
OPS-102925,2026-05-11,Midlands,Workplace Services,0,38,38,38,0,1,1,1.5,0.869,0.952,4.3,0.627,1.0
OPS-102926,2026-05-11,Midlands,Facilities Response,874,58,932,28,904,0,0,8.0,0.6,0.973,2.5,0.669,0.03
OPS-102927,2026-05-11,Midlands,Estates Support,695,40,735,31,704,0,0,8.0,0.6,0.99,2.5,0.773,0.042
OPS-102928,2026-05-11,Midlands,Workplace Projects,0,33,33,33,0,0,0,2.1,0.971,1.0,4.7,0.654,1.0
OPS-102929,2026-05-11,South West,Workplace Services,1569,38,1607,23,1584,0,0,8.0,0.6,0.976,2.5,0.734,0.014
OPS-102930,2026-05-11,South West,Facilities Response,6,49,55,55,0,0,0,1.9,0.956,0.977,4.6,0.621,1.0
OPS-102931,2026-05-11,South West,Estates Support,26,42,68,57,11,0,0,2.1,0.924,0.985,4.4,0.754,0.838
OPS-102932,2026-05-11,South West,Workplace Projects,0,33,33,33,0,0,0,1.3,0.882,0.973,4.4,0.781,1.0
OPS-102933,2026-05-11,South East,Workplace Services,3,44,47,47,0,1,0,1.4,0.965,1.0,4.4,0.743,1.0
OPS-102934,2026-05-11,South East,Facilities Response,2633,35,2668,16,2652,0,0,8.0,0.6,1.0,2.5,0.692,0.006
OPS-102935,2026-05-11,South East,Estates Support,0,41,41,41,0,0,0,1.6,0.972,0.988,4.4,0.802,1.0
OPS-102936,2026-05-11,South East,Workplace Projects,872,30,902,26,876,0,0,8.0,0.6,1.0,2.5,0.747,0.029
OPS-102937,2026-05-11,Wales,Workplace Services,1578,65,1643,27,1616,0,0,8.0,0.6,0.994,2.5,0.693,0.016
OPS-102938,2026-05-11,Wales,Facilities Response,1638,52,1690,23,1667,0,0,8.0,0.6,0.985,2.5,0.664,0.014
OPS-102939,2026-05-11,Wales,Estates Support,1093,17,1110,26,1084,0,0,8.0,0.6,1.0,2.5,0.778,0.023
OPS-102940,2026-05-11,Wales,Workplace Projects,0,24,24,24,0,0,0,1.9,0.989,0.974,4.3,0.713,1.0
OPS-102941,2026-05-12,Scotland,Workplace Services,425,38,463,35,428,0,0,8.0,0.6,1.0,2.5,0.724,0.076
OPS-102942,2026-05-12,Scotland,Facilities Response,0,36,36,36,0,0,0,1.3,0.971,0.973,4.7,0.8,1.0
OPS-102943,2026-05-12,Scotland,Estates Support,775,37,812,36,776,0,0,8.0,0.6,0.988,2.5,0.777,0.044
OPS-102944,2026-05-12,Scotland,Workplace Projects,0,30,30,30,0,0,0,1.4,0.944,0.987,4.2,0.765,1.0
OPS-102945,2026-05-12,North East,Workplace Services,12,37,49,36,13,0,0,2.5,0.872,0.974,3.9,0.705,0.735
OPS-102946,2026-05-12,North East,Facilities Response,7,37,44,44,0,0,0,1.8,1.0,0.981,4.7,0.707,1.0
OPS-102947,2026-05-12,North East,Estates Support,1970,32,2002,23,1979,0,0,8.0,0.6,0.966,2.5,0.717,0.011
OPS-102948,2026-05-12,North East,Workplace Projects,102,40,142,25,117,0,0,8.0,0.6,1.0,2.5,0.729,0.176
OPS-102949,2026-05-12,North West,Workplace Services,864,39,903,34,869,0,0,8.0,0.6,0.999,2.5,0.77,0.038
OPS-102950,2026-05-12,North West,Facilities Response,1964,35,1999,27,1972,0,0,8.0,0.6,0.957,2.5,0.72,0.014
OPS-102951,2026-05-12,North West,Estates Support,2099,39,2138,20,2118,0,0,8.0,0.6,0.985,2.5,0.735,0.009
OPS-102952,2026-05-12,North West,Workplace Projects,0,29,29,29,0,0,0,1.6,0.96,0.956,4.4,0.729,1.0
OPS-102953,2026-05-12,Midlands,Workplace Services,0,47,47,47,0,0,0,1.0,0.979,0.97,4.2,0.627,1.0
OPS-102954,2026-05-12,Midlands,Facilities Response,904,51,955,34,921,0,0,8.0,0.6,1.0,2.5,0.669,0.036
OPS-102955,2026-05-12,Midlands,Estates Support,704,35,739,34,705,0,0,8.0,0.6,1.0,2.5,0.773,0.046
OPS-102956,2026-05-12,Midlands,Workplace Projects,0,25,25,25,0,0,0,1.1,0.977,0.955,4.7,0.654,1.0
OPS-102957,2026-05-12,South West,Workplace Services,1584,32,1616,28,1588,0,0,8.0,0.6,0.988,2.5,0.734,0.017
OPS-102958,2026-05-12,South West,Facilities Response,0,58,58,46,12,0,0,3.1,0.891,0.993,4.1,0.621,0.793
OPS-102959,2026-05-12,South West,Estates Support,11,22,33,33,0,0,0,1.5,0.972,0.994,4.9,0.754,1.0
OPS-102960,2026-05-12,South West,Workplace Projects,0,36,36,36,0,1,0,1.4,0.971,0.997,4.6,0.781,1.0
OPS-102961,2026-05-12,South East,Workplace Services,0,36,36,36,0,0,0,2.0,0.998,1.0,4.5,0.743,1.0
OPS-102962,2026-05-12,South East,Facilities Response,2652,46,2698,16,2682,0,0,8.0,0.6,1.0,2.5,0.692,0.006
OPS-102963,2026-05-12,South East,Estates Support,0,50,50,50,0,0,0,1.5,1.0,1.0,4.6,0.802,1.0
OPS-102964,2026-05-12,South East,Workplace Projects,876,30,906,25,881,0,0,8.0,0.6,0.992,2.5,0.747,0.028
OPS-102965,2026-05-12,Wales,Workplace Services,1616,31,1647,28,1619,0,0,8.0,0.6,0.959,2.5,0.693,0.017
OPS-102966,2026-05-12,Wales,Facilities Response,1667,48,1715,22,1693,0,0,8.0,0.6,0.944,2.5,0.664,0.013
OPS-102967,2026-05-12,Wales,Estates Support,1084,50,1134,28,1106,0,0,8.0,0.6,0.992,2.5,0.778,0.025
OPS-102968,2026-05-12,Wales,Workplace Projects,0,18,18,18,0,0,0,1.1,0.931,0.947,4.6,0.713,1.0
OPS-102969,2026-05-13,Scotland,Workplace Services,428,36,464,31,433,0,0,8.0,0.6,1.0,2.5,0.724,0.067
OPS-102970,2026-05-13,Scotland,Facilities Response,0,48,48,46,2,1,0,1.7,0.938,0.976,4.3,0.8,0.958
OPS-102971,2026-05-13,Scotland,Estates Support,776,46,822,37,785,0,0,8.0,0.6,0.973,2.5,0.777,0.045
OPS-102972,2026-05-13,Scotland,Workplace Projects,0,19,19,19,0,0,0,1.9,0.956,0.98,4.6,0.765,1.0
OPS-102973,2026-05-13,North East,Workplace Services,13,47,60,39,21,0,0,2.6,0.851,0.996,3.9,0.705,0.65
OPS-102974,2026-05-13,North East,Facilities Response,0,50,50,42,8,1,0,2.0,0.886,0.979,4.3,0.707,0.84
OPS-102975,2026-05-13,North East,Estates Support,1979,38,2017,24,1993,0,0,8.0,0.6,1.0,2.5,0.717,0.012
OPS-102976,2026-05-13,North East,Workplace Projects,117,29,146,28,118,0,0,8.0,0.6,0.974,2.5,0.729,0.192
OPS-102977,2026-05-13,North West,Workplace Services,869,41,910,28,882,0,0,8.0,0.6,0.973,2.5,0.77,0.031
OPS-102978,2026-05-13,North West,Facilities Response,1972,36,2008,22,1986,0,0,8.0,0.6,0.978,2.5,0.72,0.011
OPS-102979,2026-05-13,North West,Estates Support,2118,60,2178,22,2156,0,0,8.0,0.6,1.0,2.5,0.735,0.01
OPS-102980,2026-05-13,North West,Workplace Projects,0,25,25,25,0,0,0,1.6,1.0,0.984,4.7,0.729,1.0
OPS-102981,2026-05-13,Midlands,Workplace Services,0,36,36,36,0,0,0,1.1,1.0,0.98,4.6,0.627,1.0
OPS-102982,2026-05-13,Midlands,Facilities Response,921,52,973,31,942,0,0,8.0,0.6,0.977,2.5,0.669,0.032
OPS-102983,2026-05-13,Midlands,Estates Support,705,44,749,39,710,0,0,8.0,0.6,0.95,2.5,0.773,0.052
OPS-102984,2026-05-13,Midlands,Workplace Projects,0,22,22,22,0,0,0,1.5,0.973,0.98,4.6,0.654,1.0
OPS-102985,2026-05-13,South West,Workplace Services,1588,36,1624,23,1601,0,0,8.0,0.6,0.97,2.5,0.734,0.014
OPS-102986,2026-05-13,South West,Facilities Response,12,42,54,49,5,0,0,1.7,0.947,0.991,4.3,0.621,0.907
OPS-102987,2026-05-13,South West,Estates Support,0,39,39,39,0,0,0,1.9,0.954,0.993,4.7,0.754,1.0
OPS-102988,2026-05-13,South West,Workplace Projects,0,33,33,33,0,0,0,1.5,0.994,0.995,4.4,0.781,1.0
OPS-102989,2026-05-13,South East,Workplace Services,0,49,49,49,0,1,0,1.6,0.971,0.982,4.3,0.743,1.0
OPS-102990,2026-05-13,South East,Facilities Response,2682,36,2718,21,2697,0,0,8.0,0.6,0.989,2.5,0.692,0.008
OPS-102991,2026-05-13,South East,Estates Support,0,44,44,44,0,0,0,1.6,0.949,0.973,4.6,0.802,1.0
OPS-102992,2026-05-13,South East,Workplace Projects,881,25,906,25,881,0,0,8.0,0.6,0.966,2.5,0.747,0.028
OPS-102993,2026-05-13,Wales,Workplace Services,1619,49,1668,29,1639,0,0,8.0,0.6,0.983,2.5,0.693,0.017
OPS-102994,2026-05-13,Wales,Facilities Response,1693,53,1746,21,1725,0,0,8.0,0.6,0.977,2.5,0.664,0.012
OPS-102995,2026-05-13,Wales,Estates Support,1106,41,1147,27,1120,0,0,8.0,0.6,0.986,2.5,0.778,0.024
OPS-102996,2026-05-13,Wales,Workplace Projects,0,33,33,33,0,0,0,1.6,0.968,1.0,4.6,0.713,1.0
OPS-102997,2026-05-14,Scotland,Workplace Services,433,35,468,39,429,0,0,8.0,0.6,0.988,2.5,0.724,0.083
OPS-102998,2026-05-14,Scotland,Facilities Response,2,34,36,36,0,0,0,1.5,0.916,0.987,4.8,0.8,1.0
OPS-102999,2026-05-14,Scotland,Estates Support,785,32,817,38,779,0,0,8.0,0.6,0.984,2.5,0.777,0.047
OPS-103000,2026-05-14,Scotland,Workplace Projects,0,20,20,20,0,0,0,1.3,0.954,0.99,4.7,0.765,1.0
OPS-103001,2026-05-14,North East,Workplace Services,21,37,58,40,18,0,0,3.2,0.892,1.0,3.7,0.705,0.69
OPS-103002,2026-05-14,North East,Facilities Response,8,59,67,54,13,0,0,3.0,0.894,0.995,4.3,0.707,0.806
OPS-103003,2026-05-14,North East,Estates Support,1993,40,2033,28,2005,0,0,8.0,0.6,1.0,2.5,0.717,0.014
OPS-103004,2026-05-14,North East,Workplace Projects,118,24,142,31,111,0,0,8.0,0.6,1.0,2.5,0.729,0.218
OPS-103005,2026-05-14,North West,Workplace Services,882,43,925,35,890,0,0,8.0,0.6,0.972,2.5,0.77,0.038
OPS-103006,2026-05-14,North West,Facilities Response,1986,40,2026,25,2001,2,0,8.0,0.6,0.956,2.5,0.72,0.012
OPS-103007,2026-05-14,North West,Estates Support,2156,19,2175,25,2150,0,0,8.0,0.6,0.965,2.5,0.735,0.011
OPS-103008,2026-05-14,North West,Workplace Projects,0,23,23,23,0,1,0,0.7,0.963,0.981,4.5,0.729,1.0
OPS-103009,2026-05-14,Midlands,Workplace Services,0,46,46,46,0,0,0,1.7,0.921,0.996,4.7,0.627,1.0
OPS-103010,2026-05-14,Midlands,Facilities Response,942,46,988,36,952,0,0,8.0,0.6,0.973,2.5,0.669,0.036
OPS-103011,2026-05-14,Midlands,Estates Support,710,25,735,37,698,0,0,8.0,0.6,0.983,2.5,0.773,0.05
OPS-103012,2026-05-14,Midlands,Workplace Projects,0,32,32,32,0,0,0,1.6,0.984,0.934,4.6,0.654,1.0
OPS-103013,2026-05-14,South West,Workplace Services,1601,46,1647,27,1620,0,0,8.0,0.6,0.988,2.5,0.734,0.016
OPS-103014,2026-05-14,South West,Facilities Response,5,45,50,50,0,0,0,1.5,0.969,0.952,4.5,0.621,1.0
OPS-103015,2026-05-14,South West,Estates Support,0,53,53,53,0,0,0,1.7,0.968,0.961,4.8,0.754,1.0
OPS-103016,2026-05-14,South West,Workplace Projects,0,21,21,21,0,0,0,1.5,0.954,1.0,4.3,0.781,1.0
OPS-103017,2026-05-14,South East,Workplace Services,0,37,37,37,0,0,0,1.3,0.953,0.996,4.5,0.743,1.0
OPS-103018,2026-05-14,South East,Facilities Response,2697,47,2744,16,2728,0,0,8.0,0.6,1.0,2.5,0.692,0.006
OPS-103019,2026-05-14,South East,Estates Support,0,61,61,54,7,1,0,2.0,0.901,0.972,4.5,0.802,0.885
OPS-103020,2026-05-14,South East,Workplace Projects,881,35,916,23,893,0,0,8.0,0.6,0.983,2.5,0.747,0.025
OPS-103021,2026-05-14,Wales,Workplace Services,1639,38,1677,26,1651,0,0,8.0,0.6,0.98,2.5,0.693,0.016
OPS-103022,2026-05-14,Wales,Facilities Response,1725,51,1776,22,1754,0,0,8.0,0.6,0.966,2.5,0.664,0.012
OPS-103023,2026-05-14,Wales,Estates Support,1120,35,1155,31,1124,0,0,8.0,0.6,0.992,2.5,0.778,0.027
OPS-103024,2026-05-14,Wales,Workplace Projects,0,40,40,40,0,0,0,1.4,0.983,0.974,4.6,0.713,1.0
OPS-103025,2026-05-15,Scotland,Workplace Services,429,57,486,34,452,1,0,8.0,0.6,1.0,2.5,0.724,0.07
OPS-103026,2026-05-15,Scotland,Facilities Response,0,44,44,44,0,0,0,1.9,0.969,0.967,4.9,0.8,1.0
OPS-103027,2026-05-15,Scotland,Estates Support,779,50,829,33,796,0,0,8.0,0.6,0.999,2.5,0.777,0.04
OPS-103028,2026-05-15,Scotland,Workplace Projects,0,40,40,39,1,0,0,1.5,0.966,0.96,4.7,0.765,0.975
OPS-103029,2026-05-15,North East,Workplace Services,18,40,58,39,19,0,0,2.5,0.896,1.0,4.1,0.705,0.672
OPS-103030,2026-05-15,North East,Facilities Response,13,42,55,50,5,0,0,1.6,0.963,0.988,4.4,0.707,0.909
OPS-103031,2026-05-15,North East,Estates Support,2005,26,2031,25,2006,0,0,8.0,0.6,1.0,2.5,0.717,0.012
OPS-103032,2026-05-15,North East,Workplace Projects,111,34,145,31,114,0,0,8.0,0.6,0.985,2.5,0.729,0.214
OPS-103033,2026-05-15,North West,Workplace Services,890,36,926,29,897,0,0,8.0,0.6,0.987,2.5,0.77,0.031
OPS-103034,2026-05-15,North West,Facilities Response,2001,37,2038,24,2014,0,0,8.0,0.6,1.0,2.5,0.72,0.012
OPS-103035,2026-05-15,North West,Estates Support,2150,44,2194,21,2173,0,0,8.0,0.6,0.957,2.5,0.735,0.01
OPS-103036,2026-05-15,North West,Workplace Projects,0,33,33,33,0,0,0,1.3,1.0,0.965,4.4,0.729,1.0
OPS-103037,2026-05-15,Midlands,Workplace Services,0,29,29,29,0,0,0,2.3,0.994,0.971,4.3,0.627,1.0
OPS-103038,2026-05-15,Midlands,Facilities Response,952,32,984,32,952,0,0,8.0,0.6,0.975,2.5,0.669,0.033
OPS-103039,2026-05-15,Midlands,Estates Support,698,46,744,32,712,0,0,8.0,0.6,0.997,2.5,0.773,0.043
OPS-103040,2026-05-15,Midlands,Workplace Projects,0,28,28,28,0,0,0,1.5,0.968,1.0,4.6,0.654,1.0
OPS-103041,2026-05-15,South West,Workplace Services,1620,48,1668,24,1644,1,0,8.0,0.6,0.98,2.5,0.734,0.014
OPS-103042,2026-05-15,South West,Facilities Response,0,50,50,43,7,1,0,2.4,0.935,0.962,4.5,0.621,0.86
OPS-103043,2026-05-15,South West,Estates Support,0,47,47,47,0,0,0,1.3,1.0,0.989,4.7,0.754,1.0
OPS-103044,2026-05-15,South West,Workplace Projects,0,30,30,30,0,0,0,1.5,0.962,0.962,4.3,0.781,1.0
OPS-103045,2026-05-15,South East,Workplace Services,0,40,40,40,0,0,0,2.3,0.983,0.977,4.6,0.743,1.0
OPS-103046,2026-05-15,South East,Facilities Response,2728,36,2764,18,2746,0,0,8.0,0.6,0.963,2.5,0.692,0.007
OPS-103047,2026-05-15,South East,Estates Support,7,25,32,32,0,1,0,1.3,0.946,0.937,4.5,0.802,1.0
OPS-103048,2026-05-15,South East,Workplace Projects,893,24,917,23,894,0,0,8.0,0.6,0.983,2.5,0.747,0.025
OPS-103049,2026-05-15,Wales,Workplace Services,1651,53,1704,31,1673,0,0,8.0,0.6,0.957,2.5,0.693,0.018
OPS-103050,2026-05-15,Wales,Facilities Response,1754,47,1801,24,1777,0,0,8.0,0.6,0.953,2.5,0.664,0.013
OPS-103051,2026-05-15,Wales,Estates Support,1124,33,1157,25,1132,0,0,8.0,0.6,0.977,2.5,0.778,0.022
OPS-103052,2026-05-15,Wales,Workplace Projects,0,27,27,27,0,0,0,1.1,0.984,0.926,4.4,0.713,1.0
OPS-103053,2026-05-18,Scotland,Workplace Services,452,47,499,40,459,0,0,8.0,0.6,0.98,2.5,0.724,0.08
OPS-103054,2026-05-18,Scotland,Facilities Response,0,58,58,48,10,0,0,2.6,0.887,0.991,4.1,0.8,0.828
OPS-103055,2026-05-18,Scotland,Estates Support,796,31,827,39,788,0,0,8.0,0.6,0.986,2.5,0.777,0.047
OPS-103056,2026-05-18,Scotland,Workplace Projects,1,27,28,28,0,0,0,1.5,0.986,0.971,4.5,0.765,1.0
OPS-103057,2026-05-18,North East,Workplace Services,19,34,53,46,7,0,0,2.2,0.93,0.973,4.3,0.705,0.868
OPS-103058,2026-05-18,North East,Facilities Response,5,38,43,43,0,0,0,1.8,0.976,0.968,4.9,0.707,1.0
OPS-103059,2026-05-18,North East,Estates Support,2006,45,2051,28,2023,0,0,8.0,0.6,0.999,2.5,0.717,0.014
OPS-103060,2026-05-18,North East,Workplace Projects,114,54,168,23,145,0,0,8.0,0.6,0.989,2.5,0.729,0.137
OPS-103061,2026-05-18,North West,Workplace Services,897,42,939,35,904,0,0,8.0,0.6,0.983,2.5,0.77,0.037
OPS-103062,2026-05-18,North West,Facilities Response,2014,40,2054,27,2027,0,0,8.0,0.6,0.972,2.5,0.72,0.013
OPS-103063,2026-05-18,North West,Estates Support,2173,40,2213,25,2188,0,0,8.0,0.6,0.97,2.5,0.735,0.011
OPS-103064,2026-05-18,North West,Workplace Projects,0,32,32,32,0,1,0,1.7,0.971,0.975,4.8,0.729,1.0
OPS-103065,2026-05-18,Midlands,Workplace Services,0,43,43,43,0,0,0,1.4,0.988,0.978,4.7,0.627,1.0
OPS-103066,2026-05-18,Midlands,Facilities Response,952,64,1016,29,987,1,0,8.0,0.6,0.997,2.5,0.669,0.029
OPS-103067,2026-05-18,Midlands,Estates Support,712,38,750,38,712,0,0,8.0,0.6,0.997,2.5,0.773,0.051
OPS-103068,2026-05-18,Midlands,Workplace Projects,0,29,29,29,0,0,0,1.3,0.995,1.0,4.8,0.654,1.0
OPS-103069,2026-05-18,South West,Workplace Services,1644,39,1683,22,1661,0,0,8.0,0.6,0.972,2.5,0.734,0.013
OPS-103070,2026-05-18,South West,Facilities Response,7,41,48,48,0,0,0,1.6,1.0,0.986,4.5,0.621,1.0
OPS-103071,2026-05-18,South West,Estates Support,0,41,41,41,0,1,0,1.4,0.948,0.955,4.3,0.754,1.0
OPS-103072,2026-05-18,South West,Workplace Projects,0,19,19,19,0,1,0,1.4,0.932,0.961,4.5,0.781,1.0
OPS-103073,2026-05-18,South East,Workplace Services,0,49,49,46,3,0,0,2.3,0.933,0.998,4.5,0.743,0.939
OPS-103074,2026-05-18,South East,Facilities Response,2746,51,2797,21,2776,0,0,8.0,0.6,0.996,2.5,0.692,0.008
OPS-103075,2026-05-18,South East,Estates Support,0,25,25,25,0,0,0,1.6,1.0,0.975,4.8,0.802,1.0
OPS-103076,2026-05-18,South East,Workplace Projects,894,33,927,24,903,0,0,8.0,0.6,0.964,2.5,0.747,0.026
OPS-103077,2026-05-18,Wales,Workplace Services,1673,46,1719,29,1690,0,0,8.0,0.6,1.0,2.5,0.693,0.017
OPS-103078,2026-05-18,Wales,Facilities Response,1777,35,1812,22,1790,0,0,8.0,0.6,0.954,2.5,0.664,0.012
OPS-103079,2026-05-18,Wales,Estates Support,1132,32,1164,25,1139,0,0,8.0,0.6,0.983,2.5,0.778,0.021
OPS-103080,2026-05-18,Wales,Workplace Projects,0,45,45,42,3,0,0,1.6,0.925,1.0,4.4,0.713,0.933
OPS-103081,2026-05-19,Scotland,Workplace Services,459,29,488,41,447,0,0,8.0,0.6,0.961,2.5,0.724,0.084
OPS-103082,2026-05-19,Scotland,Facilities Response,10,32,42,42,0,1,0,1.5,0.941,0.969,4.1,0.8,1.0
OPS-103083,2026-05-19,Scotland,Estates Support,788,37,825,33,792,0,0,8.0,0.6,0.986,2.5,0.777,0.04
OPS-103084,2026-05-19,Scotland,Workplace Projects,0,21,21,21,0,0,0,1.6,0.938,0.988,4.5,0.765,1.0
OPS-103085,2026-05-19,North East,Workplace Services,7,42,49,39,10,1,1,2.7,0.813,0.976,3.9,0.705,0.796
OPS-103086,2026-05-19,North East,Facilities Response,0,37,37,37,0,0,0,1.7,0.947,0.994,4.4,0.707,1.0
OPS-103087,2026-05-19,North East,Estates Support,2023,35,2058,23,2035,0,0,8.0,0.6,0.969,2.5,0.717,0.011
OPS-103088,2026-05-19,North East,Workplace Projects,145,14,159,26,133,0,0,8.0,0.6,0.984,2.5,0.729,0.164
OPS-103089,2026-05-19,North West,Workplace Services,904,34,938,34,904,0,0,8.0,0.6,0.992,2.5,0.77,0.036
OPS-103090,2026-05-19,North West,Facilities Response,2027,52,2079,26,2053,0,0,8.0,0.6,1.0,2.5,0.72,0.013
OPS-103091,2026-05-19,North West,Estates Support,2188,55,2243,21,2222,0,0,8.0,0.6,0.983,2.5,0.735,0.009
OPS-103092,2026-05-19,North West,Workplace Projects,0,32,32,32,0,0,0,1.8,0.961,0.974,4.3,0.729,1.0
OPS-103093,2026-05-19,Midlands,Workplace Services,0,56,56,47,9,0,0,2.7,0.923,0.98,4.4,0.627,0.839
OPS-103094,2026-05-19,Midlands,Facilities Response,987,43,1030,36,994,0,0,8.0,0.6,0.971,2.5,0.669,0.035
OPS-103095,2026-05-19,Midlands,Estates Support,712,32,744,35,709,0,0,8.0,0.6,0.986,2.5,0.773,0.047
OPS-103096,2026-05-19,Midlands,Workplace Projects,0,30,30,30,0,1,0,1.0,0.92,0.953,4.3,0.654,1.0
OPS-103097,2026-05-19,South West,Workplace Services,1661,34,1695,27,1668,0,0,8.0,0.6,0.949,2.5,0.734,0.016
OPS-103098,2026-05-19,South West,Facilities Response,0,39,39,39,0,1,0,1.7,0.946,1.0,4.3,0.621,1.0
OPS-103099,2026-05-19,South West,Estates Support,0,43,43,43,0,0,0,1.4,0.997,0.967,4.7,0.754,1.0
OPS-103100,2026-05-19,South West,Workplace Projects,0,24,24,24,0,0,0,2.0,0.959,0.973,4.6,0.781,1.0
OPS-103101,2026-05-19,South East,Workplace Services,3,34,37,37,0,0,0,1.6,0.969,1.0,4.2,0.743,1.0
OPS-103102,2026-05-19,South East,Facilities Response,2776,51,2827,21,2806,0,0,8.0,0.6,0.968,2.5,0.692,0.007
OPS-103103,2026-05-19,South East,Estates Support,0,37,37,37,0,0,0,0.6,0.948,0.988,4.5,0.802,1.0
OPS-103104,2026-05-19,South East,Workplace Projects,903,30,933,23,910,0,0,8.0,0.6,1.0,2.5,0.747,0.025
OPS-103105,2026-05-19,Wales,Workplace Services,1690,28,1718,26,1692,1,0,8.0,0.6,0.951,2.5,0.693,0.015
OPS-103106,2026-05-19,Wales,Facilities Response,1790,48,1838,24,1814,0,0,8.0,0.6,1.0,2.5,0.664,0.013
OPS-103107,2026-05-19,Wales,Estates Support,1139,46,1185,28,1157,0,0,8.0,0.6,0.977,2.5,0.778,0.024
OPS-103108,2026-05-19,Wales,Workplace Projects,3,16,19,19,0,0,0,1.6,0.928,0.951,4.6,0.713,1.0
OPS-103109,2026-05-20,Scotland,Workplace Services,447,57,504,35,469,0,0,8.0,0.6,1.0,2.5,0.724,0.069
OPS-103110,2026-05-20,Scotland,Facilities Response,0,25,25,25,0,0,0,1.5,0.982,1.0,4.6,0.8,1.0
OPS-103111,2026-05-20,Scotland,Estates Support,792,40,832,35,797,0,0,8.0,0.6,0.98,2.5,0.777,0.042
OPS-103112,2026-05-20,Scotland,Workplace Projects,0,32,32,32,0,0,0,1.0,0.969,0.972,4.6,0.765,1.0
OPS-103113,2026-05-20,North East,Workplace Services,10,33,43,43,0,0,0,1.2,0.962,1.0,4.5,0.705,1.0
OPS-103114,2026-05-20,North East,Facilities Response,0,45,45,45,0,0,0,1.6,0.937,1.0,4.6,0.707,1.0
OPS-103115,2026-05-20,North East,Estates Support,2035,45,2080,22,2058,0,0,8.0,0.6,0.979,2.5,0.717,0.011
OPS-103116,2026-05-20,North East,Workplace Projects,133,25,158,31,127,0,0,8.0,0.6,1.0,2.5,0.729,0.196
OPS-103117,2026-05-20,North West,Workplace Services,904,25,929,31,898,1,1,8.0,0.6,0.949,2.5,0.77,0.033
OPS-103118,2026-05-20,North West,Facilities Response,2053,38,2091,26,2065,0,0,8.0,0.6,0.985,2.5,0.72,0.012
OPS-103119,2026-05-20,North West,Estates Support,2222,32,2254,21,2233,0,0,8.0,0.6,0.963,2.5,0.735,0.009
OPS-103120,2026-05-20,North West,Workplace Projects,0,33,33,33,0,0,0,2.1,0.924,1.0,4.6,0.729,1.0
OPS-103121,2026-05-20,Midlands,Workplace Services,9,34,43,43,0,0,0,2.2,0.945,0.987,4.6,0.627,1.0
OPS-103122,2026-05-20,Midlands,Facilities Response,994,28,1022,29,993,0,0,8.0,0.6,0.982,2.5,0.669,0.028
OPS-103123,2026-05-20,Midlands,Estates Support,709,60,769,36,733,0,0,8.0,0.6,0.958,2.5,0.773,0.047
OPS-103124,2026-05-20,Midlands,Workplace Projects,0,38,38,38,0,0,0,1.6,0.952,0.979,4.7,0.654,1.0
OPS-103125,2026-05-20,South West,Workplace Services,1668,50,1718,27,1691,0,0,8.0,0.6,0.984,2.5,0.734,0.016
OPS-103126,2026-05-20,South West,Facilities Response,0,52,52,50,2,0,0,1.9,0.955,0.965,4.9,0.621,0.962
OPS-103127,2026-05-20,South West,Estates Support,0,43,43,43,0,0,0,0.9,0.967,0.971,4.1,0.754,1.0
OPS-103128,2026-05-20,South West,Workplace Projects,0,35,35,35,0,0,0,1.4,0.943,0.974,4.4,0.781,1.0
OPS-103129,2026-05-20,South East,Workplace Services,0,41,41,41,0,0,0,1.2,1.0,0.991,4.6,0.743,1.0
OPS-103130,2026-05-20,South East,Facilities Response,2806,34,2840,18,2822,0,0,8.0,0.6,1.0,2.5,0.692,0.006
OPS-103131,2026-05-20,South East,Estates Support,0,57,57,57,0,0,0,1.6,0.982,0.975,4.7,0.802,1.0
OPS-103132,2026-05-20,South East,Workplace Projects,910,28,938,26,912,0,0,8.0,0.6,1.0,2.5,0.747,0.028
OPS-103133,2026-05-20,Wales,Workplace Services,1692,45,1737,29,1708,0,0,8.0,0.6,0.979,2.5,0.693,0.017
OPS-103134,2026-05-20,Wales,Facilities Response,1814,29,1843,20,1823,0,0,8.0,0.6,0.978,2.5,0.664,0.011
OPS-103135,2026-05-20,Wales,Estates Support,1157,40,1197,25,1172,0,0,8.0,0.6,1.0,2.5,0.778,0.021
OPS-103136,2026-05-20,Wales,Workplace Projects,0,25,25,25,0,0,0,1.3,0.967,1.0,4.6,0.713,1.0
OPS-103137,2026-05-21,Scotland,Workplace Services,469,41,510,35,475,0,0,8.0,0.6,0.952,2.5,0.724,0.069
OPS-103138,2026-05-21,Scotland,Facilities Response,0,54,54,54,0,0,0,1.5,0.952,0.993,4.8,0.8,1.0
OPS-103139,2026-05-21,Scotland,Estates Support,797,60,857,40,817,0,0,8.0,0.6,0.978,2.5,0.777,0.047
OPS-103140,2026-05-21,Scotland,Workplace Projects,0,36,36,34,2,0,0,1.7,0.945,0.98,4.6,0.765,0.944
OPS-103141,2026-05-21,North East,Workplace Services,0,30,30,30,0,0,0,1.6,0.997,1.0,4.6,0.705,1.0
OPS-103142,2026-05-21,North East,Facilities Response,0,29,29,29,0,0,0,1.0,0.942,0.993,4.2,0.707,1.0
OPS-103143,2026-05-21,North East,Estates Support,2058,45,2103,23,2080,0,0,8.0,0.6,0.985,2.5,0.717,0.011
OPS-103144,2026-05-21,North East,Workplace Projects,127,31,158,31,127,0,0,8.0,0.6,0.969,2.5,0.729,0.196
OPS-103145,2026-05-21,North West,Workplace Services,898,51,949,32,917,0,0,8.0,0.6,0.978,2.5,0.77,0.034
OPS-103146,2026-05-21,North West,Facilities Response,2065,40,2105,25,2080,1,1,8.0,0.6,0.951,2.5,0.72,0.012
OPS-103147,2026-05-21,North West,Estates Support,2233,46,2279,22,2257,0,0,8.0,0.6,0.982,2.5,0.735,0.01
OPS-103148,2026-05-21,North West,Workplace Projects,0,29,29,29,0,1,0,1.9,0.982,1.0,4.5,0.729,1.0
OPS-103149,2026-05-21,Midlands,Workplace Services,0,35,35,35,0,0,0,1.3,0.97,0.984,4.3,0.627,1.0
OPS-103150,2026-05-21,Midlands,Facilities Response,993,50,1043,35,1008,0,0,8.0,0.6,0.968,2.5,0.669,0.034
OPS-103151,2026-05-21,Midlands,Estates Support,733,48,781,32,749,0,0,8.0,0.6,0.983,2.5,0.773,0.041
OPS-103152,2026-05-21,Midlands,Workplace Projects,0,27,27,27,0,0,0,1.3,0.965,1.0,4.4,0.654,1.0
OPS-103153,2026-05-21,South West,Workplace Services,1691,55,1746,27,1719,0,0,8.0,0.6,0.989,2.5,0.734,0.015
OPS-103154,2026-05-21,South West,Facilities Response,2,36,38,38,0,0,0,2.6,0.965,0.978,4.2,0.621,1.0
OPS-103155,2026-05-21,South West,Estates Support,0,49,49,47,2,0,0,1.8,0.965,0.995,4.6,0.754,0.959
OPS-103156,2026-05-21,South West,Workplace Projects,0,32,32,32,0,0,0,1.3,0.986,0.976,4.3,0.781,1.0
OPS-103157,2026-05-21,South East,Workplace Services,0,61,61,59,2,1,0,2.5,0.917,0.984,4.6,0.743,0.967
OPS-103158,2026-05-21,South East,Facilities Response,2822,51,2873,20,2853,0,0,8.0,0.6,0.996,2.5,0.692,0.007
OPS-103159,2026-05-21,South East,Estates Support,0,54,54,54,0,0,0,1.6,0.97,1.0,4.6,0.802,1.0
OPS-103160,2026-05-21,South East,Workplace Projects,912,37,949,26,923,0,0,8.0,0.6,0.959,2.5,0.747,0.027
OPS-103161,2026-05-21,Wales,Workplace Services,1708,43,1751,26,1725,0,0,8.0,0.6,0.991,2.5,0.693,0.015
OPS-103162,2026-05-21,Wales,Facilities Response,1823,44,1867,22,1845,0,0,8.0,0.6,0.987,2.5,0.664,0.012
OPS-103163,2026-05-21,Wales,Estates Support,1172,24,1196,29,1167,0,0,8.0,0.6,0.982,2.5,0.778,0.024
OPS-103164,2026-05-21,Wales,Workplace Projects,0,26,26,26,0,0,0,0.9,0.948,0.98,4.2,0.713,1.0
OPS-103165,2026-05-22,Scotland,Workplace Services,475,37,512,32,480,0,0,8.0,0.6,0.965,2.5,0.724,0.062
OPS-103166,2026-05-22,Scotland,Facilities Response,0,31,31,31,0,0,0,1.4,0.991,0.967,4.5,0.8,1.0
OPS-103167,2026-05-22,Scotland,Estates Support,817,35,852,33,819,0,0,8.0,0.6,0.967,2.5,0.777,0.039
OPS-103168,2026-05-22,Scotland,Workplace Projects,2,39,41,41,0,0,0,1.8,0.968,0.981,4.5,0.765,1.0
OPS-103169,2026-05-22,North East,Workplace Services,0,43,43,42,1,0,0,2.0,0.98,0.97,4.4,0.705,0.977
OPS-103170,2026-05-22,North East,Facilities Response,0,35,35,35,0,0,0,1.6,0.942,0.973,4.5,0.707,1.0
OPS-103171,2026-05-22,North East,Estates Support,2080,22,2102,28,2074,0,0,8.0,0.6,0.97,2.5,0.717,0.013
OPS-103172,2026-05-22,North East,Workplace Projects,127,16,143,31,112,0,0,8.0,0.6,1.0,2.5,0.729,0.217
OPS-103173,2026-05-22,North West,Workplace Services,917,25,942,31,911,0,0,8.0,0.6,0.992,2.5,0.77,0.033
OPS-103174,2026-05-22,North West,Facilities Response,2080,58,2138,24,2114,0,0,8.0,0.6,1.0,2.5,0.72,0.011
OPS-103175,2026-05-22,North West,Estates Support,2257,40,2297,23,2274,1,0,8.0,0.6,0.977,2.5,0.735,0.01
OPS-103176,2026-05-22,North West,Workplace Projects,0,22,22,22,0,0,0,1.6,0.92,0.982,4.5,0.729,1.0
OPS-103177,2026-05-22,Midlands,Workplace Services,0,38,38,38,0,0,0,1.6,0.98,0.975,4.5,0.627,1.0
OPS-103178,2026-05-22,Midlands,Facilities Response,1008,46,1054,29,1025,0,0,8.0,0.6,0.984,2.5,0.669,0.028
OPS-103179,2026-05-22,Midlands,Estates Support,749,40,789,33,756,0,0,8.0,0.6,0.992,2.5,0.773,0.042
OPS-103180,2026-05-22,Midlands,Workplace Projects,0,16,16,16,0,0,0,1.4,0.984,0.989,4.5,0.654,1.0
OPS-103181,2026-05-22,South West,Workplace Services,1719,38,1757,20,1737,1,0,8.0,0.6,0.996,2.5,0.734,0.011
OPS-103182,2026-05-22,South West,Facilities Response,0,47,47,44,3,0,0,2.2,0.968,1.0,4.1,0.621,0.936
OPS-103183,2026-05-22,South West,Estates Support,2,41,43,43,0,0,0,1.5,0.977,0.951,4.5,0.754,1.0
OPS-103184,2026-05-22,South West,Workplace Projects,0,37,37,37,0,0,0,1.3,0.995,0.988,4.4,0.781,1.0
OPS-103185,2026-05-22,South East,Workplace Services,2,56,58,58,0,0,0,1.3,0.96,0.997,4.5,0.743,1.0
OPS-103186,2026-05-22,South East,Facilities Response,2853,49,2902,20,2882,0,0,8.0,0.6,0.96,2.5,0.692,0.007
OPS-103187,2026-05-22,South East,Estates Support,0,44,44,44,0,0,0,1.3,0.915,0.98,4.4,0.802,1.0
OPS-103188,2026-05-22,South East,Workplace Projects,923,27,950,25,925,0,0,8.0,0.6,0.977,2.5,0.747,0.026
OPS-103189,2026-05-22,Wales,Workplace Services,1725,35,1760,25,1735,0,0,8.0,0.6,0.984,2.5,0.693,0.014
OPS-103190,2026-05-22,Wales,Facilities Response,1845,35,1880,20,1860,0,0,8.0,0.6,0.97,2.5,0.664,0.011
OPS-103191,2026-05-22,Wales,Estates Support,1167,58,1225,31,1194,0,0,8.0,0.6,0.98,2.5,0.778,0.025
OPS-103192,2026-05-22,Wales,Workplace Projects,0,22,22,22,0,0,0,1.0,0.997,1.0,4.4,0.713,1.0
OPS-103193,2026-05-24,Scotland,Workplace Services,480,59,539,41,498,0,0,8.0,0.6,0.983,2.5,0.724,0.076
OPS-103194,2026-05-24,Scotland,Facilities Response,0,38,38,38,0,0,0,1.4,0.998,0.99,4.6,0.8,1.0
OPS-103195,2026-05-24,Scotland,Estates Support,819,39,858,33,825,0,0,8.0,0.6,1.0,2.5,0.777,0.038
OPS-103196,2026-05-24,Scotland,Workplace Projects,0,33,33,33,0,0,0,1.3,0.934,0.984,4.8,0.765,1.0
OPS-103197,2026-05-24,North East,Workplace Services,1,24,25,25,0,0,0,1.5,0.949,0.989,4.6,0.705,1.0
OPS-103198,2026-05-24,North East,Facilities Response,0,47,47,47,0,0,0,1.8,0.988,0.998,4.6,0.707,1.0
OPS-103199,2026-05-24,North East,Estates Support,2074,32,2106,26,2080,0,0,8.0,0.6,0.977,2.5,0.717,0.012
OPS-103200,2026-05-24,North East,Workplace Projects,112,37,149,28,121,1,0,8.0,0.6,0.954,2.5,0.729,0.188
OPS-103201,2026-05-24,North West,Workplace Services,911,63,974,28,946,1,0,8.0,0.6,0.985,2.5,0.77,0.029
OPS-103202,2026-05-24,North West,Facilities Response,2114,35,2149,26,2123,0,0,8.0,0.6,0.985,2.5,0.72,0.012
OPS-103203,2026-05-24,North West,Estates Support,2274,37,2311,20,2291,1,0,8.0,0.6,0.945,2.5,0.735,0.009
OPS-103204,2026-05-24,North West,Workplace Projects,0,43,43,43,0,0,0,1.5,0.973,0.976,4.7,0.729,1.0
OPS-103205,2026-05-24,Midlands,Workplace Services,0,47,47,41,6,0,0,1.8,0.954,0.977,4.4,0.627,0.872
OPS-103206,2026-05-24,Midlands,Facilities Response,1025,39,1064,35,1029,0,0,8.0,0.6,1.0,2.5,0.669,0.033
OPS-103207,2026-05-24,Midlands,Estates Support,756,43,799,41,758,0,0,8.0,0.6,0.972,2.5,0.773,0.051
OPS-103208,2026-05-24,Midlands,Workplace Projects,0,43,43,37,6,0,0,2.0,0.961,0.976,4.2,0.654,0.86
OPS-103209,2026-05-24,South West,Workplace Services,1737,46,1783,21,1762,0,0,8.0,0.6,1.0,2.5,0.734,0.012
OPS-103210,2026-05-24,South West,Facilities Response,3,35,38,38,0,0,0,1.7,0.993,0.988,4.6,0.621,1.0
OPS-103211,2026-05-24,South West,Estates Support,0,46,46,46,0,0,0,1.7,0.988,0.993,4.5,0.754,1.0
OPS-103212,2026-05-24,South West,Workplace Projects,0,27,27,27,0,0,0,1.4,1.0,0.987,4.6,0.781,1.0
OPS-103213,2026-05-24,South East,Workplace Services,0,38,38,38,0,0,0,1.6,0.99,0.961,5.0,0.743,1.0
OPS-103214,2026-05-24,South East,Facilities Response,2882,66,2948,18,2930,1,1,8.0,0.6,0.925,2.5,0.692,0.006
OPS-103215,2026-05-24,South East,Estates Support,0,49,49,48,1,0,0,1.8,0.947,0.997,4.5,0.802,0.98
OPS-103216,2026-05-24,South East,Workplace Projects,925,29,954,22,932,0,0,8.0,0.6,1.0,2.5,0.747,0.023
OPS-103217,2026-05-24,Wales,Workplace Services,1735,50,1785,26,1759,0,0,8.0,0.6,0.953,2.5,0.693,0.015
OPS-103218,2026-05-24,Wales,Facilities Response,1860,49,1909,19,1890,0,0,8.0,0.6,0.987,2.5,0.664,0.01
OPS-103219,2026-05-24,Wales,Estates Support,1194,52,1246,30,1216,0,0,8.0,0.6,0.987,2.5,0.778,0.024
OPS-103220,2026-05-24,Wales,Workplace Projects,0,35,35,35,0,0,0,0.9,0.97,0.993,4.5,0.713,1.0
OPS-103221,2026-05-25,Scotland,Workplace Services,498,52,550,39,511,0,0,8.0,0.6,0.977,2.5,0.724,0.071
OPS-103222,2026-05-25,Scotland,Facilities Response,0,44,44,44,0,0,0,1.6,0.989,0.986,4.6,0.8,1.0
OPS-103223,2026-05-25,Scotland,Estates Support,825,41,866,32,834,0,0,8.0,0.6,1.0,2.5,0.777,0.037
OPS-103224,2026-05-25,Scotland,Workplace Projects,0,25,25,25,0,1,0,1.8,0.993,0.999,4.6,0.765,1.0
OPS-103225,2026-05-25,North East,Workplace Services,0,47,47,38,9,0,0,1.7,0.899,0.979,4.2,0.705,0.809
OPS-103226,2026-05-25,North East,Facilities Response,0,40,40,40,0,0,0,1.4,0.956,1.0,4.4,0.707,1.0
OPS-103227,2026-05-25,North East,Estates Support,2080,38,2118,27,2091,0,0,8.0,0.6,0.967,2.5,0.717,0.013
OPS-103228,2026-05-25,North East,Workplace Projects,121,30,151,28,123,0,0,8.0,0.6,0.995,2.5,0.729,0.185
OPS-103229,2026-05-25,North West,Workplace Services,946,54,1000,32,968,0,0,8.0,0.6,0.976,2.5,0.77,0.032
OPS-103230,2026-05-25,North West,Facilities Response,2123,39,2162,27,2135,0,0,8.0,0.6,0.957,2.5,0.72,0.012
OPS-103231,2026-05-25,North West,Estates Support,2291,37,2328,24,2304,0,0,8.0,0.6,0.987,2.5,0.735,0.01
OPS-103232,2026-05-25,North West,Workplace Projects,0,35,35,35,0,0,0,1.0,0.994,0.972,4.5,0.729,1.0
OPS-103233,2026-05-25,Midlands,Workplace Services,6,41,47,44,3,0,0,1.6,0.956,0.989,4.4,0.627,0.936
OPS-103234,2026-05-25,Midlands,Facilities Response,1029,44,1073,34,1039,0,0,8.0,0.6,1.0,2.5,0.669,0.032
OPS-103235,2026-05-25,Midlands,Estates Support,758,28,786,40,746,0,0,8.0,0.6,0.997,2.5,0.773,0.051
OPS-103236,2026-05-25,Midlands,Workplace Projects,6,42,48,44,4,0,0,1.7,0.955,1.0,4.4,0.654,0.917
OPS-103237,2026-05-25,South West,Workplace Services,1762,39,1801,22,1779,0,0,8.0,0.6,0.983,2.5,0.734,0.012
OPS-103238,2026-05-25,South West,Facilities Response,0,18,18,18,0,1,0,2.0,0.927,0.992,4.7,0.621,1.0
OPS-103239,2026-05-25,South West,Estates Support,0,38,38,38,0,0,0,1.4,0.961,0.998,4.5,0.754,1.0
OPS-103240,2026-05-25,South West,Workplace Projects,0,29,29,29,0,1,0,2.0,0.944,0.967,4.6,0.781,1.0
OPS-103241,2026-05-25,South East,Workplace Services,0,39,39,39,0,0,0,1.2,0.966,0.987,4.7,0.743,1.0
OPS-103242,2026-05-25,South East,Facilities Response,2930,45,2975,18,2957,0,0,8.0,0.6,0.965,2.5,0.692,0.006
OPS-103243,2026-05-25,South East,Estates Support,1,23,24,24,0,0,0,1.9,0.951,0.976,4.6,0.802,1.0
OPS-103244,2026-05-25,South East,Workplace Projects,932,36,968,24,944,0,0,8.0,0.6,0.98,2.5,0.747,0.025
OPS-103245,2026-05-25,Wales,Workplace Services,1759,37,1796,30,1766,0,0,8.0,0.6,0.998,2.5,0.693,0.017
OPS-103246,2026-05-25,Wales,Facilities Response,1890,49,1939,21,1918,1,0,8.0,0.6,0.966,2.5,0.664,0.011
OPS-103247,2026-05-25,Wales,Estates Support,1216,44,1260,29,1231,0,0,8.0,0.6,0.952,2.5,0.778,0.023
OPS-103248,2026-05-25,Wales,Workplace Projects,0,30,30,30,0,0,0,1.5,1.0,1.0,4.4,0.713,1.0
OPS-103249,2026-05-26,Scotland,Workplace Services,511,29,540,31,509,0,0,8.0,0.6,0.986,2.5,0.724,0.057
OPS-103250,2026-05-26,Scotland,Facilities Response,0,58,58,42,16,1,1,2.8,0.77,0.953,4.0,0.8,0.724
OPS-103251,2026-05-26,Scotland,Estates Support,834,45,879,42,837,0,0,8.0,0.6,1.0,2.5,0.777,0.048
OPS-103252,2026-05-26,Scotland,Workplace Projects,0,27,27,27,0,0,0,1.3,0.959,0.972,4.4,0.765,1.0
OPS-103253,2026-05-26,North East,Workplace Services,9,38,47,43,4,0,0,1.5,0.967,0.989,4.4,0.705,0.915
OPS-103254,2026-05-26,North East,Facilities Response,0,41,41,41,0,0,0,1.9,0.983,0.99,4.6,0.707,1.0
OPS-103255,2026-05-26,North East,Estates Support,2091,23,2114,25,2089,0,0,8.0,0.6,0.982,2.5,0.717,0.012
OPS-103256,2026-05-26,North East,Workplace Projects,123,31,154,30,124,0,0,8.0,0.6,0.939,2.5,0.729,0.195
OPS-103257,2026-05-26,North West,Workplace Services,968,46,1014,27,987,1,0,8.0,0.6,0.994,2.5,0.77,0.027
OPS-103258,2026-05-26,North West,Facilities Response,2135,49,2184,22,2162,0,0,8.0,0.6,0.997,2.5,0.72,0.01
OPS-103259,2026-05-26,North West,Estates Support,2304,36,2340,21,2319,0,0,8.0,0.6,0.969,2.5,0.735,0.009
OPS-103260,2026-05-26,North West,Workplace Projects,0,33,33,33,0,0,0,1.6,0.97,0.976,4.4,0.729,1.0
OPS-103261,2026-05-26,Midlands,Workplace Services,3,32,35,35,0,0,0,1.5,1.0,1.0,4.5,0.627,1.0
OPS-103262,2026-05-26,Midlands,Facilities Response,1039,52,1091,36,1055,0,0,8.0,0.6,0.971,2.5,0.669,0.033
OPS-103263,2026-05-26,Midlands,Estates Support,746,56,802,33,769,0,0,8.0,0.6,0.997,2.5,0.773,0.041
OPS-103264,2026-05-26,Midlands,Workplace Projects,4,14,18,18,0,0,0,1.6,0.936,0.966,4.7,0.654,1.0
OPS-103265,2026-05-26,South West,Workplace Services,1779,54,1833,22,1811,0,0,8.0,0.6,0.985,2.5,0.734,0.012
OPS-103266,2026-05-26,South West,Facilities Response,0,37,37,37,0,0,0,2.5,0.982,0.996,4.3,0.621,1.0
OPS-103267,2026-05-26,South West,Estates Support,0,24,24,24,0,1,0,1.6,0.979,0.956,4.3,0.754,1.0
OPS-103268,2026-05-26,South West,Workplace Projects,0,31,31,31,0,0,0,1.9,0.979,0.996,4.5,0.781,1.0
OPS-103269,2026-05-26,South East,Workplace Services,0,58,58,58,0,0,0,1.4,0.995,0.993,4.2,0.743,1.0
OPS-103270,2026-05-26,South East,Facilities Response,2957,44,3001,16,2985,1,0,8.0,0.6,0.969,2.5,0.692,0.005
OPS-103271,2026-05-26,South East,Estates Support,0,38,38,38,0,0,0,1.3,0.957,0.996,4.7,0.802,1.0
OPS-103272,2026-05-26,South East,Workplace Projects,944,40,984,21,963,0,0,8.0,0.6,0.994,2.5,0.747,0.021
OPS-103273,2026-05-26,Wales,Workplace Services,1766,41,1807,26,1781,0,0,8.0,0.6,0.976,2.5,0.693,0.014
OPS-103274,2026-05-26,Wales,Facilities Response,1918,32,1950,24,1926,0,0,8.0,0.6,1.0,2.5,0.664,0.012
OPS-103275,2026-05-26,Wales,Estates Support,1231,44,1275,30,1245,0,0,8.0,0.6,1.0,2.5,0.778,0.024
OPS-103276,2026-05-26,Wales,Workplace Projects,0,20,20,20,0,0,0,1.4,1.0,0.967,4.7,0.713,1.0
OPS-103277,2026-05-27,Scotland,Workplace Services,509,52,561,33,528,0,0,8.0,0.6,0.967,2.5,0.724,0.059
OPS-103278,2026-05-27,Scotland,Facilities Response,16,56,72,46,26,0,0,3.2,0.768,0.995,3.5,0.8,0.639
OPS-103279,2026-05-27,Scotland,Estates Support,837,46,883,32,851,1,0,8.0,0.6,0.995,2.5,0.777,0.036
OPS-103280,2026-05-27,Scotland,Workplace Projects,0,30,30,30,0,0,0,1.4,0.981,1.0,4.7,0.765,1.0
OPS-103281,2026-05-27,North East,Workplace Services,4,38,42,36,6,0,0,2.3,0.947,0.989,4.4,0.705,0.857
OPS-103282,2026-05-27,North East,Facilities Response,0,45,45,45,0,0,0,1.0,1.0,0.996,4.6,0.707,1.0
OPS-103283,2026-05-27,North East,Estates Support,2089,29,2118,25,2093,1,0,8.0,0.6,0.989,2.5,0.717,0.012
OPS-103284,2026-05-27,North East,Workplace Projects,124,36,160,32,128,0,0,8.0,0.6,1.0,2.5,0.729,0.2
OPS-103285,2026-05-27,North West,Workplace Services,987,37,1024,33,991,0,0,8.0,0.6,0.986,2.5,0.77,0.032
OPS-103286,2026-05-27,North West,Facilities Response,2162,36,2198,26,2172,0,0,8.0,0.6,0.98,2.5,0.72,0.012
OPS-103287,2026-05-27,North West,Estates Support,2319,36,2355,19,2336,1,1,8.0,0.6,0.991,2.5,0.735,0.008
OPS-103288,2026-05-27,North West,Workplace Projects,0,28,28,28,0,0,0,1.0,0.957,0.976,4.7,0.729,1.0
OPS-103289,2026-05-27,Midlands,Workplace Services,0,42,42,42,0,1,0,2.0,0.935,0.994,4.8,0.627,1.0
OPS-103290,2026-05-27,Midlands,Facilities Response,1055,37,1092,34,1058,0,0,8.0,0.6,0.982,2.5,0.669,0.031
OPS-103291,2026-05-27,Midlands,Estates Support,769,33,802,41,761,0,0,8.0,0.6,0.999,2.5,0.773,0.051
OPS-103292,2026-05-27,Midlands,Workplace Projects,0,33,33,33,0,0,0,1.7,0.977,0.987,5.0,0.654,1.0
OPS-103293,2026-05-27,South West,Workplace Services,1811,47,1858,23,1835,0,0,8.0,0.6,0.967,2.5,0.734,0.012
OPS-103294,2026-05-27,South West,Facilities Response,0,25,25,25,0,0,0,1.0,0.944,0.951,4.3,0.621,1.0
OPS-103295,2026-05-27,South West,Estates Support,0,18,18,18,0,0,0,1.3,0.971,0.979,4.7,0.754,1.0
OPS-103296,2026-05-27,South West,Workplace Projects,0,38,38,38,0,0,0,1.3,0.972,0.957,4.8,0.781,1.0
OPS-103297,2026-05-27,South East,Workplace Services,0,45,45,45,0,0,0,1.6,0.926,0.973,4.7,0.743,1.0
OPS-103298,2026-05-27,South East,Facilities Response,2985,45,3030,20,3010,0,0,8.0,0.6,1.0,2.5,0.692,0.007
OPS-103299,2026-05-27,South East,Estates Support,0,46,46,46,0,0,0,2.1,0.935,0.96,4.4,0.802,1.0
OPS-103300,2026-05-27,South East,Workplace Projects,963,25,988,22,966,0,0,8.0,0.6,1.0,2.5,0.747,0.022
OPS-103301,2026-05-27,Wales,Workplace Services,1781,25,1806,27,1779,1,0,8.0,0.6,0.974,2.5,0.693,0.015
OPS-103302,2026-05-27,Wales,Facilities Response,1926,35,1961,18,1943,0,0,8.0,0.6,0.993,2.5,0.664,0.009
OPS-103303,2026-05-27,Wales,Estates Support,1245,50,1295,29,1266,0,0,8.0,0.6,0.969,2.5,0.778,0.022
OPS-103304,2026-05-27,Wales,Workplace Projects,0,26,26,26,0,0,0,1.3,0.997,1.0,4.5,0.713,1.0
OPS-103305,2026-05-28,Scotland,Workplace Services,528,35,563,39,524,1,0,8.0,0.6,0.99,2.5,0.724,0.069
OPS-103306,2026-05-28,Scotland,Facilities Response,26,42,68,50,18,0,0,2.7,0.876,0.98,3.7,0.8,0.735
OPS-103307,2026-05-28,Scotland,Estates Support,851,35,886,37,849,0,0,8.0,0.6,0.974,2.5,0.777,0.042
OPS-103308,2026-05-28,Scotland,Workplace Projects,0,38,38,34,4,0,0,1.5,0.936,0.985,4.1,0.765,0.895
OPS-103309,2026-05-28,North East,Workplace Services,6,53,59,45,14,0,0,2.4,0.91,0.947,3.9,0.705,0.763
OPS-103310,2026-05-28,North East,Facilities Response,0,25,25,25,0,1,0,1.5,0.996,0.967,4.6,0.707,1.0
OPS-103311,2026-05-28,North East,Estates Support,2093,37,2130,27,2103,0,0,8.0,0.6,0.989,2.5,0.717,0.013
OPS-103312,2026-05-28,North East,Workplace Projects,128,35,163,30,133,2,0,8.0,0.6,0.959,2.5,0.729,0.184
OPS-103313,2026-05-28,North West,Workplace Services,991,32,1023,30,993,0,0,8.0,0.6,1.0,2.5,0.77,0.029
OPS-103314,2026-05-28,North West,Facilities Response,2172,49,2221,21,2200,0,0,8.0,0.6,0.991,2.5,0.72,0.009
OPS-103315,2026-05-28,North West,Estates Support,2336,42,2378,19,2359,0,0,8.0,0.6,0.976,2.5,0.735,0.008
OPS-103316,2026-05-28,North West,Workplace Projects,0,36,36,36,0,0,0,1.4,0.971,0.985,4.4,0.729,1.0
OPS-103317,2026-05-28,Midlands,Workplace Services,0,45,45,45,0,0,0,1.4,0.937,0.976,4.6,0.627,1.0
OPS-103318,2026-05-28,Midlands,Facilities Response,1058,52,1110,37,1073,0,0,8.0,0.6,0.982,2.5,0.669,0.033
OPS-103319,2026-05-28,Midlands,Estates Support,761,37,798,39,759,0,0,8.0,0.6,0.976,2.5,0.773,0.049
OPS-103320,2026-05-28,Midlands,Workplace Projects,0,17,17,17,0,0,0,1.6,0.939,0.99,4.4,0.654,1.0
OPS-103321,2026-05-28,South West,Workplace Services,1835,41,1876,25,1851,0,0,8.0,0.6,0.98,2.5,0.734,0.013
OPS-103322,2026-05-28,South West,Facilities Response,0,44,44,44,0,0,0,1.2,0.939,0.968,4.2,0.621,1.0
OPS-103323,2026-05-28,South West,Estates Support,0,64,64,50,14,0,0,3.1,0.869,0.99,4.3,0.754,0.781
OPS-103324,2026-05-28,South West,Workplace Projects,0,13,13,13,0,0,0,1.8,0.992,0.993,4.3,0.781,1.0
OPS-103325,2026-05-28,South East,Workplace Services,0,55,55,54,1,1,0,1.6,0.946,0.989,4.5,0.743,0.982
OPS-103326,2026-05-28,South East,Facilities Response,3010,46,3056,16,3040,0,0,8.0,0.6,1.0,2.5,0.692,0.005
OPS-103327,2026-05-28,South East,Estates Support,0,26,26,26,0,0,0,1.3,0.972,0.991,4.4,0.802,1.0
OPS-103328,2026-05-28,South East,Workplace Projects,966,27,993,25,968,0,0,8.0,0.6,0.929,2.5,0.747,0.025
OPS-103329,2026-05-28,Wales,Workplace Services,1779,28,1807,27,1780,0,0,8.0,0.6,0.948,2.5,0.693,0.015
OPS-103330,2026-05-28,Wales,Facilities Response,1943,40,1983,25,1958,0,0,8.0,0.6,0.987,2.5,0.664,0.013
OPS-103331,2026-05-28,Wales,Estates Support,1266,43,1309,24,1285,0,0,8.0,0.6,0.956,2.5,0.778,0.018
OPS-103332,2026-05-28,Wales,Workplace Projects,0,32,32,32,0,0,0,1.2,0.981,0.97,4.6,0.713,1.0
OPS-103333,2026-05-29,Scotland,Workplace Services,524,48,572,37,535,0,0,8.0,0.6,0.978,2.5,0.724,0.065
OPS-103334,2026-05-29,Scotland,Facilities Response,18,32,50,50,0,0,0,1.2,0.954,0.962,4.5,0.8,1.0
OPS-103335,2026-05-29,Scotland,Estates Support,849,39,888,33,855,0,0,8.0,0.6,0.958,2.5,0.777,0.037
OPS-103336,2026-05-29,Scotland,Workplace Projects,4,33,37,37,0,1,0,1.8,0.961,0.977,4.5,0.765,1.0
OPS-103337,2026-05-29,North East,Workplace Services,14,44,58,37,21,0,0,3.0,0.846,0.943,4.0,0.705,0.638
OPS-103338,2026-05-29,North East,Facilities Response,0,39,39,39,0,0,0,1.3,0.987,0.985,4.6,0.707,1.0
OPS-103339,2026-05-29,North East,Estates Support,2103,62,2165,25,2140,0,0,8.0,0.6,0.99,2.5,0.717,0.012
OPS-103340,2026-05-29,North East,Workplace Projects,133,37,170,27,143,0,0,8.0,0.6,1.0,2.5,0.729,0.159
OPS-103341,2026-05-29,North West,Workplace Services,993,46,1039,32,1007,0,0,8.0,0.6,0.995,2.5,0.77,0.031
OPS-103342,2026-05-29,North West,Facilities Response,2200,29,2229,24,2205,0,0,8.0,0.6,0.99,2.5,0.72,0.011
OPS-103343,2026-05-29,North West,Estates Support,2359,43,2402,25,2377,0,0,8.0,0.6,1.0,2.5,0.735,0.01
OPS-103344,2026-05-29,North West,Workplace Projects,0,35,35,35,0,0,0,2.3,0.973,0.963,4.7,0.729,1.0
OPS-103345,2026-05-29,Midlands,Workplace Services,0,54,54,47,7,0,0,2.4,0.95,1.0,4.4,0.627,0.87
OPS-103346,2026-05-29,Midlands,Facilities Response,1073,61,1134,32,1102,0,0,8.0,0.6,0.99,2.5,0.669,0.028
OPS-103347,2026-05-29,Midlands,Estates Support,759,49,808,31,777,1,0,8.0,0.6,0.993,2.5,0.773,0.038
OPS-103348,2026-05-29,Midlands,Workplace Projects,0,35,35,35,0,0,0,1.8,0.949,0.975,4.6,0.654,1.0
OPS-103349,2026-05-29,South West,Workplace Services,1851,38,1889,28,1861,0,0,8.0,0.6,0.969,2.5,0.734,0.015
OPS-103350,2026-05-29,South West,Facilities Response,0,37,37,37,0,0,0,1.2,0.956,1.0,4.4,0.621,1.0
OPS-103351,2026-05-29,South West,Estates Support,14,24,38,38,0,0,0,1.9,0.989,0.966,4.3,0.754,1.0
OPS-103352,2026-05-29,South West,Workplace Projects,0,25,25,25,0,0,0,1.5,0.994,0.986,4.5,0.781,1.0
OPS-103353,2026-05-29,South East,Workplace Services,1,41,42,42,0,0,0,1.6,0.998,1.0,4.3,0.743,1.0
OPS-103354,2026-05-29,South East,Facilities Response,3040,58,3098,18,3080,0,0,8.0,0.6,1.0,2.5,0.692,0.006
OPS-103355,2026-05-29,South East,Estates Support,0,57,57,50,7,0,0,2.7,0.983,0.992,4.4,0.802,0.877
OPS-103356,2026-05-29,South East,Workplace Projects,968,36,1004,22,982,0,0,8.0,0.6,0.986,2.5,0.747,0.022
OPS-103357,2026-05-29,Wales,Workplace Services,1780,46,1826,27,1799,0,0,8.0,0.6,0.978,2.5,0.693,0.015
OPS-103358,2026-05-29,Wales,Facilities Response,1958,42,2000,19,1981,0,0,8.0,0.6,0.986,2.5,0.664,0.009
OPS-103359,2026-05-29,Wales,Estates Support,1285,35,1320,23,1297,1,0,8.0,0.6,0.988,2.5,0.778,0.017
OPS-103360,2026-05-29,Wales,Workplace Projects,0,35,35,35,0,0,0,1.0,0.928,0.993,5.0,0.713,1.0
OPS-103361,2026-06-01,Scotland,Workplace Services,535,40,575,39,536,0,0,8.0,0.6,1.0,2.5,0.66,0.068
OPS-103362,2026-06-01,Scotland,Facilities Response,0,31,31,31,0,1,0,2.3,0.949,0.976,4.7,0.723,1.0
OPS-103363,2026-06-01,Scotland,Estates Support,855,32,887,34,853,0,0,8.0,0.6,1.0,2.5,0.738,0.038
OPS-103364,2026-06-01,Scotland,Workplace Projects,0,37,37,37,0,0,0,1.3,0.98,0.953,4.5,0.711,1.0
OPS-103365,2026-06-01,North East,Workplace Services,21,37,58,41,17,0,0,3.2,0.851,0.992,4.3,0.744,0.707
OPS-103366,2026-06-01,North East,Facilities Response,0,56,56,56,0,0,0,2.2,0.941,0.976,4.8,0.709,1.0
OPS-103367,2026-06-01,North East,Estates Support,2140,53,2193,18,2175,0,0,8.0,0.6,0.994,2.5,0.772,0.008
OPS-103368,2026-06-01,North East,Workplace Projects,143,27,170,28,142,0,0,8.0,0.6,0.98,2.5,0.811,0.165
OPS-103369,2026-06-01,North West,Workplace Services,1007,46,1053,33,1020,0,0,8.0,0.6,0.98,2.5,0.755,0.031
OPS-103370,2026-06-01,North West,Facilities Response,2205,47,2252,28,2224,0,0,8.0,0.6,0.972,2.5,0.75,0.012
OPS-103371,2026-06-01,North West,Estates Support,2377,34,2411,20,2391,0,0,8.0,0.6,0.981,2.5,0.651,0.008
OPS-103372,2026-06-01,North West,Workplace Projects,0,30,30,30,0,0,0,0.8,0.953,1.0,4.7,0.694,1.0
OPS-103373,2026-06-01,Midlands,Workplace Services,7,53,60,43,17,0,0,2.6,0.878,0.991,3.8,0.671,0.717
OPS-103374,2026-06-01,Midlands,Facilities Response,1102,38,1140,38,1102,0,0,8.0,0.6,0.987,2.5,0.825,0.033
OPS-103375,2026-06-01,Midlands,Estates Support,777,47,824,38,786,1,0,8.0,0.6,0.98,2.5,0.814,0.046
OPS-103376,2026-06-01,Midlands,Workplace Projects,0,22,22,22,0,0,0,1.5,1.0,0.973,4.8,0.766,1.0
OPS-103377,2026-06-01,South West,Workplace Services,1861,50,1911,21,1890,0,0,8.0,0.6,0.988,2.5,0.705,0.011
OPS-103378,2026-06-01,South West,Facilities Response,0,53,53,46,7,0,0,1.9,0.923,0.983,4.4,0.653,0.868
OPS-103379,2026-06-01,South West,Estates Support,0,31,31,31,0,0,0,1.7,0.999,0.977,4.7,0.696,1.0
OPS-103380,2026-06-01,South West,Workplace Projects,0,33,33,33,0,0,0,2.5,0.959,0.984,4.5,0.812,1.0
OPS-103381,2026-06-01,South East,Workplace Services,0,47,47,47,0,0,0,1.3,0.99,0.974,4.4,0.733,1.0
OPS-103382,2026-06-01,South East,Facilities Response,3080,34,3114,26,3088,0,0,8.0,0.6,0.983,2.5,0.765,0.008
OPS-103383,2026-06-01,South East,Estates Support,7,79,86,62,24,0,0,3.1,0.779,1.0,3.9,0.77,0.721
OPS-103384,2026-06-01,South East,Workplace Projects,982,20,1002,22,980,0,0,8.0,0.6,0.983,2.5,0.729,0.022
OPS-103385,2026-06-01,Wales,Workplace Services,1799,39,1838,21,1817,0,0,8.0,0.6,0.97,2.5,0.726,0.011
OPS-103386,2026-06-01,Wales,Facilities Response,1981,24,2005,27,1978,0,0,8.0,0.6,1.0,2.5,0.679,0.013
OPS-103387,2026-06-01,Wales,Estates Support,1297,55,1352,31,1321,0,0,8.0,0.6,0.997,2.5,0.713,0.023
OPS-103388,2026-06-01,Wales,Workplace Projects,0,29,29,29,0,0,0,1.5,0.969,0.994,4.5,0.699,1.0
OPS-103389,2026-06-02,Scotland,Workplace Services,536,44,580,32,548,0,0,8.0,0.6,0.986,2.5,0.66,0.055
OPS-103390,2026-06-02,Scotland,Facilities Response,0,39,39,39,0,0,0,1.0,0.965,0.993,4.6,0.723,1.0
OPS-103391,2026-06-02,Scotland,Estates Support,853,54,907,29,878,0,0,8.0,0.6,0.966,2.5,0.738,0.032
OPS-103392,2026-06-02,Scotland,Workplace Projects,0,18,18,18,0,1,0,2.0,0.928,0.966,4.5,0.711,1.0
OPS-103393,2026-06-02,North East,Workplace Services,17,40,57,38,19,0,0,3.2,0.836,0.976,4.1,0.744,0.667
OPS-103394,2026-06-02,North East,Facilities Response,0,46,46,46,0,0,0,1.6,0.951,0.972,4.8,0.709,1.0
OPS-103395,2026-06-02,North East,Estates Support,2175,52,2227,20,2207,0,0,8.0,0.6,0.974,2.5,0.772,0.009
OPS-103396,2026-06-02,North East,Workplace Projects,142,28,170,25,145,0,0,8.0,0.6,0.998,2.5,0.811,0.147
OPS-103397,2026-06-02,North West,Workplace Services,1020,39,1059,32,1027,0,0,8.0,0.6,0.98,2.5,0.755,0.03
OPS-103398,2026-06-02,North West,Facilities Response,2224,26,2250,24,2226,0,0,8.0,0.6,0.98,2.5,0.75,0.011
OPS-103399,2026-06-02,North West,Estates Support,2391,60,2451,20,2431,0,0,8.0,0.6,0.987,2.5,0.651,0.008
OPS-103400,2026-06-02,North West,Workplace Projects,0,39,39,39,0,0,0,1.2,0.932,0.969,4.5,0.694,1.0
OPS-103401,2026-06-02,Midlands,Workplace Services,17,54,71,49,22,0,0,3.4,0.857,0.948,3.7,0.671,0.69
OPS-103402,2026-06-02,Midlands,Facilities Response,1102,54,1156,42,1114,0,0,8.0,0.6,0.953,2.5,0.825,0.036
OPS-103403,2026-06-02,Midlands,Estates Support,786,43,829,34,795,0,0,8.0,0.6,0.953,2.5,0.814,0.041
OPS-103404,2026-06-02,Midlands,Workplace Projects,0,32,32,32,0,0,0,1.4,0.966,0.972,4.8,0.766,1.0
OPS-103405,2026-06-02,South West,Workplace Services,1890,30,1920,21,1899,0,0,8.0,0.6,0.958,2.5,0.705,0.011
OPS-103406,2026-06-02,South West,Facilities Response,7,55,62,54,8,0,0,2.4,0.961,1.0,4.4,0.653,0.871
OPS-103407,2026-06-02,South West,Estates Support,0,46,46,46,0,0,0,1.4,0.962,0.973,4.5,0.696,1.0
OPS-103408,2026-06-02,South West,Workplace Projects,0,26,26,26,0,0,0,1.3,0.93,0.967,4.5,0.812,1.0
OPS-103409,2026-06-02,South East,Workplace Services,0,59,59,53,6,0,0,2.6,0.929,0.961,4.3,0.733,0.898
OPS-103410,2026-06-02,South East,Facilities Response,3088,49,3137,19,3118,1,0,8.0,0.6,0.929,2.5,0.765,0.006
OPS-103411,2026-06-02,South East,Estates Support,24,51,75,52,23,0,0,3.9,0.838,0.972,3.6,0.77,0.693
OPS-103412,2026-06-02,South East,Workplace Projects,980,28,1008,21,987,0,0,8.0,0.6,0.972,2.5,0.729,0.021
OPS-103413,2026-06-02,Wales,Workplace Services,1817,36,1853,28,1825,0,0,8.0,0.6,0.987,2.5,0.726,0.015
OPS-103414,2026-06-02,Wales,Facilities Response,1978,29,2007,24,1983,0,0,8.0,0.6,0.984,2.5,0.679,0.012
OPS-103415,2026-06-02,Wales,Estates Support,1321,49,1370,23,1347,0,0,8.0,0.6,0.988,2.5,0.713,0.017
OPS-103416,2026-06-02,Wales,Workplace Projects,0,36,36,36,0,0,0,1.2,0.978,0.991,4.8,0.699,1.0
OPS-103417,2026-06-03,Scotland,Workplace Services,548,50,598,32,566,0,0,8.0,0.6,0.979,2.5,0.66,0.054
OPS-103418,2026-06-03,Scotland,Facilities Response,0,48,48,48,0,1,0,1.2,0.918,0.942,4.6,0.723,1.0
OPS-103419,2026-06-03,Scotland,Estates Support,878,48,926,34,892,0,0,8.0,0.6,0.987,2.5,0.738,0.037
OPS-103420,2026-06-03,Scotland,Workplace Projects,0,20,20,20,0,0,0,1.5,1.0,0.994,4.7,0.711,1.0
OPS-103421,2026-06-03,North East,Workplace Services,19,30,49,42,7,0,0,2.1,0.934,0.997,3.8,0.744,0.857
OPS-103422,2026-06-03,North East,Facilities Response,0,42,42,42,0,0,0,1.4,0.97,0.986,4.5,0.709,1.0
OPS-103423,2026-06-03,North East,Estates Support,2207,49,2256,17,2239,0,0,8.0,0.6,0.96,2.5,0.772,0.008
OPS-103424,2026-06-03,North East,Workplace Projects,145,32,177,26,151,1,0,8.0,0.6,0.951,2.5,0.811,0.147
OPS-103425,2026-06-03,North West,Workplace Services,1027,37,1064,31,1033,1,0,8.0,0.6,0.979,2.5,0.755,0.029
OPS-103426,2026-06-03,North West,Facilities Response,2226,37,2263,22,2241,2,1,8.0,0.6,0.944,2.5,0.75,0.01
OPS-103427,2026-06-03,North West,Estates Support,2431,15,2446,21,2425,1,0,8.0,0.6,1.0,2.5,0.651,0.009
OPS-103428,2026-06-03,North West,Workplace Projects,0,29,29,29,0,0,0,1.7,0.982,1.0,4.7,0.694,1.0
OPS-103429,2026-06-03,Midlands,Workplace Services,22,35,57,43,14,0,0,2.0,0.89,0.984,4.1,0.671,0.754
OPS-103430,2026-06-03,Midlands,Facilities Response,1114,45,1159,37,1122,0,0,8.0,0.6,0.971,2.5,0.825,0.032
OPS-103431,2026-06-03,Midlands,Estates Support,795,40,835,29,806,0,0,8.0,0.6,0.998,2.5,0.814,0.035
OPS-103432,2026-06-03,Midlands,Workplace Projects,0,24,24,24,0,0,0,1.6,0.971,0.964,4.3,0.766,1.0
OPS-103433,2026-06-03,South West,Workplace Services,1899,38,1937,24,1913,0,0,8.0,0.6,1.0,2.5,0.705,0.012
OPS-103434,2026-06-03,South West,Facilities Response,8,34,42,42,0,0,0,1.3,0.945,0.976,4.3,0.653,1.0
OPS-103435,2026-06-03,South West,Estates Support,0,40,40,40,0,0,0,1.9,0.915,0.966,4.6,0.696,1.0
OPS-103436,2026-06-03,South West,Workplace Projects,0,38,38,38,0,0,0,1.0,0.97,0.966,4.3,0.812,1.0
OPS-103437,2026-06-03,South East,Workplace Services,6,37,43,43,0,0,0,1.4,0.998,0.993,4.8,0.733,1.0
OPS-103438,2026-06-03,South East,Facilities Response,3118,43,3161,21,3140,0,0,8.0,0.6,0.967,2.5,0.765,0.007
OPS-103439,2026-06-03,South East,Estates Support,23,57,80,65,15,0,0,1.7,0.874,0.958,4.0,0.77,0.812
OPS-103440,2026-06-03,South East,Workplace Projects,987,47,1034,22,1012,0,0,8.0,0.6,0.981,2.5,0.729,0.021
OPS-103441,2026-06-03,Wales,Workplace Services,1825,40,1865,21,1844,1,1,8.0,0.6,0.948,2.5,0.726,0.011
OPS-103442,2026-06-03,Wales,Facilities Response,1983,46,2029,24,2005,0,0,8.0,0.6,0.982,2.5,0.679,0.012
OPS-103443,2026-06-03,Wales,Estates Support,1347,26,1373,28,1345,0,0,8.0,0.6,0.97,2.5,0.713,0.02
OPS-103444,2026-06-03,Wales,Workplace Projects,0,36,36,36,0,1,0,1.4,0.96,0.975,4.5,0.699,1.0
OPS-103445,2026-06-04,Scotland,Workplace Services,566,43,609,36,573,0,0,8.0,0.6,1.0,2.5,0.66,0.059
OPS-103446,2026-06-04,Scotland,Facilities Response,0,44,44,44,0,0,0,1.6,0.982,1.0,4.7,0.723,1.0
OPS-103447,2026-06-04,Scotland,Estates Support,892,21,913,32,881,0,0,8.0,0.6,0.988,2.5,0.738,0.035
OPS-103448,2026-06-04,Scotland,Workplace Projects,0,22,22,22,0,0,0,1.7,0.987,1.0,4.7,0.711,1.0
OPS-103449,2026-06-04,North East,Workplace Services,7,43,50,48,2,0,0,1.8,0.95,1.0,4.4,0.744,0.96
OPS-103450,2026-06-04,North East,Facilities Response,0,65,65,58,7,0,0,2.1,0.942,1.0,4.3,0.709,0.892
OPS-103451,2026-06-04,North East,Estates Support,2239,56,2295,16,2279,0,0,8.0,0.6,0.971,2.5,0.772,0.007
OPS-103452,2026-06-04,North East,Workplace Projects,151,29,180,24,156,0,0,8.0,0.6,0.97,2.5,0.811,0.133
OPS-103453,2026-06-04,North West,Workplace Services,1033,49,1082,31,1051,0,0,8.0,0.6,1.0,2.5,0.755,0.029
OPS-103454,2026-06-04,North West,Facilities Response,2241,45,2286,22,2264,0,0,8.0,0.6,0.996,2.5,0.75,0.01
OPS-103455,2026-06-04,North West,Estates Support,2425,33,2458,24,2434,0,0,8.0,0.6,1.0,2.5,0.651,0.01
OPS-103456,2026-06-04,North West,Workplace Projects,0,27,27,27,0,0,0,1.7,0.951,0.968,4.4,0.694,1.0
OPS-103457,2026-06-04,Midlands,Workplace Services,14,38,52,39,13,0,0,3.2,0.928,1.0,4.1,0.671,0.75
OPS-103458,2026-06-04,Midlands,Facilities Response,1122,26,1148,40,1108,0,0,8.0,0.6,1.0,2.5,0.825,0.035
OPS-103459,2026-06-04,Midlands,Estates Support,806,59,865,39,826,0,0,8.0,0.6,1.0,2.5,0.814,0.045
OPS-103460,2026-06-04,Midlands,Workplace Projects,0,38,38,38,0,0,0,1.4,0.963,0.995,4.5,0.766,1.0
OPS-103461,2026-06-04,South West,Workplace Services,1913,41,1954,25,1929,0,0,8.0,0.6,1.0,2.5,0.705,0.013
OPS-103462,2026-06-04,South West,Facilities Response,0,48,48,48,0,0,0,0.6,0.992,0.985,4.6,0.653,1.0
OPS-103463,2026-06-04,South West,Estates Support,0,55,55,49,6,0,0,2.1,0.934,0.958,4.3,0.696,0.891
OPS-103464,2026-06-04,South West,Workplace Projects,0,24,24,24,0,1,0,1.6,0.916,0.989,4.1,0.812,1.0
OPS-103465,2026-06-04,South East,Workplace Services,0,43,43,43,0,0,0,1.6,0.964,1.0,4.4,0.733,1.0
OPS-103466,2026-06-04,South East,Facilities Response,3140,51,3191,20,3171,1,0,8.0,0.6,0.982,2.5,0.765,0.006
OPS-103467,2026-06-04,South East,Estates Support,15,45,60,60,0,0,0,1.8,0.936,0.995,4.7,0.77,1.0
OPS-103468,2026-06-04,South East,Workplace Projects,1012,27,1039,22,1017,0,0,8.0,0.6,1.0,2.5,0.729,0.021
OPS-103469,2026-06-04,Wales,Workplace Services,1844,35,1879,28,1851,0,0,8.0,0.6,0.99,2.5,0.726,0.015
OPS-103470,2026-06-04,Wales,Facilities Response,2005,37,2042,26,2016,0,0,8.0,0.6,0.995,2.5,0.679,0.013
OPS-103471,2026-06-04,Wales,Estates Support,1345,45,1390,30,1360,0,0,8.0,0.6,1.0,2.5,0.713,0.022
OPS-103472,2026-06-04,Wales,Workplace Projects,0,33,33,33,0,0,0,1.1,0.965,0.952,4.8,0.699,1.0
OPS-103473,2026-06-05,Scotland,Workplace Services,573,50,623,33,590,0,0,8.0,0.6,0.985,2.5,0.66,0.053
OPS-103474,2026-06-05,Scotland,Facilities Response,0,43,43,43,0,1,0,1.7,0.948,0.963,4.6,0.723,1.0
OPS-103475,2026-06-05,Scotland,Estates Support,881,45,926,31,895,0,0,8.0,0.6,0.997,2.5,0.738,0.033
OPS-103476,2026-06-05,Scotland,Workplace Projects,0,26,26,26,0,0,0,2.1,1.0,0.96,4.6,0.711,1.0
OPS-103477,2026-06-05,North East,Workplace Services,2,45,47,47,0,0,0,1.3,0.948,0.95,4.6,0.744,1.0
OPS-103478,2026-06-05,North East,Facilities Response,7,35,42,42,0,0,0,2.0,0.961,1.0,4.5,0.709,1.0
OPS-103479,2026-06-05,North East,Estates Support,2279,42,2321,17,2304,0,0,8.0,0.6,0.975,2.5,0.772,0.007
OPS-103480,2026-06-05,North East,Workplace Projects,156,31,187,22,165,0,0,8.0,0.6,1.0,2.5,0.811,0.118
OPS-103481,2026-06-05,North West,Workplace Services,1051,45,1096,33,1063,0,0,8.0,0.6,0.997,2.5,0.755,0.03
OPS-103482,2026-06-05,North West,Facilities Response,2264,26,2290,29,2261,0,0,8.0,0.6,0.994,2.5,0.75,0.013
OPS-103483,2026-06-05,North West,Estates Support,2434,44,2478,19,2459,0,0,8.0,0.6,0.996,2.5,0.651,0.008
OPS-103484,2026-06-05,North West,Workplace Projects,0,29,29,29,0,0,0,1.0,0.955,0.97,4.6,0.694,1.0
OPS-103485,2026-06-05,Midlands,Workplace Services,13,57,70,51,19,0,0,2.1,0.843,0.974,3.8,0.671,0.729
OPS-103486,2026-06-05,Midlands,Facilities Response,1108,47,1155,36,1119,0,0,8.0,0.6,1.0,2.5,0.825,0.031
OPS-103487,2026-06-05,Midlands,Estates Support,826,43,869,38,831,0,0,8.0,0.6,1.0,2.5,0.814,0.044
OPS-103488,2026-06-05,Midlands,Workplace Projects,0,26,26,26,0,1,0,1.6,0.96,0.97,4.2,0.766,1.0
OPS-103489,2026-06-05,South West,Workplace Services,1929,43,1972,24,1948,0,0,8.0,0.6,0.969,2.5,0.705,0.012
OPS-103490,2026-06-05,South West,Facilities Response,0,35,35,35,0,0,0,1.9,0.976,0.998,4.7,0.653,1.0
OPS-103491,2026-06-05,South West,Estates Support,6,54,60,46,14,0,0,2.7,0.939,0.983,4.3,0.696,0.767
OPS-103492,2026-06-05,South West,Workplace Projects,0,24,24,24,0,0,0,1.7,0.955,0.999,4.7,0.812,1.0
OPS-103493,2026-06-05,South East,Workplace Services,0,57,57,54,3,0,0,1.7,0.933,0.958,4.3,0.733,0.947
OPS-103494,2026-06-05,South East,Facilities Response,3171,63,3234,19,3215,1,0,8.0,0.6,0.982,2.5,0.765,0.006
OPS-103495,2026-06-05,South East,Estates Support,0,72,72,62,10,0,0,2.9,0.902,1.0,4.2,0.77,0.861
OPS-103496,2026-06-05,South East,Workplace Projects,1017,30,1047,20,1027,0,0,8.0,0.6,0.989,2.5,0.729,0.019
OPS-103497,2026-06-05,Wales,Workplace Services,1851,51,1902,22,1880,0,0,8.0,0.6,0.994,2.5,0.726,0.012
OPS-103498,2026-06-05,Wales,Facilities Response,2016,43,2059,28,2031,0,0,8.0,0.6,0.968,2.5,0.679,0.014
OPS-103499,2026-06-05,Wales,Estates Support,1360,36,1396,25,1371,0,0,8.0,0.6,1.0,2.5,0.713,0.018
OPS-103500,2026-06-05,Wales,Workplace Projects,0,42,42,42,0,0,0,1.9,1.0,0.982,4.9,0.699,1.0
OPS-103501,2026-06-08,Scotland,Workplace Services,590,47,637,34,603,0,0,8.0,0.6,0.992,2.5,0.66,0.053
OPS-103502,2026-06-08,Scotland,Facilities Response,0,45,45,45,0,0,0,1.4,0.972,1.0,4.6,0.723,1.0
OPS-103503,2026-06-08,Scotland,Estates Support,895,47,942,37,905,0,0,8.0,0.6,1.0,2.5,0.738,0.039
OPS-103504,2026-06-08,Scotland,Workplace Projects,0,17,17,17,0,0,0,1.4,0.979,1.0,4.9,0.711,1.0
OPS-103505,2026-06-08,North East,Workplace Services,0,41,41,38,3,0,0,1.9,0.974,0.974,4.2,0.744,0.927
OPS-103506,2026-06-08,North East,Facilities Response,0,43,43,43,0,0,0,1.6,0.944,1.0,4.5,0.709,1.0
OPS-103507,2026-06-08,North East,Estates Support,2304,60,2364,16,2348,0,0,8.0,0.6,0.998,2.5,0.772,0.007
OPS-103508,2026-06-08,North East,Workplace Projects,165,27,192,24,168,0,0,8.0,0.6,0.969,2.5,0.811,0.125
OPS-103509,2026-06-08,North West,Workplace Services,1063,38,1101,29,1072,1,0,8.0,0.6,0.972,2.5,0.755,0.026
OPS-103510,2026-06-08,North West,Facilities Response,2261,37,2298,22,2276,0,0,8.0,0.6,0.987,2.5,0.75,0.01
OPS-103511,2026-06-08,North West,Estates Support,2459,35,2494,18,2476,1,1,8.0,0.6,0.965,2.5,0.651,0.007
OPS-103512,2026-06-08,North West,Workplace Projects,0,25,25,25,0,1,0,2.1,0.928,0.966,4.7,0.694,1.0
OPS-103513,2026-06-08,Midlands,Workplace Services,19,35,54,47,7,0,0,2.7,0.915,0.958,4.3,0.671,0.87
OPS-103514,2026-06-08,Midlands,Facilities Response,1119,35,1154,41,1113,0,0,8.0,0.6,0.977,2.5,0.825,0.036
OPS-103515,2026-06-08,Midlands,Estates Support,831,50,881,37,844,0,0,8.0,0.6,0.982,2.5,0.814,0.042
OPS-103516,2026-06-08,Midlands,Workplace Projects,0,27,27,27,0,0,0,1.4,0.963,0.994,4.4,0.766,1.0
OPS-103517,2026-06-08,South West,Workplace Services,1948,46,1994,20,1974,0,0,8.0,0.6,0.966,2.5,0.705,0.01
OPS-103518,2026-06-08,South West,Facilities Response,0,28,28,28,0,0,0,1.7,0.984,0.98,4.9,0.653,1.0
OPS-103519,2026-06-08,South West,Estates Support,14,48,62,54,8,0,0,2.1,0.926,0.956,4.2,0.696,0.871
OPS-103520,2026-06-08,South West,Workplace Projects,0,25,25,25,0,0,0,1.3,0.977,0.99,4.9,0.812,1.0
OPS-103521,2026-06-08,South East,Workplace Services,3,42,45,45,0,0,0,1.7,0.987,0.995,4.8,0.733,1.0
OPS-103522,2026-06-08,South East,Facilities Response,3215,34,3249,21,3228,0,0,8.0,0.6,0.974,2.5,0.765,0.006
OPS-103523,2026-06-08,South East,Estates Support,10,32,42,42,0,0,0,1.3,0.954,1.0,4.6,0.77,1.0
OPS-103524,2026-06-08,South East,Workplace Projects,1027,14,1041,19,1022,0,0,8.0,0.6,0.982,2.5,0.729,0.018
OPS-103525,2026-06-08,Wales,Workplace Services,1880,31,1911,24,1887,1,1,8.0,0.6,0.946,2.5,0.726,0.013
OPS-103526,2026-06-08,Wales,Facilities Response,2031,28,2059,27,2032,0,0,8.0,0.6,1.0,2.5,0.679,0.013
OPS-103527,2026-06-08,Wales,Estates Support,1371,30,1401,26,1375,0,0,8.0,0.6,0.984,2.5,0.713,0.019
OPS-103528,2026-06-08,Wales,Workplace Projects,0,34,34,34,0,0,0,1.8,0.932,1.0,4.4,0.699,1.0
OPS-103529,2026-06-09,Scotland,Workplace Services,603,38,641,33,608,0,0,8.0,0.6,0.987,2.5,0.66,0.051
OPS-103530,2026-06-09,Scotland,Facilities Response,0,27,27,27,0,0,0,1.5,0.926,1.0,4.1,0.723,1.0
OPS-103531,2026-06-09,Scotland,Estates Support,905,37,942,32,910,0,0,8.0,0.6,1.0,2.5,0.738,0.034
OPS-103532,2026-06-09,Scotland,Workplace Projects,0,29,29,29,0,0,0,2.1,0.956,0.972,4.8,0.711,1.0
OPS-103533,2026-06-09,North East,Workplace Services,3,47,50,38,12,1,0,2.5,0.893,0.971,3.9,0.744,0.76
OPS-103534,2026-06-09,North East,Facilities Response,0,39,39,39,0,0,0,1.2,0.992,0.981,4.7,0.709,1.0
OPS-103535,2026-06-09,North East,Estates Support,2348,31,2379,17,2362,0,0,8.0,0.6,0.967,2.5,0.772,0.007
OPS-103536,2026-06-09,North East,Workplace Projects,168,26,194,25,169,0,0,8.0,0.6,0.965,2.5,0.811,0.129
OPS-103537,2026-06-09,North West,Workplace Services,1072,37,1109,37,1072,0,0,8.0,0.6,1.0,2.5,0.755,0.033
OPS-103538,2026-06-09,North West,Facilities Response,2276,21,2297,23,2274,0,0,8.0,0.6,0.961,2.5,0.75,0.01
OPS-103539,2026-06-09,North West,Estates Support,2476,39,2515,24,2491,0,0,8.0,0.6,0.977,2.5,0.651,0.01
OPS-103540,2026-06-09,North West,Workplace Projects,0,33,33,33,0,0,0,1.6,1.0,1.0,4.4,0.694,1.0
OPS-103541,2026-06-09,Midlands,Workplace Services,7,46,53,44,9,0,0,1.9,0.896,0.963,4.1,0.671,0.83
OPS-103542,2026-06-09,Midlands,Facilities Response,1113,42,1155,32,1123,0,0,8.0,0.6,0.959,2.5,0.825,0.028
OPS-103543,2026-06-09,Midlands,Estates Support,844,42,886,37,849,0,0,8.0,0.6,0.986,2.5,0.814,0.042
OPS-103544,2026-06-09,Midlands,Workplace Projects,0,26,26,26,0,0,0,1.0,0.938,1.0,4.8,0.766,1.0
OPS-103545,2026-06-09,South West,Workplace Services,1974,43,2017,23,1994,0,0,8.0,0.6,0.969,2.5,0.705,0.011
OPS-103546,2026-06-09,South West,Facilities Response,0,25,25,25,0,0,0,2.0,0.968,0.99,4.5,0.653,1.0
OPS-103547,2026-06-09,South West,Estates Support,8,42,50,50,0,0,0,1.4,0.952,0.973,4.4,0.696,1.0
OPS-103548,2026-06-09,South West,Workplace Projects,0,25,25,25,0,1,0,1.5,0.932,0.994,4.4,0.812,1.0
OPS-103549,2026-06-09,South East,Workplace Services,0,56,56,53,3,0,0,1.4,0.977,0.995,4.6,0.733,0.946
OPS-103550,2026-06-09,South East,Facilities Response,3228,40,3268,24,3244,0,0,8.0,0.6,0.969,2.5,0.765,0.007
OPS-103551,2026-06-09,South East,Estates Support,0,43,43,43,0,0,0,1.5,1.0,0.972,4.7,0.77,1.0
OPS-103552,2026-06-09,South East,Workplace Projects,1022,34,1056,21,1035,0,0,8.0,0.6,0.987,2.5,0.729,0.02
OPS-103553,2026-06-09,Wales,Workplace Services,1887,32,1919,24,1895,1,0,8.0,0.6,0.978,2.5,0.726,0.013
OPS-103554,2026-06-09,Wales,Facilities Response,2032,46,2078,30,2048,0,0,8.0,0.6,1.0,2.5,0.679,0.014
OPS-103555,2026-06-09,Wales,Estates Support,1375,42,1417,24,1393,0,0,8.0,0.6,0.989,2.5,0.713,0.017
OPS-103556,2026-06-09,Wales,Workplace Projects,0,18,18,18,0,0,0,1.5,0.959,0.981,4.6,0.699,1.0
OPS-103557,2026-06-10,Scotland,Workplace Services,608,36,644,34,610,0,0,8.0,0.6,0.97,2.5,0.66,0.053
OPS-103558,2026-06-10,Scotland,Facilities Response,0,47,47,47,0,0,0,1.2,0.984,0.941,4.6,0.723,1.0
OPS-103559,2026-06-10,Scotland,Estates Support,910,31,941,29,912,0,0,8.0,0.6,0.989,2.5,0.738,0.031
OPS-103560,2026-06-10,Scotland,Workplace Projects,0,35,35,35,0,0,0,2.3,0.957,0.95,4.9,0.711,1.0
OPS-103561,2026-06-10,North East,Workplace Services,12,54,66,37,29,1,0,3.7,0.78,1.0,3.6,0.744,0.561
OPS-103562,2026-06-10,North East,Facilities Response,0,46,46,46,0,0,0,1.0,0.974,0.991,4.2,0.709,1.0
OPS-103563,2026-06-10,North East,Estates Support,2362,33,2395,20,2375,0,0,8.0,0.6,0.973,2.5,0.772,0.008
OPS-103564,2026-06-10,North East,Workplace Projects,169,37,206,22,184,0,0,8.0,0.6,0.976,2.5,0.811,0.107
OPS-103565,2026-06-10,North West,Workplace Services,1072,52,1124,35,1089,0,0,8.0,0.6,1.0,2.5,0.755,0.031
OPS-103566,2026-06-10,North West,Facilities Response,2274,28,2302,25,2277,0,0,8.0,0.6,1.0,2.5,0.75,0.011
OPS-103567,2026-06-10,North West,Estates Support,2491,45,2536,22,2514,0,0,8.0,0.6,0.977,2.5,0.651,0.009
OPS-103568,2026-06-10,North West,Workplace Projects,0,31,31,31,0,1,0,1.1,0.92,0.97,4.5,0.694,1.0
OPS-103569,2026-06-10,Midlands,Workplace Services,9,41,50,42,8,1,0,2.0,0.886,0.976,4.0,0.671,0.84
OPS-103570,2026-06-10,Midlands,Facilities Response,1123,36,1159,32,1127,0,0,8.0,0.6,0.994,2.5,0.825,0.028
OPS-103571,2026-06-10,Midlands,Estates Support,849,45,894,36,858,0,0,8.0,0.6,1.0,2.5,0.814,0.04
OPS-103572,2026-06-10,Midlands,Workplace Projects,0,16,16,16,0,0,0,2.3,0.949,0.993,4.6,0.766,1.0
OPS-103573,2026-06-10,South West,Workplace Services,1994,77,2071,22,2049,0,0,8.0,0.6,0.969,2.5,0.705,0.011
OPS-103574,2026-06-10,South West,Facilities Response,0,36,36,36,0,0,0,1.3,0.981,0.991,4.4,0.653,1.0
OPS-103575,2026-06-10,South West,Estates Support,0,38,38,38,0,0,0,1.5,0.949,0.97,4.6,0.696,1.0
OPS-103576,2026-06-10,South West,Workplace Projects,0,45,45,45,0,0,0,1.5,0.988,0.98,4.8,0.812,1.0
OPS-103577,2026-06-10,South East,Workplace Services,3,57,60,52,8,0,0,2.2,0.906,0.971,4.5,0.733,0.867
OPS-103578,2026-06-10,South East,Facilities Response,3244,30,3274,22,3252,1,1,8.0,0.6,0.976,2.5,0.765,0.007
OPS-103579,2026-06-10,South East,Estates Support,0,42,42,42,0,2,2,2.6,0.772,0.938,4.2,0.77,1.0
OPS-103580,2026-06-10,South East,Workplace Projects,1035,36,1071,24,1047,0,0,8.0,0.6,0.99,2.5,0.729,0.022
OPS-103581,2026-06-10,Wales,Workplace Services,1895,36,1931,28,1903,0,0,8.0,0.6,0.992,2.5,0.726,0.015
OPS-103582,2026-06-10,Wales,Facilities Response,2048,44,2092,24,2068,0,0,8.0,0.6,0.959,2.5,0.679,0.011
OPS-103583,2026-06-10,Wales,Estates Support,1393,35,1428,29,1399,0,0,8.0,0.6,0.975,2.5,0.713,0.02
OPS-103584,2026-06-10,Wales,Workplace Projects,0,23,23,23,0,0,0,1.9,0.954,0.989,4.4,0.699,1.0
OPS-103585,2026-06-11,Scotland,Workplace Services,610,34,644,39,605,0,0,8.0,0.6,0.99,2.5,0.66,0.061
OPS-103586,2026-06-11,Scotland,Facilities Response,0,43,43,43,0,0,0,1.7,0.998,1.0,4.6,0.723,1.0
OPS-103587,2026-06-11,Scotland,Estates Support,912,41,953,35,918,0,0,8.0,0.6,0.967,2.5,0.738,0.037
OPS-103588,2026-06-11,Scotland,Workplace Projects,0,23,23,23,0,1,0,2.4,0.932,0.976,4.7,0.711,1.0
OPS-103589,2026-06-11,North East,Workplace Services,29,60,89,44,45,0,0,5.2,0.74,0.959,3.2,0.744,0.494
OPS-103590,2026-06-11,North East,Facilities Response,0,31,31,31,0,0,0,1.6,0.945,1.0,4.3,0.709,1.0
OPS-103591,2026-06-11,North East,Estates Support,2375,50,2425,19,2406,1,1,8.0,0.6,0.943,2.5,0.772,0.008
OPS-103592,2026-06-11,North East,Workplace Projects,184,20,204,21,183,0,0,8.0,0.6,0.979,2.5,0.811,0.103
OPS-103593,2026-06-11,North West,Workplace Services,1089,42,1131,30,1101,0,0,8.0,0.6,0.98,2.5,0.755,0.027
OPS-103594,2026-06-11,North West,Facilities Response,2277,36,2313,25,2288,0,0,8.0,0.6,0.998,2.5,0.75,0.011
OPS-103595,2026-06-11,North West,Estates Support,2514,44,2558,18,2540,0,0,8.0,0.6,0.986,2.5,0.651,0.007
OPS-103596,2026-06-11,North West,Workplace Projects,0,33,33,33,0,0,0,1.7,0.946,0.986,4.6,0.694,1.0
OPS-103597,2026-06-11,Midlands,Workplace Services,8,53,61,39,22,1,0,3.7,0.795,0.988,4.0,0.671,0.639
OPS-103598,2026-06-11,Midlands,Facilities Response,1127,33,1160,42,1118,0,0,8.0,0.6,0.977,2.5,0.825,0.036
OPS-103599,2026-06-11,Midlands,Estates Support,858,43,901,34,867,0,0,8.0,0.6,0.969,2.5,0.814,0.038
OPS-103600,2026-06-11,Midlands,Workplace Projects,0,33,33,33,0,0,0,1.7,0.984,1.0,4.4,0.766,1.0
OPS-103601,2026-06-11,South West,Workplace Services,2049,43,2092,22,2070,0,0,8.0,0.6,0.986,2.5,0.705,0.011
OPS-103602,2026-06-11,South West,Facilities Response,0,46,46,44,2,0,0,1.1,0.998,0.996,4.3,0.653,0.957
OPS-103603,2026-06-11,South West,Estates Support,0,34,34,34,0,0,0,0.8,0.99,0.979,4.6,0.696,1.0
OPS-103604,2026-06-11,South West,Workplace Projects,0,20,20,20,0,0,0,1.5,0.951,0.963,4.7,0.812,1.0
OPS-103605,2026-06-11,South East,Workplace Services,8,49,57,56,1,1,0,1.6,0.942,0.97,4.8,0.733,0.982
OPS-103606,2026-06-11,South East,Facilities Response,3252,40,3292,24,3268,0,0,8.0,0.6,0.988,2.5,0.765,0.007
OPS-103607,2026-06-11,South East,Estates Support,0,57,57,57,0,0,0,1.1,0.988,0.98,4.5,0.77,1.0
OPS-103608,2026-06-11,South East,Workplace Projects,1047,52,1099,23,1076,0,0,8.0,0.6,0.979,2.5,0.729,0.021
OPS-103609,2026-06-11,Wales,Workplace Services,1903,57,1960,28,1932,0,0,8.0,0.6,0.966,2.5,0.726,0.014
OPS-103610,2026-06-11,Wales,Facilities Response,2068,49,2117,24,2093,0,0,8.0,0.6,0.971,2.5,0.679,0.011
OPS-103611,2026-06-11,Wales,Estates Support,1399,52,1451,28,1423,0,0,8.0,0.6,0.996,2.5,0.713,0.019
OPS-103612,2026-06-11,Wales,Workplace Projects,0,38,38,38,0,0,0,1.9,0.984,0.982,4.6,0.699,1.0
OPS-103613,2026-06-12,Scotland,Workplace Services,605,39,644,33,611,2,1,8.0,0.6,0.976,2.5,0.66,0.051
OPS-103614,2026-06-12,Scotland,Facilities Response,0,54,54,53,1,0,0,1.5,1.0,0.982,4.5,0.723,0.981
OPS-103615,2026-06-12,Scotland,Estates Support,918,42,960,33,927,0,0,8.0,0.6,0.992,2.5,0.738,0.034
OPS-103616,2026-06-12,Scotland,Workplace Projects,0,35,35,35,0,0,0,1.2,0.973,0.972,4.6,0.711,1.0
OPS-103617,2026-06-12,North East,Workplace Services,45,40,85,34,51,1,1,5.7,0.624,0.945,2.7,0.744,0.4
OPS-103618,2026-06-12,North East,Facilities Response,0,61,61,54,7,0,0,2.1,0.931,1.0,4.2,0.709,0.885
OPS-103619,2026-06-12,North East,Estates Support,2406,24,2430,16,2414,0,0,8.0,0.6,0.992,2.5,0.772,0.007
OPS-103620,2026-06-12,North East,Workplace Projects,183,35,218,22,196,0,0,8.0,0.6,0.984,2.5,0.811,0.101
OPS-103621,2026-06-12,North West,Workplace Services,1101,41,1142,31,1111,0,0,8.0,0.6,0.971,2.5,0.755,0.027
OPS-103622,2026-06-12,North West,Facilities Response,2288,32,2320,28,2292,0,0,8.0,0.6,0.999,2.5,0.75,0.012
OPS-103623,2026-06-12,North West,Estates Support,2540,37,2577,19,2558,0,0,8.0,0.6,0.995,2.5,0.651,0.007
OPS-103624,2026-06-12,North West,Workplace Projects,0,38,38,38,0,0,0,2.5,0.964,1.0,4.2,0.694,1.0
OPS-103625,2026-06-12,Midlands,Workplace Services,22,34,56,49,7,0,0,2.0,0.903,0.988,4.1,0.671,0.875
OPS-103626,2026-06-12,Midlands,Facilities Response,1118,48,1166,40,1126,0,0,8.0,0.6,0.993,2.5,0.825,0.034
OPS-103627,2026-06-12,Midlands,Estates Support,867,48,915,39,876,0,0,8.0,0.6,0.993,2.5,0.814,0.043
OPS-103628,2026-06-12,Midlands,Workplace Projects,0,23,23,23,0,1,0,1.4,0.922,0.932,4.7,0.766,1.0
OPS-103629,2026-06-12,South West,Workplace Services,2070,43,2113,20,2093,0,0,8.0,0.6,0.993,2.5,0.705,0.009
OPS-103630,2026-06-12,South West,Facilities Response,2,40,42,42,0,0,0,1.6,0.969,0.995,4.6,0.653,1.0
OPS-103631,2026-06-12,South West,Estates Support,0,34,34,34,0,0,0,1.0,1.0,0.978,4.6,0.696,1.0
OPS-103632,2026-06-12,South West,Workplace Projects,0,16,16,16,0,0,0,1.7,1.0,0.989,4.2,0.812,1.0
OPS-103633,2026-06-12,South East,Workplace Services,1,39,40,40,0,0,0,2.0,0.965,0.943,4.3,0.733,1.0
OPS-103634,2026-06-12,South East,Facilities Response,3268,51,3319,24,3295,0,0,8.0,0.6,0.984,2.5,0.765,0.007
OPS-103635,2026-06-12,South East,Estates Support,0,31,31,31,0,0,0,2.2,0.945,0.993,4.6,0.77,1.0
OPS-103636,2026-06-12,South East,Workplace Projects,1076,42,1118,20,1098,0,0,8.0,0.6,0.966,2.5,0.729,0.018
OPS-103637,2026-06-12,Wales,Workplace Services,1932,40,1972,26,1946,0,0,8.0,0.6,0.984,2.5,0.726,0.013
OPS-103638,2026-06-12,Wales,Facilities Response,2093,41,2134,25,2109,0,0,8.0,0.6,0.964,2.5,0.679,0.012
OPS-103639,2026-06-12,Wales,Estates Support,1423,49,1472,24,1448,0,0,8.0,0.6,1.0,2.5,0.713,0.016
OPS-103640,2026-06-12,Wales,Workplace Projects,0,26,26,26,0,0,0,1.6,0.987,0.993,4.8,0.699,1.0
OPS-103641,2026-06-14,Scotland,Workplace Services,611,41,652,29,623,1,0,8.0,0.6,0.965,2.5,0.66,0.044
OPS-103642,2026-06-14,Scotland,Facilities Response,1,20,21,21,0,0,0,1.4,0.962,0.971,4.5,0.723,1.0
OPS-103643,2026-06-14,Scotland,Estates Support,927,61,988,38,950,0,0,8.0,0.6,1.0,2.5,0.738,0.038
OPS-103644,2026-06-14,Scotland,Workplace Projects,0,29,29,29,0,0,0,1.4,0.939,1.0,4.5,0.711,1.0
OPS-103645,2026-06-14,North East,Workplace Services,51,30,81,43,38,1,0,4.5,0.709,0.973,3.4,0.744,0.531
OPS-103646,2026-06-14,North East,Facilities Response,7,56,63,49,14,0,0,2.4,0.893,0.965,4.4,0.709,0.778
OPS-103647,2026-06-14,North East,Estates Support,2414,54,2468,19,2449,0,0,8.0,0.6,1.0,2.5,0.772,0.008
OPS-103648,2026-06-14,North East,Workplace Projects,196,31,227,28,199,0,0,8.0,0.6,0.959,2.5,0.811,0.123
OPS-103649,2026-06-14,North West,Workplace Services,1111,51,1162,30,1132,0,0,8.0,0.6,1.0,2.5,0.755,0.026
OPS-103650,2026-06-14,North West,Facilities Response,2292,43,2335,26,2309,0,0,8.0,0.6,0.994,2.5,0.75,0.011
OPS-103651,2026-06-14,North West,Estates Support,2558,34,2592,23,2569,0,0,8.0,0.6,0.99,2.5,0.651,0.009
OPS-103652,2026-06-14,North West,Workplace Projects,0,19,19,19,0,0,0,1.7,0.954,0.981,4.9,0.694,1.0
OPS-103653,2026-06-14,Midlands,Workplace Services,7,45,52,52,0,0,0,1.2,0.983,1.0,4.7,0.671,1.0
OPS-103654,2026-06-14,Midlands,Facilities Response,1126,37,1163,37,1126,0,0,8.0,0.6,1.0,2.5,0.825,0.032
OPS-103655,2026-06-14,Midlands,Estates Support,876,46,922,35,887,0,0,8.0,0.6,0.991,2.5,0.814,0.038
OPS-103656,2026-06-14,Midlands,Workplace Projects,0,19,19,19,0,0,0,1.4,0.984,0.967,4.6,0.766,1.0
OPS-103657,2026-06-14,South West,Workplace Services,2093,43,2136,22,2114,0,0,8.0,0.6,0.993,2.5,0.705,0.01
OPS-103658,2026-06-14,South West,Facilities Response,0,42,42,42,0,0,0,1.4,1.0,0.998,4.2,0.653,1.0
OPS-103659,2026-06-14,South West,Estates Support,0,21,21,21,0,0,0,1.5,0.955,0.975,4.3,0.696,1.0
OPS-103660,2026-06-14,South West,Workplace Projects,0,34,34,34,0,0,0,0.9,0.991,0.973,4.5,0.812,1.0
OPS-103661,2026-06-14,South East,Workplace Services,0,59,59,54,5,0,0,2.2,0.948,1.0,4.2,0.733,0.915
OPS-103662,2026-06-14,South East,Facilities Response,3295,41,3336,25,3311,0,0,8.0,0.6,1.0,2.5,0.765,0.007
OPS-103663,2026-06-14,South East,Estates Support,0,42,42,42,0,0,0,1.3,0.98,0.998,4.5,0.77,1.0
OPS-103664,2026-06-14,South East,Workplace Projects,1098,34,1132,20,1112,0,0,8.0,0.6,1.0,2.5,0.729,0.018
OPS-103665,2026-06-14,Wales,Workplace Services,1946,51,1997,26,1971,0,0,8.0,0.6,0.986,2.5,0.726,0.013
OPS-103666,2026-06-14,Wales,Facilities Response,2109,16,2125,29,2096,0,0,8.0,0.6,0.963,2.5,0.679,0.014
OPS-103667,2026-06-14,Wales,Estates Support,1448,49,1497,25,1472,0,0,8.0,0.6,0.988,2.5,0.713,0.017
OPS-103668,2026-06-14,Wales,Workplace Projects,0,19,19,19,0,0,0,1.3,0.966,0.984,4.4,0.699,1.0
OPS-103669,2026-06-15,Scotland,Workplace Services,623,59,682,33,649,0,0,8.0,0.6,0.978,2.5,0.66,0.048
OPS-103670,2026-06-15,Scotland,Facilities Response,0,41,41,41,0,0,0,1.4,0.951,1.0,4.5,0.723,1.0
OPS-103671,2026-06-15,Scotland,Estates Support,950,54,1004,34,970,0,0,8.0,0.6,0.987,2.5,0.738,0.034
OPS-103672,2026-06-15,Scotland,Workplace Projects,0,22,22,22,0,0,0,1.5,0.979,0.961,4.5,0.711,1.0
OPS-103673,2026-06-15,North East,Workplace Services,38,38,76,45,31,0,0,3.7,0.808,0.978,3.6,0.744,0.592
OPS-103674,2026-06-15,North East,Facilities Response,14,38,52,46,6,0,0,2.0,0.921,0.97,4.7,0.709,0.885
OPS-103675,2026-06-15,North East,Estates Support,2449,25,2474,19,2455,0,0,8.0,0.6,0.985,2.5,0.772,0.008
OPS-103676,2026-06-15,North East,Workplace Projects,199,32,231,22,209,1,0,8.0,0.6,0.965,2.5,0.811,0.095
OPS-103677,2026-06-15,North West,Workplace Services,1132,27,1159,36,1123,0,0,8.0,0.6,0.992,2.5,0.755,0.031
OPS-103678,2026-06-15,North West,Facilities Response,2309,54,2363,24,2339,0,0,8.0,0.6,0.949,2.5,0.75,0.01
OPS-103679,2026-06-15,North West,Estates Support,2569,39,2608,22,2586,0,0,8.0,0.6,0.977,2.5,0.651,0.008
OPS-103680,2026-06-15,North West,Workplace Projects,0,20,20,20,0,0,0,1.0,0.959,0.986,4.4,0.694,1.0
OPS-103681,2026-06-15,Midlands,Workplace Services,0,42,42,42,0,0,0,1.6,0.985,0.977,4.5,0.671,1.0
OPS-103682,2026-06-15,Midlands,Facilities Response,1126,50,1176,38,1138,0,0,8.0,0.6,0.975,2.5,0.825,0.032
OPS-103683,2026-06-15,Midlands,Estates Support,887,50,937,35,902,0,0,8.0,0.6,0.984,2.5,0.814,0.037
OPS-103684,2026-06-15,Midlands,Workplace Projects,0,36,36,36,0,0,0,1.5,0.994,0.996,4.3,0.766,1.0
OPS-103685,2026-06-15,South West,Workplace Services,2114,48,2162,25,2137,0,0,8.0,0.6,0.969,2.5,0.705,0.012
OPS-103686,2026-06-15,South West,Facilities Response,0,38,38,38,0,0,0,1.1,0.984,0.959,4.5,0.653,1.0
OPS-103687,2026-06-15,South West,Estates Support,0,39,39,39,0,0,0,1.6,0.941,0.983,4.3,0.696,1.0
OPS-103688,2026-06-15,South West,Workplace Projects,0,46,46,46,0,0,0,1.0,0.95,1.0,4.4,0.812,1.0
OPS-103689,2026-06-15,South East,Workplace Services,5,60,65,54,11,1,0,2.4,0.856,0.961,3.6,0.733,0.831
OPS-103690,2026-06-15,South East,Facilities Response,3311,45,3356,25,3331,0,0,8.0,0.6,0.983,2.5,0.765,0.007
OPS-103691,2026-06-15,South East,Estates Support,0,22,22,22,0,0,0,1.3,0.978,1.0,4.5,0.77,1.0
OPS-103692,2026-06-15,South East,Workplace Projects,1112,39,1151,19,1132,0,0,8.0,0.6,1.0,2.5,0.729,0.017
OPS-103693,2026-06-15,Wales,Workplace Services,1971,29,2000,28,1972,0,0,8.0,0.6,0.996,2.5,0.726,0.014
OPS-103694,2026-06-15,Wales,Facilities Response,2096,44,2140,31,2109,0,0,8.0,0.6,0.983,2.5,0.679,0.014
OPS-103695,2026-06-15,Wales,Estates Support,1472,44,1516,25,1491,0,0,8.0,0.6,0.965,2.5,0.713,0.016
OPS-103696,2026-06-15,Wales,Workplace Projects,0,34,34,34,0,1,0,1.5,0.96,0.988,4.6,0.699,1.0
OPS-103697,2026-06-16,Scotland,Workplace Services,649,59,708,39,669,0,0,8.0,0.6,0.981,2.5,0.66,0.055
OPS-103698,2026-06-16,Scotland,Facilities Response,0,50,50,50,0,0,0,1.4,0.93,1.0,4.5,0.723,1.0
OPS-103699,2026-06-16,Scotland,Estates Support,970,32,1002,35,967,0,0,8.0,0.6,1.0,2.5,0.738,0.035
OPS-103700,2026-06-16,Scotland,Workplace Projects,0,28,28,28,0,0,0,1.9,0.992,1.0,4.6,0.711,1.0
OPS-103701,2026-06-16,North East,Workplace Services,31,44,75,46,29,0,0,3.4,0.815,1.0,3.5,0.744,0.613
OPS-103702,2026-06-16,North East,Facilities Response,6,52,58,44,14,0,0,2.6,0.864,0.997,3.8,0.709,0.759
OPS-103703,2026-06-16,North East,Estates Support,2455,37,2492,19,2473,0,0,8.0,0.6,1.0,2.5,0.772,0.008
OPS-103704,2026-06-16,North East,Workplace Projects,209,38,247,26,221,0,0,8.0,0.6,0.998,2.5,0.811,0.105
OPS-103705,2026-06-16,North West,Workplace Services,1123,34,1157,32,1125,1,0,8.0,0.6,0.984,2.5,0.755,0.028
OPS-103706,2026-06-16,North West,Facilities Response,2339,47,2386,27,2359,0,0,8.0,0.6,0.982,2.5,0.75,0.011
OPS-103707,2026-06-16,North West,Estates Support,2586,34,2620,23,2597,0,0,8.0,0.6,0.972,2.5,0.651,0.009
OPS-103708,2026-06-16,North West,Workplace Projects,0,35,35,35,0,0,0,1.6,0.943,0.965,4.2,0.694,1.0
OPS-103709,2026-06-16,Midlands,Workplace Services,0,44,44,44,0,0,0,1.7,0.944,0.99,4.2,0.671,1.0
OPS-103710,2026-06-16,Midlands,Facilities Response,1138,50,1188,36,1152,0,0,8.0,0.6,0.96,2.5,0.825,0.03
OPS-103711,2026-06-16,Midlands,Estates Support,902,32,934,28,906,1,1,8.0,0.6,0.944,2.5,0.814,0.03
OPS-103712,2026-06-16,Midlands,Workplace Projects,0,40,40,40,0,0,0,1.3,0.998,0.991,4.2,0.766,1.0
OPS-103713,2026-06-16,South West,Workplace Services,2137,50,2187,19,2168,0,0,8.0,0.6,0.966,2.5,0.705,0.009
OPS-103714,2026-06-16,South West,Facilities Response,0,43,43,43,0,0,0,1.2,0.97,1.0,4.6,0.653,1.0
OPS-103715,2026-06-16,South West,Estates Support,0,56,56,56,0,0,0,1.2,1.0,0.962,4.3,0.696,1.0
OPS-103716,2026-06-16,South West,Workplace Projects,0,33,33,33,0,0,0,1.9,0.965,0.987,4.6,0.812,1.0
OPS-103717,2026-06-16,South East,Workplace Services,11,38,49,49,0,0,0,1.3,0.956,0.98,4.7,0.733,1.0
OPS-103718,2026-06-16,South East,Facilities Response,3331,27,3358,20,3338,0,0,8.0,0.6,0.992,2.5,0.765,0.006
OPS-103719,2026-06-16,South East,Estates Support,0,51,51,49,2,0,0,1.9,0.934,0.993,4.6,0.77,0.961
OPS-103720,2026-06-16,South East,Workplace Projects,1132,51,1183,25,1158,0,0,8.0,0.6,0.986,2.5,0.729,0.021
OPS-103721,2026-06-16,Wales,Workplace Services,1972,39,2011,22,1989,1,0,8.0,0.6,0.974,2.5,0.726,0.011
OPS-103722,2026-06-16,Wales,Facilities Response,2109,19,2128,26,2102,0,0,8.0,0.6,0.986,2.5,0.679,0.012
OPS-103723,2026-06-16,Wales,Estates Support,1491,35,1526,24,1502,0,0,8.0,0.6,0.995,2.5,0.713,0.016
OPS-103724,2026-06-16,Wales,Workplace Projects,0,16,16,16,0,0,0,1.3,0.965,1.0,4.7,0.699,1.0
OPS-103725,2026-06-17,Scotland,Workplace Services,669,49,718,38,680,0,0,8.0,0.6,0.989,2.5,0.66,0.053
OPS-103726,2026-06-17,Scotland,Facilities Response,0,49,49,49,0,1,0,1.5,0.973,0.97,4.2,0.723,1.0
OPS-103727,2026-06-17,Scotland,Estates Support,967,46,1013,37,976,0,0,8.0,0.6,0.979,2.5,0.738,0.037
OPS-103728,2026-06-17,Scotland,Workplace Projects,0,34,34,34,0,0,0,1.2,0.97,0.975,4.3,0.711,1.0
OPS-103729,2026-06-17,North East,Workplace Services,29,45,74,50,24,0,0,3.0,0.87,1.0,3.8,0.744,0.676
OPS-103730,2026-06-17,North East,Facilities Response,14,40,54,54,0,0,0,1.5,1.0,0.986,4.8,0.709,1.0
OPS-103731,2026-06-17,North East,Estates Support,2473,45,2518,16,2502,0,0,8.0,0.6,0.971,2.5,0.772,0.006
OPS-103732,2026-06-17,North East,Workplace Projects,221,28,249,23,226,0,0,8.0,0.6,1.0,2.5,0.811,0.092
OPS-103733,2026-06-17,North West,Workplace Services,1125,52,1177,37,1140,0,0,8.0,0.6,1.0,2.5,0.755,0.031
OPS-103734,2026-06-17,North West,Facilities Response,2359,37,2396,26,2370,0,0,8.0,0.6,1.0,2.5,0.75,0.011
OPS-103735,2026-06-17,North West,Estates Support,2597,48,2645,24,2621,0,0,8.0,0.6,0.983,2.5,0.651,0.009
OPS-103736,2026-06-17,North West,Workplace Projects,0,28,28,28,0,0,0,2.1,0.953,1.0,4.6,0.694,1.0
OPS-103737,2026-06-17,Midlands,Workplace Services,0,54,54,51,3,1,0,2.2,0.907,0.985,4.5,0.671,0.944
OPS-103738,2026-06-17,Midlands,Facilities Response,1152,37,1189,34,1155,0,0,8.0,0.6,0.953,2.5,0.825,0.029
OPS-103739,2026-06-17,Midlands,Estates Support,906,53,959,36,923,0,0,8.0,0.6,0.992,2.5,0.814,0.038
OPS-103740,2026-06-17,Midlands,Workplace Projects,0,31,31,31,0,0,0,1.5,0.929,0.988,4.4,0.766,1.0
OPS-103741,2026-06-17,South West,Workplace Services,2168,31,2199,19,2180,0,0,8.0,0.6,0.981,2.5,0.705,0.009
OPS-103742,2026-06-17,South West,Facilities Response,0,55,55,55,0,1,0,1.6,0.945,0.996,4.5,0.653,1.0
OPS-103743,2026-06-17,South West,Estates Support,0,48,48,45,3,0,0,1.6,0.98,0.982,4.3,0.696,0.938
OPS-103744,2026-06-17,South West,Workplace Projects,0,33,33,33,0,0,0,1.5,0.987,1.0,4.7,0.812,1.0
OPS-103745,2026-06-17,South East,Workplace Services,0,48,48,48,0,0,0,1.6,0.985,0.958,4.5,0.733,1.0
OPS-103746,2026-06-17,South East,Facilities Response,3338,40,3378,24,3354,0,0,8.0,0.6,0.942,2.5,0.765,0.007
OPS-103747,2026-06-17,South East,Estates Support,2,29,31,31,0,0,0,2.0,0.981,0.991,4.6,0.77,1.0
OPS-103748,2026-06-17,South East,Workplace Projects,1158,49,1207,22,1185,0,0,8.0,0.6,0.976,2.5,0.729,0.018
OPS-103749,2026-06-17,Wales,Workplace Services,1989,39,2028,28,2000,0,0,8.0,0.6,0.985,2.5,0.726,0.014
OPS-103750,2026-06-17,Wales,Facilities Response,2102,31,2133,29,2104,0,0,8.0,0.6,0.964,2.5,0.679,0.014
OPS-103751,2026-06-17,Wales,Estates Support,1502,64,1566,27,1539,0,0,8.0,0.6,0.979,2.5,0.713,0.017
OPS-103752,2026-06-17,Wales,Workplace Projects,0,44,44,44,0,0,0,1.5,0.945,1.0,4.5,0.699,1.0
OPS-103753,2026-06-18,Scotland,Workplace Services,680,39,719,37,682,1,0,8.0,0.6,0.992,2.5,0.66,0.051
OPS-103754,2026-06-18,Scotland,Facilities Response,0,23,23,23,0,0,0,1.5,0.953,0.985,4.6,0.723,1.0
OPS-103755,2026-06-18,Scotland,Estates Support,976,48,1024,35,989,0,0,8.0,0.6,0.954,2.5,0.738,0.034
OPS-103756,2026-06-18,Scotland,Workplace Projects,0,35,35,35,0,0,0,1.9,1.0,0.998,4.7,0.711,1.0
OPS-103757,2026-06-18,North East,Workplace Services,24,49,73,50,23,0,0,2.4,0.817,0.975,3.6,0.744,0.685
OPS-103758,2026-06-18,North East,Facilities Response,0,42,42,42,0,0,0,1.4,0.96,1.0,4.5,0.709,1.0
OPS-103759,2026-06-18,North East,Estates Support,2502,38,2540,16,2524,0,0,8.0,0.6,0.958,2.5,0.772,0.006
OPS-103760,2026-06-18,North East,Workplace Projects,226,37,263,22,241,0,0,8.0,0.6,0.995,2.5,0.811,0.084
OPS-103761,2026-06-18,North West,Workplace Services,1140,57,1197,35,1162,0,0,8.0,0.6,1.0,2.5,0.755,0.029
OPS-103762,2026-06-18,North West,Facilities Response,2370,21,2391,23,2368,0,0,8.0,0.6,0.971,2.5,0.75,0.01
OPS-103763,2026-06-18,North West,Estates Support,2621,31,2652,22,2630,0,0,8.0,0.6,0.98,2.5,0.651,0.008
OPS-103764,2026-06-18,North West,Workplace Projects,0,39,39,39,0,0,0,1.5,0.98,1.0,4.6,0.694,1.0
OPS-103765,2026-06-18,Midlands,Workplace Services,3,27,30,30,0,0,0,1.3,0.974,1.0,4.5,0.671,1.0
OPS-103766,2026-06-18,Midlands,Facilities Response,1155,35,1190,35,1155,0,0,8.0,0.6,0.977,2.5,0.825,0.029
OPS-103767,2026-06-18,Midlands,Estates Support,923,41,964,34,930,0,0,8.0,0.6,0.96,2.5,0.814,0.035
OPS-103768,2026-06-18,Midlands,Workplace Projects,0,28,28,28,0,0,0,2.0,0.95,0.991,4.5,0.766,1.0
OPS-103769,2026-06-18,South West,Workplace Services,2180,45,2225,24,2201,0,0,8.0,0.6,0.981,2.5,0.705,0.011
OPS-103770,2026-06-18,South West,Facilities Response,0,38,38,38,0,0,0,1.7,0.915,0.998,4.7,0.653,1.0
OPS-103771,2026-06-18,South West,Estates Support,3,32,35,35,0,0,0,1.4,0.998,0.981,4.7,0.696,1.0
OPS-103772,2026-06-18,South West,Workplace Projects,0,30,30,30,0,1,0,1.6,0.988,0.984,4.5,0.812,1.0
OPS-103773,2026-06-18,South East,Workplace Services,0,50,50,50,0,0,0,1.9,0.962,0.965,4.7,0.733,1.0
OPS-103774,2026-06-18,South East,Facilities Response,3354,49,3403,21,3382,0,0,8.0,0.6,0.949,2.5,0.765,0.006
OPS-103775,2026-06-18,South East,Estates Support,0,31,31,31,0,0,0,1.6,1.0,0.981,4.5,0.77,1.0
OPS-103776,2026-06-18,South East,Workplace Projects,1185,26,1211,19,1192,0,0,8.0,0.6,0.975,2.5,0.729,0.016
OPS-103777,2026-06-18,Wales,Workplace Services,2000,24,2024,26,1998,0,0,8.0,0.6,0.963,2.5,0.726,0.013
OPS-103778,2026-06-18,Wales,Facilities Response,2104,26,2130,27,2103,0,0,8.0,0.6,0.977,2.5,0.679,0.013
OPS-103779,2026-06-18,Wales,Estates Support,1539,39,1578,24,1554,1,0,8.0,0.6,0.991,2.5,0.713,0.015
OPS-103780,2026-06-18,Wales,Workplace Projects,0,29,29,29,0,0,0,1.1,0.991,0.979,4.5,0.699,1.0
OPS-103781,2026-06-19,Scotland,Workplace Services,682,38,720,40,680,0,0,8.0,0.6,0.982,2.5,0.66,0.056
OPS-103782,2026-06-19,Scotland,Facilities Response,0,52,52,52,0,0,0,1.3,0.962,1.0,4.4,0.723,1.0
OPS-103783,2026-06-19,Scotland,Estates Support,989,52,1041,29,1012,0,0,8.0,0.6,0.956,2.5,0.738,0.028
OPS-103784,2026-06-19,Scotland,Workplace Projects,0,41,41,40,1,0,0,1.6,0.977,1.0,4.6,0.711,0.976
OPS-103785,2026-06-19,North East,Workplace Services,23,28,51,47,4,0,0,1.9,0.993,1.0,4.4,0.744,0.922
OPS-103786,2026-06-19,North East,Facilities Response,0,62,62,49,13,0,0,2.4,0.899,0.969,3.9,0.709,0.79
OPS-103787,2026-06-19,North East,Estates Support,2524,29,2553,15,2538,1,1,8.0,0.6,0.971,2.5,0.772,0.006
OPS-103788,2026-06-19,North East,Workplace Projects,241,27,268,26,242,0,0,8.0,0.6,0.989,2.5,0.811,0.097
OPS-103789,2026-06-19,North West,Workplace Services,1162,32,1194,34,1160,0,0,8.0,0.6,0.985,2.5,0.755,0.028
OPS-103790,2026-06-19,North West,Facilities Response,2368,48,2416,26,2390,0,0,8.0,0.6,0.965,2.5,0.75,0.011
OPS-103791,2026-06-19,North West,Estates Support,2630,38,2668,20,2648,0,0,8.0,0.6,0.968,2.5,0.651,0.007
OPS-103792,2026-06-19,North West,Workplace Projects,0,32,32,32,0,0,0,1.9,0.985,0.992,4.3,0.694,1.0
OPS-103793,2026-06-19,Midlands,Workplace Services,0,46,46,43,3,0,0,1.8,0.946,0.986,4.4,0.671,0.935
OPS-103794,2026-06-19,Midlands,Facilities Response,1155,52,1207,34,1173,0,0,8.0,0.6,0.954,2.5,0.825,0.028
OPS-103795,2026-06-19,Midlands,Estates Support,930,50,980,34,946,0,0,8.0,0.6,0.955,2.5,0.814,0.035
OPS-103796,2026-06-19,Midlands,Workplace Projects,0,19,19,19,0,1,0,1.6,0.953,0.99,4.5,0.766,1.0
OPS-103797,2026-06-19,South West,Workplace Services,2201,36,2237,22,2215,0,0,8.0,0.6,0.981,2.5,0.705,0.01
OPS-103798,2026-06-19,South West,Facilities Response,0,47,47,45,2,0,0,1.3,0.982,1.0,4.1,0.653,0.957
OPS-103799,2026-06-19,South West,Estates Support,0,26,26,26,0,0,0,1.7,0.971,0.988,4.2,0.696,1.0
OPS-103800,2026-06-19,South West,Workplace Projects,0,35,35,35,0,0,0,1.2,0.923,0.986,4.6,0.812,1.0
OPS-103801,2026-06-19,South East,Workplace Services,0,40,40,40,0,3,0,2.7,0.921,0.951,4.7,0.733,1.0
OPS-103802,2026-06-19,South East,Facilities Response,3382,34,3416,23,3393,0,0,8.0,0.6,1.0,2.5,0.765,0.007
OPS-103803,2026-06-19,South East,Estates Support,0,68,68,53,15,0,0,3.0,0.867,1.0,3.6,0.77,0.779
OPS-103804,2026-06-19,South East,Workplace Projects,1192,27,1219,19,1200,0,0,8.0,0.6,0.976,2.5,0.729,0.016
OPS-103805,2026-06-19,Wales,Workplace Services,1998,34,2032,28,2004,0,0,8.0,0.6,0.984,2.5,0.726,0.014
OPS-103806,2026-06-19,Wales,Facilities Response,2103,38,2141,27,2114,0,0,8.0,0.6,0.969,2.5,0.679,0.013
OPS-103807,2026-06-19,Wales,Estates Support,1554,47,1601,30,1571,0,0,8.0,0.6,0.965,2.5,0.713,0.019
OPS-103808,2026-06-19,Wales,Workplace Projects,0,30,30,30,0,0,0,1.3,0.952,0.981,4.4,0.699,1.0
OPS-103809,2026-06-22,Scotland,Workplace Services,680,43,723,35,688,0,0,8.0,0.6,1.0,2.5,0.66,0.048
OPS-103810,2026-06-22,Scotland,Facilities Response,0,32,32,32,0,0,0,2.0,0.992,0.986,4.5,0.723,1.0
OPS-103811,2026-06-22,Scotland,Estates Support,1012,40,1052,30,1022,0,0,8.0,0.6,1.0,2.5,0.738,0.029
OPS-103812,2026-06-22,Scotland,Workplace Projects,1,24,25,25,0,0,0,1.7,0.992,0.968,4.6,0.711,1.0
OPS-103813,2026-06-22,North East,Workplace Services,4,44,48,48,0,0,0,1.1,0.961,0.996,4.4,0.744,1.0
OPS-103814,2026-06-22,North East,Facilities Response,13,29,42,42,0,0,0,1.4,0.959,0.989,4.8,0.709,1.0
OPS-103815,2026-06-22,North East,Estates Support,2538,31,2569,21,2548,0,0,8.0,0.6,0.965,2.5,0.772,0.008
OPS-103816,2026-06-22,North East,Workplace Projects,242,29,271,21,250,1,1,8.0,0.6,0.965,2.5,0.811,0.077
OPS-103817,2026-06-22,North West,Workplace Services,1160,33,1193,29,1164,0,0,8.0,0.6,0.982,2.5,0.755,0.024
OPS-103818,2026-06-22,North West,Facilities Response,2390,46,2436,23,2413,0,0,8.0,0.6,1.0,2.5,0.75,0.009
OPS-103819,2026-06-22,North West,Estates Support,2648,44,2692,23,2669,0,0,8.0,0.6,0.979,2.5,0.651,0.009
OPS-103820,2026-06-22,North West,Workplace Projects,0,22,22,22,0,0,0,1.6,0.949,0.949,4.3,0.694,1.0
OPS-103821,2026-06-22,Midlands,Workplace Services,3,48,51,41,10,0,0,2.9,0.917,0.954,4.2,0.671,0.804
OPS-103822,2026-06-22,Midlands,Facilities Response,1173,37,1210,35,1175,0,0,8.0,0.6,0.956,2.5,0.825,0.029
OPS-103823,2026-06-22,Midlands,Estates Support,946,37,983,30,953,0,0,8.0,0.6,0.968,2.5,0.814,0.031
OPS-103824,2026-06-22,Midlands,Workplace Projects,0,37,37,37,0,0,0,1.3,0.973,1.0,4.7,0.766,1.0
OPS-103825,2026-06-22,South West,Workplace Services,2215,44,2259,23,2236,0,0,8.0,0.6,0.944,2.5,0.705,0.01
OPS-103826,2026-06-22,South West,Facilities Response,2,41,43,43,0,0,0,1.7,0.968,1.0,4.6,0.653,1.0
OPS-103827,2026-06-22,South West,Estates Support,0,36,36,36,0,0,0,1.1,0.96,1.0,4.5,0.696,1.0
OPS-103828,2026-06-22,South West,Workplace Projects,0,28,28,28,0,0,0,2.0,0.925,0.966,4.6,0.812,1.0
OPS-103829,2026-06-22,South East,Workplace Services,0,67,67,47,20,2,0,3.3,0.748,0.96,4.1,0.733,0.701
OPS-103830,2026-06-22,South East,Facilities Response,3393,50,3443,20,3423,0,0,8.0,0.6,0.998,2.5,0.765,0.006
OPS-103831,2026-06-22,South East,Estates Support,15,45,60,57,3,0,0,2.2,0.969,0.988,4.1,0.77,0.95
OPS-103832,2026-06-22,South East,Workplace Projects,1200,30,1230,21,1209,0,0,8.0,0.6,0.97,2.5,0.729,0.017
OPS-103833,2026-06-22,Wales,Workplace Services,2004,48,2052,23,2029,0,0,8.0,0.6,1.0,2.5,0.726,0.011
OPS-103834,2026-06-22,Wales,Facilities Response,2114,34,2148,26,2122,0,0,8.0,0.6,0.976,2.5,0.679,0.012
OPS-103835,2026-06-22,Wales,Estates Support,1571,28,1599,29,1570,1,0,8.0,0.6,0.981,2.5,0.713,0.018
OPS-103836,2026-06-22,Wales,Workplace Projects,0,33,33,33,0,0,0,1.7,0.993,0.972,4.8,0.699,1.0
OPS-103837,2026-06-23,Scotland,Workplace Services,688,42,730,33,697,0,0,8.0,0.6,0.957,2.5,0.66,0.045
OPS-103838,2026-06-23,Scotland,Facilities Response,0,44,44,44,0,0,0,1.3,0.981,0.957,4.3,0.723,1.0
OPS-103839,2026-06-23,Scotland,Estates Support,1022,29,1051,37,1014,0,0,8.0,0.6,1.0,2.5,0.738,0.035
OPS-103840,2026-06-23,Scotland,Workplace Projects,0,29,29,29,0,0,0,1.3,0.986,0.976,4.6,0.711,1.0
OPS-103841,2026-06-23,North East,Workplace Services,0,63,63,46,17,0,0,3.1,0.876,0.957,4.2,0.744,0.73
OPS-103842,2026-06-23,North East,Facilities Response,0,38,38,38,0,0,0,1.9,0.984,0.95,4.5,0.709,1.0
OPS-103843,2026-06-23,North East,Estates Support,2548,41,2589,19,2570,0,0,8.0,0.6,0.98,2.5,0.772,0.007
OPS-103844,2026-06-23,North East,Workplace Projects,250,29,279,23,256,0,0,8.0,0.6,0.986,2.5,0.811,0.082
OPS-103845,2026-06-23,North West,Workplace Services,1164,30,1194,30,1164,0,0,8.0,0.6,0.986,2.5,0.755,0.025
OPS-103846,2026-06-23,North West,Facilities Response,2413,42,2455,25,2430,0,0,8.0,0.6,0.971,2.5,0.75,0.01
OPS-103847,2026-06-23,North West,Estates Support,2669,49,2718,23,2695,0,0,8.0,0.6,0.996,2.5,0.651,0.008
OPS-103848,2026-06-23,North West,Workplace Projects,0,43,43,42,1,0,0,2.0,0.923,1.0,5.0,0.694,0.977
OPS-103849,2026-06-23,Midlands,Workplace Services,10,45,55,44,11,0,0,2.4,0.885,0.962,4.2,0.671,0.8
OPS-103850,2026-06-23,Midlands,Facilities Response,1175,52,1227,33,1194,0,0,8.0,0.6,0.975,2.5,0.825,0.027
OPS-103851,2026-06-23,Midlands,Estates Support,953,37,990,31,959,0,0,8.0,0.6,0.964,2.5,0.814,0.031
OPS-103852,2026-06-23,Midlands,Workplace Projects,0,24,24,24,0,0,0,1.3,0.977,0.987,4.4,0.766,1.0
OPS-103853,2026-06-23,South West,Workplace Services,2236,44,2280,19,2261,0,0,8.0,0.6,0.985,2.5,0.705,0.008
OPS-103854,2026-06-23,South West,Facilities Response,0,49,49,47,2,1,0,1.6,0.978,0.983,4.7,0.653,0.959
OPS-103855,2026-06-23,South West,Estates Support,0,32,32,32,0,0,0,1.8,0.96,0.99,4.3,0.696,1.0
OPS-103856,2026-06-23,South West,Workplace Projects,0,22,22,22,0,0,0,1.7,0.964,0.976,4.7,0.812,1.0
OPS-103857,2026-06-23,South East,Workplace Services,20,46,66,57,9,0,0,2.2,0.934,0.995,4.6,0.733,0.864
OPS-103858,2026-06-23,South East,Facilities Response,3423,41,3464,19,3445,0,0,8.0,0.6,0.984,2.5,0.765,0.005
OPS-103859,2026-06-23,South East,Estates Support,3,59,62,58,4,0,0,1.9,0.953,0.97,4.6,0.77,0.935
OPS-103860,2026-06-23,South East,Workplace Projects,1209,26,1235,24,1211,0,0,8.0,0.6,1.0,2.5,0.729,0.019
OPS-103861,2026-06-23,Wales,Workplace Services,2029,31,2060,26,2034,0,0,8.0,0.6,0.994,2.5,0.726,0.013
OPS-103862,2026-06-23,Wales,Facilities Response,2122,43,2165,25,2140,0,0,8.0,0.6,0.993,2.5,0.679,0.012
OPS-103863,2026-06-23,Wales,Estates Support,1570,41,1611,25,1586,0,0,8.0,0.6,0.999,2.5,0.713,0.016
OPS-103864,2026-06-23,Wales,Workplace Projects,0,20,20,20,0,0,0,1.5,0.965,0.979,4.4,0.699,1.0
OPS-103865,2026-06-24,Scotland,Workplace Services,697,47,744,35,709,0,0,8.0,0.6,0.981,2.5,0.66,0.047
OPS-103866,2026-06-24,Scotland,Facilities Response,0,39,39,39,0,0,0,1.7,0.964,0.977,4.5,0.723,1.0
OPS-103867,2026-06-24,Scotland,Estates Support,1014,38,1052,34,1018,1,1,8.0,0.6,0.948,2.5,0.738,0.032
OPS-103868,2026-06-24,Scotland,Workplace Projects,0,19,19,19,0,0,0,1.6,0.979,0.982,4.6,0.711,1.0
OPS-103869,2026-06-24,North East,Workplace Services,17,51,68,47,21,0,0,3.3,0.844,0.956,3.9,0.744,0.691
OPS-103870,2026-06-24,North East,Facilities Response,0,34,34,34,0,0,0,1.7,0.945,0.995,4.6,0.709,1.0
OPS-103871,2026-06-24,North East,Estates Support,2570,38,2608,19,2589,0,0,8.0,0.6,0.996,2.5,0.772,0.007
OPS-103872,2026-06-24,North East,Workplace Projects,256,30,286,29,257,0,0,8.0,0.6,0.958,2.5,0.811,0.101
OPS-103873,2026-06-24,North West,Workplace Services,1164,29,1193,31,1162,0,0,8.0,0.6,0.99,2.5,0.755,0.026
OPS-103874,2026-06-24,North West,Facilities Response,2430,29,2459,26,2433,0,0,8.0,0.6,0.986,2.5,0.75,0.011
OPS-103875,2026-06-24,North West,Estates Support,2695,49,2744,22,2722,1,0,8.0,0.6,0.984,2.5,0.651,0.008
OPS-103876,2026-06-24,North West,Workplace Projects,1,21,22,22,0,0,0,1.9,1.0,0.947,4.6,0.694,1.0
OPS-103877,2026-06-24,Midlands,Workplace Services,11,46,57,44,13,0,0,2.4,0.916,1.0,4.2,0.671,0.772
OPS-103878,2026-06-24,Midlands,Facilities Response,1194,48,1242,37,1205,0,0,8.0,0.6,1.0,2.5,0.825,0.03
OPS-103879,2026-06-24,Midlands,Estates Support,959,39,998,29,969,0,0,8.0,0.6,1.0,2.5,0.814,0.029
OPS-103880,2026-06-24,Midlands,Workplace Projects,0,28,28,28,0,0,0,2.0,0.974,0.977,4.5,0.766,1.0
OPS-103881,2026-06-24,South West,Workplace Services,2261,35,2296,22,2274,0,0,8.0,0.6,1.0,2.5,0.705,0.01
OPS-103882,2026-06-24,South West,Facilities Response,2,33,35,35,0,1,0,1.9,0.905,0.988,4.4,0.653,1.0
OPS-103883,2026-06-24,South West,Estates Support,0,35,35,35,0,0,0,2.0,0.975,0.979,4.2,0.696,1.0
OPS-103884,2026-06-24,South West,Workplace Projects,0,29,29,29,0,0,0,1.1,0.956,0.987,4.5,0.812,1.0
OPS-103885,2026-06-24,South East,Workplace Services,9,47,56,56,0,0,0,1.9,0.957,0.991,4.8,0.733,1.0
OPS-103886,2026-06-24,South East,Facilities Response,3445,54,3499,25,3474,0,0,8.0,0.6,0.995,2.5,0.765,0.007
OPS-103887,2026-06-24,South East,Estates Support,4,28,32,32,0,0,0,1.5,0.971,0.946,4.6,0.77,1.0
OPS-103888,2026-06-24,South East,Workplace Projects,1211,41,1252,20,1232,0,0,8.0,0.6,0.961,2.5,0.729,0.016
OPS-103889,2026-06-24,Wales,Workplace Services,2034,37,2071,27,2044,0,0,8.0,0.6,0.985,2.5,0.726,0.013
OPS-103890,2026-06-24,Wales,Facilities Response,2140,28,2168,26,2142,0,0,8.0,0.6,0.976,2.5,0.679,0.012
OPS-103891,2026-06-24,Wales,Estates Support,1586,45,1631,28,1603,0,0,8.0,0.6,0.952,2.5,0.713,0.017
OPS-103892,2026-06-24,Wales,Workplace Projects,0,34,34,34,0,0,0,1.6,0.933,0.97,4.8,0.699,1.0
OPS-103893,2026-06-25,Scotland,Workplace Services,709,37,746,31,715,0,0,8.0,0.6,1.0,2.5,0.66,0.042
OPS-103894,2026-06-25,Scotland,Facilities Response,0,29,29,29,0,1,0,1.7,0.925,0.956,4.4,0.723,1.0
OPS-103895,2026-06-25,Scotland,Estates Support,1018,23,1041,30,1011,0,0,8.0,0.6,0.99,2.5,0.738,0.029
OPS-103896,2026-06-25,Scotland,Workplace Projects,0,26,26,26,0,0,0,2.0,0.972,0.965,4.5,0.711,1.0
OPS-103897,2026-06-25,North East,Workplace Services,21,46,67,48,19,0,0,2.9,0.838,0.945,3.7,0.744,0.716
OPS-103898,2026-06-25,North East,Facilities Response,0,33,33,33,0,0,0,1.0,0.968,0.98,4.4,0.709,1.0
OPS-103899,2026-06-25,North East,Estates Support,2589,51,2640,21,2619,0,0,8.0,0.6,0.995,2.5,0.772,0.008
OPS-103900,2026-06-25,North East,Workplace Projects,257,32,289,29,260,0,0,8.0,0.6,1.0,2.5,0.811,0.1
OPS-103901,2026-06-25,North West,Workplace Services,1162,35,1197,28,1169,0,0,8.0,0.6,0.993,2.5,0.755,0.023
OPS-103902,2026-06-25,North West,Facilities Response,2433,29,2462,25,2437,0,0,8.0,0.6,0.966,2.5,0.75,0.01
OPS-103903,2026-06-25,North West,Estates Support,2722,21,2743,19,2724,0,0,8.0,0.6,0.995,2.5,0.651,0.007
OPS-103904,2026-06-25,North West,Workplace Projects,0,24,24,24,0,0,0,1.2,0.968,0.953,4.4,0.694,1.0
OPS-103905,2026-06-25,Midlands,Workplace Services,13,41,54,46,8,0,0,2.6,0.944,1.0,4.2,0.671,0.852
OPS-103906,2026-06-25,Midlands,Facilities Response,1205,57,1262,41,1221,0,0,8.0,0.6,0.987,2.5,0.825,0.032
OPS-103907,2026-06-25,Midlands,Estates Support,969,40,1009,34,975,0,0,8.0,0.6,0.963,2.5,0.814,0.034
OPS-103908,2026-06-25,Midlands,Workplace Projects,0,30,30,30,0,0,0,1.7,0.987,1.0,4.6,0.766,1.0
OPS-103909,2026-06-25,South West,Workplace Services,2274,38,2312,20,2292,1,0,8.0,0.6,0.99,2.5,0.705,0.009
OPS-103910,2026-06-25,South West,Facilities Response,0,46,46,46,0,0,0,1.3,0.938,0.977,4.3,0.653,1.0
OPS-103911,2026-06-25,South West,Estates Support,0,55,55,45,10,0,0,2.4,0.912,0.981,4.5,0.696,0.818
OPS-103912,2026-06-25,South West,Workplace Projects,0,28,28,28,0,0,0,1.2,0.952,0.959,4.4,0.812,1.0
OPS-103913,2026-06-25,South East,Workplace Services,0,39,39,39,0,0,0,0.8,0.966,0.991,4.5,0.733,1.0
OPS-103914,2026-06-25,South East,Facilities Response,3474,51,3525,21,3504,0,0,8.0,0.6,0.982,2.5,0.765,0.006
OPS-103915,2026-06-25,South East,Estates Support,0,26,26,26,0,0,0,1.9,0.972,0.98,4.5,0.77,1.0
OPS-103916,2026-06-25,South East,Workplace Projects,1232,30,1262,18,1244,0,0,8.0,0.6,0.987,2.5,0.729,0.014
OPS-103917,2026-06-25,Wales,Workplace Services,2044,64,2108,22,2086,0,0,8.0,0.6,1.0,2.5,0.726,0.01
OPS-103918,2026-06-25,Wales,Facilities Response,2142,28,2170,26,2144,0,0,8.0,0.6,0.985,2.5,0.679,0.012
OPS-103919,2026-06-25,Wales,Estates Support,1603,56,1659,31,1628,0,0,8.0,0.6,0.973,2.5,0.713,0.019
OPS-103920,2026-06-25,Wales,Workplace Projects,0,28,28,28,0,0,0,1.9,0.943,0.995,4.4,0.699,1.0
OPS-103921,2026-06-26,Scotland,Workplace Services,715,53,768,33,735,0,0,8.0,0.6,0.99,2.5,0.66,0.043
OPS-103922,2026-06-26,Scotland,Facilities Response,0,34,34,34,0,0,0,1.2,0.927,0.984,4.7,0.723,1.0
OPS-103923,2026-06-26,Scotland,Estates Support,1011,37,1048,38,1010,0,0,8.0,0.6,0.981,2.5,0.738,0.036
OPS-103924,2026-06-26,Scotland,Workplace Projects,0,24,24,24,0,0,0,1.3,0.96,0.994,4.2,0.711,1.0
OPS-103925,2026-06-26,North East,Workplace Services,19,41,60,43,17,0,0,3.1,0.839,1.0,4.2,0.744,0.717
OPS-103926,2026-06-26,North East,Facilities Response,0,50,50,50,0,0,0,0.9,0.962,0.943,4.5,0.709,1.0
OPS-103927,2026-06-26,North East,Estates Support,2619,30,2649,22,2627,0,0,8.0,0.6,0.984,2.5,0.772,0.008
OPS-103928,2026-06-26,North East,Workplace Projects,260,16,276,24,252,0,0,8.0,0.6,0.982,2.5,0.811,0.087
OPS-103929,2026-06-26,North West,Workplace Services,1169,50,1219,34,1185,0,0,8.0,0.6,0.963,2.5,0.755,0.028
OPS-103930,2026-06-26,North West,Facilities Response,2437,41,2478,27,2451,0,0,8.0,0.6,0.975,2.5,0.75,0.011
OPS-103931,2026-06-26,North West,Estates Support,2724,53,2777,21,2756,0,0,8.0,0.6,0.968,2.5,0.651,0.008
OPS-103932,2026-06-26,North West,Workplace Projects,0,25,25,25,0,1,0,2.0,0.916,0.961,4.6,0.694,1.0
OPS-103933,2026-06-26,Midlands,Workplace Services,8,35,43,43,0,1,0,1.3,0.948,0.99,4.7,0.671,1.0
OPS-103934,2026-06-26,Midlands,Facilities Response,1221,24,1245,37,1208,0,0,8.0,0.6,0.991,2.5,0.825,0.03
OPS-103935,2026-06-26,Midlands,Estates Support,975,51,1026,33,993,0,0,8.0,0.6,0.991,2.5,0.814,0.032
OPS-103936,2026-06-26,Midlands,Workplace Projects,0,35,35,35,0,0,0,1.1,0.941,0.987,4.7,0.766,1.0
OPS-103937,2026-06-26,South West,Workplace Services,2292,46,2338,20,2318,0,0,8.0,0.6,1.0,2.5,0.705,0.009
OPS-103938,2026-06-26,South West,Facilities Response,0,62,62,53,9,0,0,2.5,0.872,0.99,4.2,0.653,0.855
OPS-103939,2026-06-26,South West,Estates Support,10,51,61,50,11,0,0,2.5,0.927,0.983,4.1,0.696,0.82
OPS-103940,2026-06-26,South West,Workplace Projects,0,34,34,34,0,0,0,1.2,0.997,0.981,4.6,0.812,1.0
OPS-103941,2026-06-26,South East,Workplace Services,0,45,45,45,0,1,0,1.7,0.946,0.978,4.3,0.733,1.0
OPS-103942,2026-06-26,South East,Facilities Response,3504,63,3567,19,3548,0,0,8.0,0.6,1.0,2.5,0.765,0.005
OPS-103943,2026-06-26,South East,Estates Support,0,36,36,36,0,0,0,1.2,0.967,0.956,4.6,0.77,1.0
OPS-103944,2026-06-26,South East,Workplace Projects,1244,44,1288,24,1264,0,0,8.0,0.6,0.969,2.5,0.729,0.019
OPS-103945,2026-06-26,Wales,Workplace Services,2086,44,2130,23,2107,0,0,8.0,0.6,0.96,2.5,0.726,0.011
OPS-103946,2026-06-26,Wales,Facilities Response,2144,38,2182,26,2156,0,0,8.0,0.6,0.944,2.5,0.679,0.012
OPS-103947,2026-06-26,Wales,Estates Support,1628,53,1681,25,1656,0,0,8.0,0.6,0.972,2.5,0.713,0.015
OPS-103948,2026-06-26,Wales,Workplace Projects,0,28,28,28,0,0,0,1.8,0.95,0.995,4.7,0.699,1.0
OPS-103949,2026-06-27,Scotland,Workplace Services,735,31,766,39,727,0,0,8.0,0.6,0.979,2.5,0.66,0.051
OPS-103950,2026-06-27,Scotland,Facilities Response,0,41,41,41,0,0,0,2.0,0.955,0.961,4.5,0.723,1.0
OPS-103951,2026-06-27,Scotland,Estates Support,1010,44,1054,29,1025,0,0,8.0,0.6,0.955,2.5,0.738,0.028
OPS-103952,2026-06-27,Scotland,Workplace Projects,0,21,21,21,0,1,0,2.6,0.962,0.988,4.5,0.711,1.0
OPS-103953,2026-06-27,North East,Workplace Services,17,40,57,48,9,0,0,2.5,0.894,0.961,4.2,0.744,0.842
OPS-103954,2026-06-27,North East,Facilities Response,0,39,39,39,0,0,0,2.0,0.985,0.988,4.4,0.709,1.0
OPS-103955,2026-06-27,North East,Estates Support,2627,34,2661,19,2642,0,0,8.0,0.6,0.988,2.5,0.772,0.007
OPS-103956,2026-06-27,North East,Workplace Projects,252,34,286,28,258,0,0,8.0,0.6,0.972,2.5,0.811,0.098
OPS-103957,2026-06-27,North West,Workplace Services,1185,17,1202,30,1172,0,0,8.0,0.6,0.983,2.5,0.755,0.025
OPS-103958,2026-06-27,North West,Facilities Response,2451,34,2485,26,2459,1,0,8.0,0.6,0.966,2.5,0.75,0.01
OPS-103959,2026-06-27,North West,Estates Support,2756,44,2800,19,2781,0,0,8.0,0.6,1.0,2.5,0.651,0.007
OPS-103960,2026-06-27,North West,Workplace Projects,0,33,33,33,0,0,0,1.5,0.969,0.962,4.5,0.694,1.0
OPS-103961,2026-06-27,Midlands,Workplace Services,0,60,60,52,8,0,0,2.4,0.928,1.0,4.5,0.671,0.867
OPS-103962,2026-06-27,Midlands,Facilities Response,1208,47,1255,39,1216,0,0,8.0,0.6,0.979,2.5,0.825,0.031
OPS-103963,2026-06-27,Midlands,Estates Support,993,31,1024,37,987,1,0,8.0,0.6,0.984,2.5,0.814,0.036
OPS-103964,2026-06-27,Midlands,Workplace Projects,0,43,43,39,4,0,0,1.8,0.978,1.0,4.3,0.766,0.907
OPS-103965,2026-06-27,South West,Workplace Services,2318,28,2346,24,2322,0,0,8.0,0.6,0.973,2.5,0.705,0.01
OPS-103966,2026-06-27,South West,Facilities Response,9,34,43,43,0,0,0,1.2,0.974,0.986,4.6,0.653,1.0
OPS-103967,2026-06-27,South West,Estates Support,11,53,64,59,5,0,0,2.3,0.906,0.978,4.3,0.696,0.922
OPS-103968,2026-06-27,South West,Workplace Projects,0,22,22,22,0,0,0,1.2,0.95,0.977,4.7,0.812,1.0
OPS-103969,2026-06-27,South East,Workplace Services,0,41,41,41,0,0,0,1.2,0.999,0.993,4.3,0.733,1.0
OPS-103970,2026-06-27,South East,Facilities Response,3548,85,3633,23,3610,0,0,8.0,0.6,0.987,2.5,0.765,0.006
OPS-103971,2026-06-27,South East,Estates Support,0,31,31,31,0,0,0,1.4,0.926,0.98,4.4,0.77,1.0
OPS-103972,2026-06-27,South East,Workplace Projects,1264,28,1292,23,1269,0,0,8.0,0.6,0.97,2.5,0.729,0.018
OPS-103973,2026-06-27,Wales,Workplace Services,2107,38,2145,22,2123,0,0,8.0,0.6,0.994,2.5,0.726,0.01
OPS-103974,2026-06-27,Wales,Facilities Response,2156,33,2189,31,2158,0,0,8.0,0.6,0.974,2.5,0.679,0.014
OPS-103975,2026-06-27,Wales,Estates Support,1656,42,1698,24,1674,0,0,8.0,0.6,0.991,2.5,0.713,0.014
OPS-103976,2026-06-27,Wales,Workplace Projects,0,36,36,36,0,0,0,0.7,0.977,1.0,4.6,0.699,1.0
OPS-103977,2026-06-29,Scotland,Workplace Services,727,47,774,34,740,0,0,8.0,0.6,0.981,2.5,0.66,0.044
OPS-103978,2026-06-29,Scotland,Facilities Response,0,50,50,49,1,0,0,1.6,0.957,0.987,4.5,0.723,0.98
OPS-103979,2026-06-29,Scotland,Estates Support,1025,56,1081,29,1052,0,0,8.0,0.6,0.979,2.5,0.738,0.027
OPS-103980,2026-06-29,Scotland,Workplace Projects,0,33,33,33,0,1,0,1.7,0.946,0.982,4.6,0.711,1.0
OPS-103981,2026-06-29,North East,Workplace Services,9,58,67,51,16,0,0,2.4,0.851,0.998,3.8,0.744,0.761
OPS-103982,2026-06-29,North East,Facilities Response,0,27,27,27,0,0,0,1.3,0.985,0.993,4.5,0.709,1.0
OPS-103983,2026-06-29,North East,Estates Support,2642,56,2698,22,2676,0,0,8.0,0.6,0.969,2.5,0.772,0.008
OPS-103984,2026-06-29,North East,Workplace Projects,258,32,290,22,268,0,0,8.0,0.6,0.984,2.5,0.811,0.076
OPS-103985,2026-06-29,North West,Workplace Services,1172,37,1209,33,1176,1,0,8.0,0.6,0.995,2.5,0.755,0.027
OPS-103986,2026-06-29,North West,Facilities Response,2459,49,2508,27,2481,0,0,8.0,0.6,0.976,2.5,0.75,0.011
OPS-103987,2026-06-29,North West,Estates Support,2781,69,2850,22,2828,0,0,8.0,0.6,1.0,2.5,0.651,0.008
OPS-103988,2026-06-29,North West,Workplace Projects,0,21,21,21,0,1,0,1.5,0.996,0.985,4.7,0.694,1.0
OPS-103989,2026-06-29,Midlands,Workplace Services,8,33,41,41,0,0,0,1.1,0.902,0.977,4.6,0.671,1.0
OPS-103990,2026-06-29,Midlands,Facilities Response,1216,40,1256,40,1216,0,0,8.0,0.6,0.959,2.5,0.825,0.032
OPS-103991,2026-06-29,Midlands,Estates Support,987,40,1027,37,990,1,0,8.0,0.6,0.959,2.5,0.814,0.036
OPS-103992,2026-06-29,Midlands,Workplace Projects,4,24,28,28,0,0,0,0.9,0.983,0.999,4.5,0.766,1.0
OPS-103993,2026-06-29,South West,Workplace Services,2322,40,2362,23,2339,0,0,8.0,0.6,0.995,2.5,0.705,0.01
OPS-103994,2026-06-29,South West,Facilities Response,0,59,59,48,11,0,0,2.6,0.916,1.0,3.8,0.653,0.814
OPS-103995,2026-06-29,South West,Estates Support,5,48,53,50,3,0,0,1.7,0.947,0.976,4.4,0.696,0.943
OPS-103996,2026-06-29,South West,Workplace Projects,0,29,29,29,0,0,0,0.9,0.978,0.986,4.6,0.812,1.0
OPS-103997,2026-06-29,South East,Workplace Services,0,48,48,48,0,1,0,1.8,0.982,0.993,4.4,0.733,1.0
OPS-103998,2026-06-29,South East,Facilities Response,3610,40,3650,24,3626,2,0,8.0,0.6,0.985,2.5,0.765,0.007
OPS-103999,2026-06-29,South East,Estates Support,0,21,21,21,0,0,0,1.2,1.0,0.972,4.4,0.77,1.0
OPS-104000,2026-06-29,South East,Workplace Projects,1269,33,1302,21,1281,0,0,8.0,0.6,0.973,2.5,0.729,0.016
OPS-104001,2026-06-29,Wales,Workplace Services,2123,35,2158,27,2131,0,0,8.0,0.6,0.97,2.5,0.726,0.013
OPS-104002,2026-06-29,Wales,Facilities Response,2158,35,2193,25,2168,0,0,8.0,0.6,0.986,2.5,0.679,0.011
OPS-104003,2026-06-29,Wales,Estates Support,1674,38,1712,24,1688,0,0,8.0,0.6,0.977,2.5,0.713,0.014
OPS-104004,2026-06-29,Wales,Workplace Projects,0,25,25,25,0,0,0,1.4,0.946,0.97,4.6,0.699,1.0
OPS-104005,2026-06-30,Scotland,Workplace Services,740,29,769,32,737,0,0,8.0,0.6,1.0,2.5,0.66,0.042
OPS-104006,2026-06-30,Scotland,Facilities Response,1,49,50,47,3,0,0,2.1,0.969,1.0,4.4,0.723,0.94
OPS-104007,2026-06-30,Scotland,Estates Support,1052,37,1089,34,1055,1,1,8.0,0.6,0.971,2.5,0.738,0.031
OPS-104008,2026-06-30,Scotland,Workplace Projects,0,31,31,31,0,0,0,1.7,0.944,0.958,4.9,0.711,1.0
OPS-104009,2026-06-30,North East,Workplace Services,16,26,42,42,0,0,0,1.6,1.0,0.987,4.8,0.744,1.0
OPS-104010,2026-06-30,North East,Facilities Response,0,47,47,45,2,0,0,1.0,1.0,1.0,4.5,0.709,0.957
OPS-104011,2026-06-30,North East,Estates Support,2676,39,2715,19,2696,0,0,8.0,0.6,0.986,2.5,0.772,0.007
OPS-104012,2026-06-30,North East,Workplace Projects,268,35,303,25,278,0,0,8.0,0.6,0.952,2.5,0.811,0.083
OPS-104013,2026-06-30,North West,Workplace Services,1176,40,1216,37,1179,0,0,8.0,0.6,0.996,2.5,0.755,0.03
OPS-104014,2026-06-30,North West,Facilities Response,2481,46,2527,27,2500,0,0,8.0,0.6,0.98,2.5,0.75,0.011
OPS-104015,2026-06-30,North West,Estates Support,2828,55,2883,18,2865,1,1,8.0,0.6,0.924,2.5,0.651,0.006
OPS-104016,2026-06-30,North West,Workplace Projects,0,27,27,27,0,0,0,1.4,0.941,0.965,4.7,0.694,1.0
OPS-104017,2026-06-30,Midlands,Workplace Services,0,51,51,43,8,0,0,2.3,0.912,0.96,4.5,0.671,0.843
OPS-104018,2026-06-30,Midlands,Facilities Response,1216,46,1262,31,1231,0,0,8.0,0.6,0.986,2.5,0.825,0.025
OPS-104019,2026-06-30,Midlands,Estates Support,990,52,1042,31,1011,1,0,8.0,0.6,0.97,2.5,0.814,0.03
OPS-104020,2026-06-30,Midlands,Workplace Projects,0,32,32,32,0,1,0,1.5,0.932,0.974,4.4,0.766,1.0
OPS-104021,2026-06-30,South West,Workplace Services,2339,32,2371,18,2353,0,0,8.0,0.6,1.0,2.5,0.705,0.008
OPS-104022,2026-06-30,South West,Facilities Response,11,38,49,49,0,1,0,1.6,0.92,0.93,4.8,0.653,1.0
OPS-104023,2026-06-30,South West,Estates Support,3,38,41,41,0,0,0,1.2,0.994,0.963,4.5,0.696,1.0
OPS-104024,2026-06-30,South West,Workplace Projects,0,27,27,27,0,0,0,1.2,0.964,0.996,4.9,0.812,1.0
OPS-104025,2026-06-30,South East,Workplace Services,0,33,33,33,0,1,0,0.9,0.934,0.986,4.7,0.733,1.0
OPS-104026,2026-06-30,South East,Facilities Response,3626,39,3665,26,3639,0,0,8.0,0.6,0.968,2.5,0.765,0.007
OPS-104027,2026-06-30,South East,Estates Support,0,44,44,44,0,0,0,1.7,0.989,0.955,4.6,0.77,1.0
OPS-104028,2026-06-30,South East,Workplace Projects,1281,40,1321,25,1296,0,0,8.0,0.6,0.956,2.5,0.729,0.019
OPS-104029,2026-06-30,Wales,Workplace Services,2131,41,2172,24,2148,0,0,8.0,0.6,0.987,2.5,0.726,0.011
OPS-104030,2026-06-30,Wales,Facilities Response,2168,29,2197,25,2172,0,0,8.0,0.6,0.987,2.5,0.679,0.011
OPS-104031,2026-06-30,Wales,Estates Support,1688,35,1723,25,1698,0,0,8.0,0.6,0.965,2.5,0.713,0.015
OPS-104032,2026-06-30,Wales,Workplace Projects,0,29,29,29,0,0,0,1.7,0.949,1.0,4.4,0.699,1.0
